Emotion,Text
sadness,ඒක තියෙනවා මගේ යාළුවෙක්ගෙන් මට ආරංචි වුණා එයා ළඟදී බර වැඩි වුණා එයා දැනගෙන හිටියේ නැහැ ඒ මම කියලා
surprise,තවදුරටත් කිසිදු අත්අඩංගුවට ගැනීමක් නැහැ මට දුකයි
sadness,අම්මෝ ඊයේ මාව වෑන් එකෙන් විසි කරලා එර් එකට අරන් යන්න සිද්ධ වුණා
worry,මම මුදල් ආපසු ගෙවන්නේ නැහැ නමුත් ඔවුන් ගිණුම් නැවත ලබා ගන්නවා සොරා හැක් කරන්නේ නැහැ කියලා බලාපොරොත්තු වෙනවා නැත්නම් ඒක ස්ථිරයි
worry,මගේ වළලුකර උළුක්කු වුණා ඇත්තටම හොඳටම වගේ බඩු ටිකක් ඉරා දැම්මා ඒක රිදෙනවා අද මගේ උපන්දින සති අන්තය
neutral,ආත්මාර්ථකාමීයි අන්තිමට බබා තමයි දුක් විඳින්නේ
neutral,මට සමාවෙන්න මට එරිකා පස්සෙන් එන්න දෙන්නෙ නෑ
sadness,තවමත් බැටළු පැටවෙකු නොමැති වීම කණගාටුවට කරුණක්
worry,වැඩ කරන දවස
sadness,ඔව් ඒකෙ භයානක කොකාටූස් තමයි ජීවත් වෙන්න අමාරුම දේ ඒක හරිම හැඟීම්බර හොඳ දෙයක් එයා ඔයාව හොයාගත්තා
neutral,මට මෑතකදී බර වැඩි වෙලා ටොන් එකක් වැඩි වෙලා කියලා මගේ යාළුවෙක්ගෙන් ඒක ඇහුණා එයා දැනගෙන හිටියේ නෑ ඒ මම කියලා
hate,ටේලර් ස්විෆ්ට් සහ ජෝ ජොනාස් හොඳටම එකට පෙනුනා එයාලා වෙන් වුණාට පස්සේ මට දුකයි
hate,හොඳයි ඒක හොඳ දවසක් වගේ මම හෙට ආයෙත් උත්සාහ කරනවා
sadness,මොකද වෙන්නෙ පැටියෝ
sadness,ෂින් ඒ විවාහ වුණු එක ගැන දුකයි ඇලෙක්ස්ට නෙවෙයි
worry,ගෙදර තනියම කරන්න වැඩි දෙයක් නැහැ
empty,මම ආපහු ගෙදර යන නිසා කේක් කෑල්ල අමතක වුනාට
worry,අද ඉඳන් සංචාරකයින් සඳහා එපිසෙන්ටර් වීලොක් ස්ථාන ඒකක ඇම්ප්
sadness,ඔයා ඔයාගේ වැඩ ඔක්කොම ඉවර කරලා තව පැය ගණනක් වැඩ කරන වෙලාව ඉතුරු වෙලා තියෙද්දි ඔයා ඒකට කැමති නැද්ද
worry,මම හිතන්නේ ඒක සිසිල් වෙලා කියලා හහ් ඒක මෙතන නැහැ තාත්තයි තාත්තයි දවල් ඉඳන් දහවල් ඉඳන් මම දහඩිය දානවා නවත්තලා නැහැ මම බඩු පැක් කර කර හිටියා
worry,මගේ ඔළුව හොඳටම රිදෙනවා මට කෑ ගහන්න පුළුවන්
worry,ආව් ඔයාට රහස ගැන මට කියන්න බෑ
hate,නින්දට ගියා ඒත් ලොකු භීතිකාවක් නිසා ඇඳෙන් නැගිට්ටා දැන් මට නිදාගන්න පුළුවන්ද කියලා මට විශ්වාස නෑ
neutral,ඒක නම් කරන්න බෑ
sadness,නෑ නයිට් ඒක පැය ගණනක් ගෙවිලා ගිහින් තියෙනවා
sadness,අම්මෝ ඊයේ මාව වෑන් එකෙන් විසි කරලා එර් එකට අරන් යන්න සිද්ධ වුණා
neutral,මට කේක් කෑල්ල අමතක වුණු නිසා ආපහු ගෙදර යනවා
neutral,හිටින්න ආවේ උදේ පාන්දර අන්තිම පරිච්ඡේදය කියවන්න කැමති නැති නිසා ඒක ඉවර වෙන්න මට ඕන නෑ
sadness,ඔව් සුෂි කන්න පිනොචියෝස් වලට යන්න ටිකක් දුර වැඩියි
neutral,මම නිදාගන්න කියලා හිතාගෙන ඉන්නවා
surprise,මට නිදාගන්න ඕනේ නමුත් මට මහන්සිත් නැහැ
sadness,මට මගේ බලු පැටියා නැතුව පාලුයි
neutral,අද චිකිත්සාවෙන් මහන්සි වෙලා බෙහෙත් බිව්වේ නැත්නම් උපන් දවසේ උදේට සතුටුයි මිෂු ආදරෙයි ඔයා
sadness,කමක් නෑ
sadness,මට ඔයාව හැමදාම ඕන කියලා ඔයා කොහොමද ඒත්තු ගන්නේ මම හැමදාම දුන්න සංඥා මොනවද කියලා මම හිතන්නේ මට තව යාළුවෙක් නැති වුණා කියලා
sadness,මම වෛර කරනවා පිළිකාව මට වෛර කරනවා මට වෛර කරනවා මට වෛර කරනවා
sadness,නෑ නයිට් ඒක පැය ගණනක් ගෙවිලා ගිහින් තියෙනවා
worry,සහ ඔවුන්ගේ පළමු හැඟීම් මාරු කරන සියලුම කාන්තාවන් ලිංගිකත්වය අඩු තර්ජනාත්මක මිනිසෙකු කෙරෙහි මාතෘත්වය ඔහු තරම්ම දුර්වලයි
worry,මට සමාවෙන්න මම හිතන්නේ නැහැ මම අඩුම තරමේ කා එක්කවත් සසඳන විට
neutral,ලෝහ ආම්පන්න ඝන ගීතය සොරකම් කළා කියලා මට විශ්වාස කරන්න බැහැ මම ගොඩක් කලකිරුණා
hate,හෙට එයාව නැචෝස් කරන්නම් එයා ඒවා හැදුවට වඩා හොඳයි
surprise,මම ගිටාර් වලට ආදරෙයි ඒවා වාදනය කරනවා මම හිතන්නේ ඒවා විශිෂ්ට ලෙස ශබ්ද කරනවා මම වඩා හොඳ නම් පමණි
neutral,අනේ ඒක නවත්තන්න යාලුවනේ
worry,නැත්නම් මාස ගානක් ගෙදර පූසන්ව හෝදන්නේ නෑ උන්ට වතුර එපා වෙනවා
happiness,ඒක නම් හරිම කරදරයක්
enthusiasm,ගැබිනි කාන්තාවන් දුම්පානය කරනවා දකිනකොට මට ඒක හරිම අසාධාරණයි
sadness,මට ගිටාර් ගොඩක් ආසයි ඒවා වාදනය කරන්නත් ඒවා සුපිරියටම ඇහෙනවා කියලා මම හිතනවා මම හොඳ නම් විතරයි
love,නෑ මම අඬන්නේ නැහැ
worry,ඔයා කවදාවත් ඔයාගේ ඩීඑම් එකට උත්තර දුන්නේ නෑ මම ඔයාට තොරතුරු එව්වා
sadness,එයා මැරුණා ඉන්න මැජික් ජැක් ගැන මොකද මම ඒක කියෙව්වා
neutral,මම ගිටාර් වලට ආදරෙයි ඒවා වාදනය කරනවා මම හිතන්නේ ඒවා විශිෂ්ට ලෙස ශබ්ද කරනවා මම වඩා හොඳ නම් පමණක් නම්
neutral,ගුවන් ටිකට්පත් මෙච්චර මිල අධික ඇයි
enthusiasm,ගැබිනි කාන්තාවන් දුම්පානය කරනවා දකිනකොට මට වෛරයි ඒක හරිම වගකීම් විරහිතයි ආත්මාර්ථකාමීයි අවසානයේ බබා තමයි දුක් විඳින්නේ
worry,මගේ යාළුවෙක්ගෙන් ඒක ඇහිලා තියෙනවා මෑතකදී මම බර වැඩි වුණා එයා දැනගෙන හිටියේ නැහැ
fun,ගැබිනි කාන්තාවන් දුම්පානය කරනවා දකිනකොට මට ඒක හරිම වගකීම් විරහිතයි ආත්මාර්ථකාමීයි ඒක තමයි අන්තිමේදී බබා තමයි දුක් විඳින්නේ
sadness,ට්විටාස්කෝප් එක මගේ මේස් දැනටමත් හොල්ලන්නේ නැහැ
happiness,ක්වයි නයිට් පැය ගානක් ගියා
enthusiasm,මම තාම ජිම් එකේ වැඩ කරනවා
neutral,මම දේවල් යන්න කැමතියි ගිය ගිම්හානයේ ආරම්භය වෙනකම්ම වගේ
worry,තව පැයක් නිදාගන්න ඕනේ
worry,මම අද රෑ තමයි සමලිංගිකයින්ට හැදුවේ
neutral,මට ඉක්මනින් නිදාගන්න ඕනේ
neutral,මගේ දත් සහ හිස රිදෙනවා
fun,මට නිදාගන්න ඕනේ නමුත් මට මහන්සිත් නැහැ
sadness,ඇත්තටම නිදිමත නෑ කම්මැලියි කියන එක තමයි හරි වචනේ වැඩිය වැඩ නෑ
enthusiasm,දැන් මට කිසිම දෙයක් කරන්න බෑ
sadness,ඩීසල් යාරිස් එම්පීජී දුකයි ඒක ඇමරිකාවේ නැහැ ඒක නියමයි
sadness,මම හිතන්නේ සර් එකේ ඒක සිසිල් වෙලා කියලා හහ් ඒක මෙතන නැහැ තාත්තයි මමයි බඩු ගන්නකොට දවල් ඉඳන් මම දාඩිය දානවා නවත්තලා නැහැ
sadness,ඔයා දිනුම් රකීම් සුසුම් හෙළනවා
worry,මගේ ඔළුව හොඳටම රිදෙනවා මට කෑ ගහන්න පුළුවන්
sadness,ගෑණු ළමයෙක් දැන් මගේ සිතුවිලි වල ඉන්නවා
hate,මම ඔට්ටු අල්ලනවා ඒක මෙතන නැහැ
hate,සර් එකේ සීතලයි කියලා මම ඔට්ටු අල්ලනවා හහ් ඒක මෙතන නැහැ තාත්තයි මමයි බෑග් පැක් කරනකොට දවල් ඉඳන් මම දාඩිය දානවා නවත්තලා නැහැ
sadness,පසුගිය ගිම්හානයේ ආරම්භය තිබුණු ආකාරයට දේවල් නැවත යන්න මම කැමතියි
worry,ආපසු මුදල් නැහැ නමුත් ඔවුන් ගිණුම් ලබා ගන්නවා සතියක් වගේ ගත වෙනවා සොරා හැක් කරන්නේ නැහැ කියලා බලාපොරොත්තු වෙනවා නැත්නම් ඒක ස්ථිරයි
surprise,ඒක මම කියලා එයා දැනගෙන හිටියේ නැහැ
love,ට්විටාස්කෝප් මගේ මේස් රොක් කරන්නේ නැහැ දැනටමත්
worry,මම ගිටාර් වලට ආදරෙයි ඒවා වාදනය කරනවා මම හිතන්නේ ඒවා විශිෂ්ටයි කියලා මම හිතනවා මම හොඳ නම් විතරයි
neutral,ඒක මාව අවුස්සනවා එරිකාට පස්සෙන් එන්න දෙන්නේ නැහැ
surprise,මගේ ට්විටර් එක ආයෙත් හැක් කරලා
hate,කවුරුත් ඒක අල්ලගත්තා කියලා හිතුවේ නැහැ
neutral,නෑ ඒ හැමෝම නිදාගෙන ඉන්නේ මොකද එයාලා නැගෙනහිර වෙරළ තීරයේ ජීවත් වෙන්නේ
neutral,අවසානයේ බබා තමයි දුක් විඳින්නේ
sadness,මම නිදාගන්න ඕනේ නමුත් මම මට ඕන පරණ යාළුවෙක් ගැන හිතන්නේ නැහැ නමුත් එයා දැන් විවාහ වෙලා එයාට මාව ඕන අපකීර්තියට පත් කරන්න ඕන
sadness,නෑ ඒ හැමෝම නිදාගෙන ඉන්නේ මොකද එයාලා නැගෙනහිර වෙරළ තීරයේ ජීවත් වෙන්නේ
worry,කෙල්ලෙක් දැන් මගේ සිතුවිලි වල හරිම මොට කෙනෙක් දැන් මට ආතතිකාරක කිහිපයක් එක්ක නියම දවසක් ගත කළා ගෙදර එන්න
surprise,ඒක හොඳයි
empty,ඇඳ ඒක හෙට ඉස්කෝලෙ යන්න බලාපොරොත්තු වෙනවා ඒත් දැන් මට එච්චර සනීපයක් නෑ
sadness,මම දැන් තමයි පටන් ගත්තේ
neutral,ශක්තිමත් හැකිලීම් දැනෙනවා නමුත් එළියට යන්න ඕන
neutral,මට සමාවෙන්න මට එරිකා පස්සෙන් එන්න දෙන්නෙ නෑ
neutral,ඒ නිසා ඔයාට නටන්න පුළුවන් කියලා හිතනවා
worry,මගේ ශුභවාදී දේවල් අපි හැමෝටම හොඳ වෙයි කියලා අහන්න ලැබීම ගැන මට කණගාටුයි
neutral,මම දවස් ගානක් ටෝච්වුඩ් බලන්න ලෑස්තියි එයාලා මොනවා හරි ඇහුවද කියලා බලන්න
worry,ගෙදර යන්න ඕන
sadness,හරි මගීන් කවුරුත් ජීවතුන් අතර නැහැ ඒ හැමෝම මැරිලා ඔයා ඒක දන්නේ නැහැ අන්තිම වෙනකම් ඔයා අඬනවා
surprise,ඇඳේ වැතිර ඉන්නවා
love,හහහා අනිත් අය මට ගායනා කළොත් ඒක භයානක නැහැ ඒක වැඩ කරන්න පුළුවන් කියලා මට විශ්වාසයි
happiness,හිලින් එක්ක කාමරේ ඉන්න අයට සොම්බි ක්ලවුන් සීආර් එනකම් ඉන්න බෑ සති ගානක් යයි
surprise,ඒක මාව අවුස්සනවා මට එරිකා පසුපස යන්න දෙන්නේ නැහැ
neutral,ඊයේ රෑ අන්තර්ජාලය තිබුණේ නැහැ ළඟපාත ගෑස් වැඩ කරන තැනක දැවැන්ත පිපිරීමක් සිදු වුණා ස්ටෑන්ඩ්බයි එකේ
worry,මෙන්න මගේ ශුභවාදී බව අහන්න ලැබීම ගැන මට කණගාටුයි
neutral,එපිසෙන්ටර් වීලොක් ප්ලේස් සංචාරකයින්ට පමණයි
worry,පවර්පොයින්ට් එකක වැඩ කරන්න හැදුවත් ඵලක් වුණේ නැහැ
sadness,මට එයාගේ කොණ්ඩේ හැමෝම කොහොමද කියලා බලන්න ඕනේ
neutral,ඒක පැය ගණනක් තිස්සේ හොඳටම ඇති
worry,සමහර වෙලාවට මට හිතෙනවා පසුගිය ගිම්හානයේ ආරම්භය වගේ දේවල් ආයෙත් ගියොත් හොඳයි කියලා
hate,නෑ ඒගොල්ලෝ හැමෝම නිදාගෙන ඉන්නේ මොකද එයාලා නැගෙනහිර වෙරළේ ජීවත් වෙන්නේ
worry,රිප් ලියනාඩෝ ඔයා නියම කුඩා ෆිඩ්ලර් කකුළුවෙක්
worry,ම්ම් ඔව් ඒක මටම හොඳ සටහනක් වෙන්න ඇති මොකද ඊඊ මම එතන හිටියා නම් කියලා හිතෙනවා
empty,අද ඉඳන් විතරයි
sadness,මම මගේ වයස පෙන්වමින් අලුත් කළා මගේ ටැග් ගිය සතියේ වැටුණා මගේ රක්ෂණ අලුත් කිරීමේ ඊමේල් එක අද වැටුණා මට වයසට යන්න ඕන නැහැ
hate,ටේලර් ස්විෆ්ට් සහ ජෝ ජොනාස් හොඳටම එකට පෙනුනා එයාලා වෙන් වුණාට පස්සේ මට දුකයි
neutral,ඒක නම් කරන්න බෑ
worry,අනේ කමක් නෑ මට හිතෙන්නේ මේක ගොඩ ගන්න බෑ කියලා
sadness,පළමු කොටසේ නියමුවා හරහා යන්න උත්සාහ කරනවා
neutral,නයිට් එන්න පැය ගානක් ගියා
worry,අනේ කෙල්ලේ මම ගොඩක් කලකිරිලා ඉන්නවා ඒත් මට කියන්න ඕනේ මට මගේ කට්ටලය එකට ගන්න පුළුවන් වෙන්න ඊළඟ සති අන්තයේ මට ෆ්ලයර් එකක් ලැබුණා
neutral,මම අද රෑ විතරයි හැදුවේ
worry,ගර්භනී කාන්තාවන් දුම්පානය කරනවා දකින විට මට වෛර කරනවා ඒක හරිම වගකීම් විරහිතයි ආත්මාර්ථකාමීයි
worry,අද හවස වැඩ තියෙනවා
sadness,අනේ කමක් නැහැ මම හිතන්නේ මේක බේරගන්න බෑ
worry,නයිට් නයිට් එය පැය ගණනක් ගත වී ඇත
surprise,මියාවේ හෝ වොට් වල මගේ හොඳම මිතුරන් කොහෙද
worry,ගෙදරට ආපහු යන එක මොකද මට කේක් කෑල්ල අමතක වුණා
worry,අනේ ඔයාට රහස ගැන මට කියන්න බැහැ
neutral,නාන්න යන්න
neutral,ක්ලෙයාර් ලව් ෂෝ එක ඔෆිස් එකට ආවා උදේට රේඩියෝ එකක් නෑ
sadness,මට ඇත්තටම ගනුදෙනු කරන්න ඕන නෑ
surprise,මම දකින විට මට වෛර කරනවා ගැබිනි කාන්තාවන් දුම්පානය කරනවා ඒක හරිම වගකීම් විරහිතයි ආත්මාර්ථකාමීයි ඒක තමයි අන්තිමේදී බබා දුක් විඳින කෙනා
worry,තාමත් එයාගේ මහත්තයා නැති වෙනවා මට එයාව ගෙදර ඕන
enthusiasm,මගේ ශුභවාදී බව අසා මට කණගාටුයි
neutral,ඊළඟට රෑට ඔයාව දැක්කේ නෑ
hate,මම යනවා
neutral,ආපහු නිදිමත නැහැ ආයෙත් වැඩ වැඩියි
worry,ගෙදරට ආපහු යන එක මොකද මට කේක් කෑල්ල අමතක වුණා
sadness,සුසුම්ලමින් මම නිදාගන්න යනවා මට දැන් හරියන්නේ නැහැ
worry,හොඳයි
boredom,අනුමාන කරන්න බෑ කෙල්ලේ මම තාමත් ජිම් එකේ ඉන්නවා උදේ පාන්දර වැඩ කරනවා
worry,මගේ වළලුකර උළුක්කු වුණා ඇත්තටම හොඳටම වගේ බඩු ටිකක් ඉරා දැම්මා ඒක රිදෙනවා අද මගේ උපන්දින සති අන්තය
surprise,කාමරකාරයෝ එක්ක චිලින්ගේ වැඩ කරන දවස සොම්බි ක්ලවුන් එනකම් ඉන්න බෑ සති ගානක් යනවා
enthusiasm,මගේ ශුභවාදී බව අසා මට කණගාටුයි
love,මම ටැකෝසෝන් ස්ථානයට ගොඩක් පරක්කු වුණා
sadness,නිදන කාමරේ ගෘහ භාණ්ඩ ඔක්කොම තීන්ත ගාලා ඉවරයි මට තාම මේසය හදන්න වෙනවා නමුත් ඒක මාරුවෙන් පස්සේ වෙයි හ්ම්ම් රස්නෙට යනවා
happiness,ක්වයි නයිට් පැය ගානක් ගියා
neutral,ආපහු නිදිමත නැහැ ආයෙත් වැඩ වැඩියි
hate,මට කේක් කෑල්ල අමතක වෙලා නිසා ගෙදර එන්න
relief,ඔයාට බොරු කියන්න බෑ හැම දෙයක්ම ගැන බොරු කියන්න බෑ
love,අනේ නයිට් දැන් පැයකට වඩා වැඩියි
neutral,ඔව් මට හොඳටම නින්ද ගිහින් නැති නිසා මම අම්මාව ඇහැරෙව්වා මොකද මම ගායනා කරමින් හිටියා ඇය ඔයා ගැන පැහැදීමක් නෑ
enthusiasm,ගැබිනි කාන්තාවන් දුම්පානය කරනවා දකිනකොට මට ඒක හරිම අසාධාරණයි
worry,ඔයාට රහස කියන්න බෑ
worry,තවදුරටත් කිසිදු අත්අඩංගුවට ගැනීමක් නැහැ මට දුකයි
worry,මෙන්න මගේ ශුභවාදී දේවල් අපි හැමෝටම හොඳ වේවි කියලා අහන්න ලැබීම ගැන මට කණගාටුයි
sadness,අම්මෝ ඊයේ මාව වෑන් එකෙන් විසි කරලා එර් එකට අරන් යන්න සිද්ධ වුණා
enthusiasm,මට ගේම් එක මග හැරුණා
sadness,කේක් කෑල්ල අමතක වෙලා නිසා ගෙදර ආපහු යනවා
surprise,ඒක මාව අවුස්සනවා මට එරිකා පසුපස යන්න දෙන්නේ නැහැ
hate,ඇත්තටම නිදිමත නැහැ කම්මැලියි කියන එක තමයි හරි වචනය
hate,මගේ අම්මලා මට ඡන්දය දීම නවත්තලා දිනන්නේ නැති එක ගැන දැනෙන හැඟීම ඇති කරන්න හදනවා මම ඇඬුවා වගේ
worry,මම ටැකෝසෝන් තැනට ගොඩක් පරක්කු වෙලා හිටියා
neutral,ඒ නිසා ඔයාට නටන්න පුළුවන් කියලා හිතනවා
worry,නෑ ඒගොල්ලෝ ඔක්කොම නිදි මොකද එයාලා නැගෙනහිර වෙරළේ ජීවත් වෙන්නේ
worry,තාමත් ඒකට බැටළු පැටවෙක් නැති එක කණගාටුවට කරුණක්
worry,ආහ් නයිට් ඒක පැය ගණනක් ගත වෙලා තියෙනවා
worry,කෙල්ලෙක් දැන් මගේ සිතුවිලි වල හරිම මොට කෙනෙක් දැන් මට ආතතිකාරක කිහිපයක් එක්ක නියම දවසක් ගත කළා ගෙදර එන්න
sadness,කවුද දන්නේ නෑ
neutral,ඇඳේ වැතිර ඉන්නවා ෆාආ අඩුම තරමේ මම කලින් වගේ පෙනුනත් එක්ක සසඳනකොට
boredom,මම ඒක විවෘත කළාම මේ වෙබ් අඩවිය මට වෛරසයක් දුන්නා තවත් කවුළු මතු වෙනවා
hate,අනේ අද මම එච්චර ට්වීට් කළේ නැහැ
worry,මගේ එකම සහායකයා මගේ එකම සහායකයා නොවේ
worry,මට මෑතකදී ටොන් එකක් බර වැඩි වුණා කියලා මගේ අවධානයට ලක් වෙලා තියෙනවා එයා දැනගෙන හිටියේ නැහැ ඒ මම කියලා
hate,ම්ම් ඔව් ඒක මටම හොඳ සටහනක් වෙන්න ඇති මොකද ඊඊ සහකරු
sadness,ගැහැණු ළමයෙක් දැන් මගේ සිතුවිලි වල හරිම ලස්සනයි මට දැන් ෆේෂල් එකක් එක්ක නියම දවසක් ගත කරන්න පුළුවන් වුණා
worry,ට්විටාස්කෝප් එක මගේ මේස් දැනටමත් රොක් වෙලා නැහැ
surprise,සමලිංගිකයන් සඳහා මම අද රෑ විතරයි හැදුවේ
worry,හොඳයි උදේ මිනිස්සු හිරු එළිය වැටෙනවා වසන්තයේ දැන් අපිට අපේ පළමු වසන්ත හිම කැට කුණාටුව ආවා මගේ කාර් එකට දැන් ඩිම්පල් තියෙනවා
neutral,ඔහ් ගිගුරුම් සහිත වැස්සක් ඇයි එයාලා හැම විටම විදුලිය විසන්ධි කරන්න ඕනේ
worry,ස්තූතියි නීමා මම ඔයාට ගොඩක් ළඟයි තාමත් අසනීපෙන් ඉන්නේ
worry,අද ඉඳන් සංචාරකයින් සඳහා එපිසෙන්ටර් වීලොක් ස්ථාන ඒකක ඇම්ප්
neutral,ක්ලෙයාර් ලව් ෂෝ එක ඔෆිස් එකට ආවා උදේට රේඩියෝ එකක් නෑ
worry,ගෑණු ළමයෙක් දැන් මගේ සිතුවිලි වල හරිම ලස්සන දවසක් ආතතිය ඇති කරන දේවල් කීපයක් එක්ක ගෙදර එන්න
neutral,අනේ කමක් නෑ මේක ගොඩ ගන්න බෑ කියලා මම හිතනවා
fun,ඇත්තටම නිදිමත නෑ කම්මැලියි කියන එක තමයි ආයෙත් හරි වචනය වැඩිය වැඩ නෑ
relief,ගැහැණු ළමයෙක් මොට කෙනෙක් දැන් මගේ සිතුවිලි වල හරිම අපූරු දවසක් තිබුණා ආතතිය ඇති කරන දේවල් කිහිපයක් එක්ක ගෙදර එන්න
worry,අනේ හරිම නරකයි මම හිතනවා ඒක හොඳ වෙයි කියලා මම හිතනවා මෑතකදී මට නින්දේ ගැටළු ඇති වුණා
sadness,ෆිලීගේ කටහඬ ඇහෙනවා මම ඒකට ආදරෙයි ම්ම් චීස් ස්ටීක් මගේ පෙම්වතා නැති වුණාට මම නිවාඩුවට ආදරෙයි
hate,මට නිදාගන්න ඕන ඒත් මහන්සිත් නෑ
happiness,ඔව් මම නැගිටින්න ඕනේ
worry,ඒක මාව අවුස්සනවා මට එරිකාට පස්සෙන් එන්න දෙන්නෙ නෑ
worry,නිදාගන්න යනවා සාමකාමී නැහැ
worry,මුදල් ආපසු ගෙවීමක් නැහැ නමුත් ඔවුන් ගිණුම් නැවත ලබා ගන්නවා සොරා හැක් භාවිතා කරන්නේ නැහැ කියලා බලාපොරොත්තු වෙනවා නැත්නම් ඒක ස්ථිරයි
sadness,අහ්හ් ඊළඟ රළුකමට යන්න මට මේ මෝඩ ගීතය පරාජය කළ යුතුයි
worry,සෑම දෙයක්ම ගැන බොරු කියන්න බැහැ
hate,කවුරුත් හිතුවේ නැහැ තේරුනා
sadness,මම ඔට්ටු අල්ලනවා එස්ආර් එකේ සිසිල් වෙලා කියලා හහ් ඒක මෙතන නැහැ තාත්තයි මමයි බෑග් කරනකොට දවල් ඉඳන් මම දාඩිය දැම්මේ නෑ
worry,ට්විටාස්කෝප් එක මගේ මේස් දැනටමත් රොක් වෙලා නැහැ
sadness,නෑ නයිට් ඒක පැය ගණනක් ගෙවිලා ගිහින් තියෙනවා
surprise,අම්මේ අනුගාමිකයින් නැති කරගන්න එක දිගටම කරගෙන යන්න මේක හරිම දුකයි මට දවසක් ඕනේ ඒක තමයි මගේ ඉලක්කය
sadness,හරි මගීන් කවුරුත් ජීවතුන් අතර නැහැ ඒ හැමෝම මැරිලා ඔයා ඒක දන්නේ නැහැ අන්තිම වෙනකම් ඔයා අඬනවා
worry,ම්ම් ඔව් ඒක මටම හොඳ සටහනක් වෙන්න ඇති මොකද ඊඊ මම එතන හිටියා නම් කියලා හිතෙනවා
worry,ඇගේ රැඳවුම්කරුවන්ට හුස්ම හිර කළා
sadness,අනේ
sadness,කවුරුත් ඒක අල්ලගත්තා කියලා හිතුවේ නෑ
hate,මට නිදාගන්න බෑ
worry,නෑ ඒ හැමෝම නිදාගෙන ඉන්නේ මොකද එයාලා නැගෙනහිර වෙරළේ ජීවත් වෙන නිසා
neutral,බොරුකියා
worry,ගැහැණු ළමයෙක් දැන් මගේ සිතුවිලි වල හරිම මෝඩයි
sadness,ඇත්තටම නිදිමත නැහැ කම්මැලියි කියන එක තමයි ආයෙත් හරි වචනය වැඩිය වැඩ නැහැ
hate,අද රෑ ගෙදර ඉන්නවා
sadness,කමක් නෑ කමක් නෑ
worry,කෙල්ලෙක් දැන් මගේ සිතුවිලි වල හරිම මොට කෙනෙක් දැන් මට ආතතිකාරක කිහිපයක් එක්ක නියම දවසක් ගත කළා ගෙදර එන්න
worry,ට්විටාස්කෝප් එක මගේ මේස් දැනටමත් හෙල්ලිලා යනවා
sadness,අන්තර්ජාලය නැහැ
worry,මගේ අම්මලා ඡන්දය දීම නවත්තලා කෙටි කාලයක් දිනන්නේ නැති එක ගැන මට දැනෙන්න සලස්වන්න උත්සාහ කරනවා මම ඇඬුවා
worry,සමහර වෙලාවට මට හිතෙනවා පසුගිය ගිම්හානයේ ආරම්භය වගේ දේවල් ආයෙත් ගියොත් හොඳයි කියලා
neutral,මම හාපර්ස් දූපත බලමින් හිටියා හි හි හි හි හි හි හි හි හි හි හි හි හි හි හි හි හි හි හි හි හි හි හි හි හි හි හි හි හි හි හි හි හි හි හි හි හි හි හි හි හි හි හි හි
neutral,නිදන කාමර ගෘහ භාණ්ඩ සියල්ල පින්තාරු කිරීම අවසන්
worry,ඒ කතාව පෘතුගාලයේ ජීවත් වීම මතක් කරනවා
hate,මට නිදාගන්න ඕන ඒත් මහන්සිත් නෑ
neutral,මගේ නහය ගැලවිලා ගියා මට ඒක හොයාගන්න බෑ අද ඇම්ස්ටර්ඩෑම් ගිහින් අලුත් එකක් ගන්න ඕන
hate,ඔහ් ඒක ඇත්තටම වෙලාවක්
enthusiasm,යාලුවො එක්ක ඉක්මනින් කාලය ගත කරන්න කැමතියි
sadness,අපි හැමෝටම දේවල් හොඳ වෙයි
neutral,මෑතකදී මම ටොන් ගණනක් බර වැඩි කර ගත් ඔබේ මිතුරෙකුගෙන් එය මගේ අවධානයට ලක්ව ඇත ඔහු ඒ මම කියලා දැනගෙන හිටියේ නැහැ
sadness,තවදුරටත් සංවර්ධනයක් අත්අඩංගුවට ගත්තේ නැහැ මට දුකයි
sadness,ඇත්තටම නිදිමත නැහැ කම්මැලියි කියන එක තමයි ආයෙත් හරි වචනය වැඩි වැඩක් නැහැ
empty,පසුගිය ගිම්හානයේ ආරම්භය වගේ දේවල් ආපහු යන්න මම කැමතියි
neutral,ශක්තිමත් හැකිලීම් දැනෙනවා නමුත් එළියට යන්න ඕන
love,අනේ ඔයා කොහෙද යන්නේ
worry,මට කිසිම දෙයක් කරන්න බෑ
fun,අපි වෙනසට අකමැතියි ඒ නිසා අපි ජීවිත කාලය පුරාම රසිකයන් ඕ ඒ වෙනකොට අපි කොල්ලව මුණගැහිලා නැත්නම් මොකක් හරි දරුණු වැරැද්දක් වෙලා තියෙනවා
neutral,මම දෙමාපිය පාලනය බලාගෙන හිටියා
hate,අද රෑ ගෙදර ඉන්නවා
neutral,කමක් නෑ මේක ගොඩගන්න බෑ කියලා මම හිතනවා
neutral,අනේ කමක් නෑ මේක ගොඩගන්න බෑ කියලා මම හිතනවා
hate,මම නිවාඩුවක් යනවා
sadness,අද ගණිත පරීක්ෂණයක් කළා
sadness,ගුරුතුමා කිව්වා කැල්කියුලේටරය ගේන්න කියලා
neutral,මට මගේ බබාව මතක් වෙනවා
worry,මේක බේරගන්න බැරි දෙයක් කියලා මම හිතනවා
sadness,අනේ කමක් නෑ මම හිතන්නේ මේක ගොඩ ගන්න බෑ කියලා
neutral,අනේ කමක් නෑ මේක ගොඩ ගන්න බෑ කියලා මම හිතනවා
boredom,ඇත්තටම නිදිමත නැහැ කම්මැලියි කියන එක තමයි හරි වචනය ආයෙත් වැඩි වැඩක් නැහැ
worry,සහ ඔවුන්ගේ පළමු හැඟීම් මාරු කරන සියලුම කාන්තාවන් ලිංගිකත්වය අඩු තර්ජනාත්මක මිනිසෙකු කෙරෙහි මාතෘත්වය ඔහු තරම්ම දුර්වලයි
hate,මම මෑතකදී බර ටොන් එකක් වැඩි කරගත්තා
neutral,අද චිකිත්සාවෙන් මහන්සි වෙලා බෙහෙත් බිව්වේ නැත්නම් උපන් දවසේ උදේට සතුටුයි මිෂු ආදරෙයි ඔයා
sadness,මොකද වෙන්නෙ පැටියෝ
neutral,එපිසෙන්ටර් වීලොක් ප්ලේස් සංචාරකයින්ට පමණයි
enthusiasm,දැන් මට කිසිම දෙයක් කරන්න බෑ
empty,ඇත්තටම ඇත්තටම කම්මැලියි මම නිදාගන්නවා කියලා මම හිතනවා
worry,ඒ කතාව පෘතුගාලයේ ජීවත් වීම මතක් කරනවා
empty,මම ඔරිජිනල් එකේ ඉන්නම්
worry,මේක බේරගන්න බැරි දෙයක් කියලා මම හිතනවා
neutral,ඇත්තටම නිදිමත නෑ කම්මැලියි කියන එක තමයි හරි වචනය ආයෙත් එච්චර වැඩක් නෑ
hate,මට නිදාගන්න ඕන ඒත් මහන්සිත් නෑ
enthusiasm,සුභ උපන්දිනයක් වේවා ඔයාට නියම දවසක් ලැබේවා කියලා බලාපොරොත්තු වෙනවා ඊළඟ රෑ ඔයාව දැක්කෙ නෑ
fun,මට නිදාගන්න ඕනේ නමුත් මට මහන්සිත් නෑ
sadness,ආව් ඉදිරියට සහ ඉහළට දැන් ඔව් තවමත් යන්න දුකයි මම ඔට්ටු අල්ලනවා
worry,රිප් ලියනාඩෝ ඔයා නියම කුඩා ෆිඩ්ලර් කකුළුවෙක්
worry,මම ගිටාර් වලට ආදරෙයි ඒවා වාදනය කරනවා මම හිතන්නේ ඒවා විශිෂ්ටයි කියලා මම හිතනවා මම හොඳ නම් විතරයි
sadness,ඡන්දය දීම නවත්තලා කෙටිකතාවක් දිනන්නේ නැතුව ඉන්න එක ගැන මට තවත් දැනෙන්න දෙන්න මම ඇඬුවා වගේ
worry,වැඩ කරන්න හිතෙන්නේ නැහැ මම හිතන්නේ මම මේක නිතර නිතර ට්වීට් කරනවා
surprise,ඔයා දියවැඩියා රෝගියෙක් ඒ වගේම මගේ තාත්තා ඇම්ප් මටත් විශ්වාස නැහැ ඔයාට තාමත් දවස පුරාම සීනි කන්න අවසර තියෙනවද කියලා
hate,මට කේක් කෑල්ල අමතක වෙලා නිසා ගෙදර එන්න
hate,ගෙදරට ආපහු යනවා මොකද මම
sadness,ආව් ඉදිරියට සහ ඉහළට දැන් ඔව් තවමත් යන්න දුකයි මම ඔට්ටු අල්ලනවා
worry,ඇත්තටම මගේ සයිස් එකේ ඒවා ඉතුරු වෙලා නැහැ
sadness,මට නිදාගන්න ඕනේ ඒත් මට මහන්සිත් නැහැ
neutral,ඒක පැය ගණනක් තිස්සේ හොඳටම ඇති
empty,ඇඳ ඒක හෙට ඉස්කෝලෙ යන්න බලාපොරොත්තු වෙනවා ඒත් දැන් මට එච්චර සනීපයක් නෑ
empty,මම දන්නවා මම කලින් නරක පුරුද්දකට ඇහුම්කන් දුන්නා කියලා මම එයාගේ කොටසට බය වෙන්න පටන් ගත්තා
neutral,මට ආතතිය ඇති කරන කිහිප දෙනෙකු සමඟ ඇත්තෙන්ම හොඳ දවසක් තිබුණා
worry,මට පීඩනකාරක කිහිපයක් එක්ක නියම දවසක් තිබුණා
relief,හහහ අනිත් අය එක්ක ගායනා කළොත් ඒක භයානක නැහැ ඒක වැඩ කරන්න පුළුවන් කියලා මට විශ්වාසයි
happiness,ඔව් මම නැගිටින්න ඕනේ
worry,මම ටැකෝසෝන් තැනට ගොඩක් පරක්කු වුණා
sadness,මගේ ට්විටර් එක ආයෙත් හැක් කරලා තියෙනවා
worry,මෙන්න මගේ ශුභවාදී දේවල් අපි හැමෝටම හොඳ වේවි කියලා අහන්න ලැබීම ගැන මට කණගාටුයි
sadness,අනේ නෑ මම ටයර් එකක් ගැහුවොත් ඔයාට ඇත්තටම බැට්මෑන් දුම් ටිකක් යවන්න වෙනවා
sadness,මුදල් ආපසු ගෙවීමක් නැත නමුත් ඔවුන් ගිණුම් ලබා ගැනීමට සතියක් වගේ කාලයක් ගත වෙනවා සොරා හැක් භාවිතා කරන්නේ නැහැ කියලා බලාපොරොත්තු වෙනවා නැත්නම් ඒක ස්ථිරයි
worry,ගර්භනී කාන්තාවන් දුම්පානය කරනවා දකින විට මට වෛර කරනවා ඒක හරිම වගකීම් විරහිතයි ආත්මාර්ථකාමීයි අවසානයේ බබා දුක් විඳිනවා
sadness,පසුගිය ගිම්හානයේ ආරම්භය තිබුණු ආකාරයට දේවල් නැවත යන්න මම කැමතියි
neutral,ඒගොල්ලෝ කිව්වා මම ඒක කරන්නම් කියලා
worry,සෑම දෙයක්ම ගැන බොරු කියන්න බැහැ
worry,එයා රෑ මැද එයාගේ පරිගණකයේ ටයිප් කරන්න පටන් ගත්තම ඒක හරිම කරදරයක්
worry,ට්විටාස්කෝප් එක මගේ මේස් රොක් කරන්නේ නැහැ
neutral,මට දුකයි
worry,නෑ ඒගොල්ලෝ ඔක්කොම නිදි මොකද එයාලා නැගෙනහිර වෙරළේ ජීවත් වෙන්නේ
relief,මගේ ඔලුව නිතරම හැදෙන එක නරක හිසරදයක් වෙන්න කලින් මට මේක බලන්න හිතෙන්නේ නෑ
surprise,මම ගිටාර් වලට ආදරෙයි ඒවා වාදනය කරනවා මම හිතන්නේ ඒවා විශිෂ්ට ලෙස ශබ්ද කරනවා මම වඩා හොඳ නම් පමණි
neutral,ගුරුතුමා කියනවා ඔයාගේ කැල්කියුලේටරය ගේන්න කියලා
worry,මම ඔරිජිනල් එකේ ඉවර වෙන්න යනවා
sadness,අනේ එක විනාඩියක්වත් පරක්කු නැහැ ඕ හොඳයි
love,මම ගිටාර් වලට ආදරෙයි ඒවා වාදනය කරනවා මම හිතන්නේ මම හොඳ නම් ඒවා විශිෂ්ටයි කියලා
worry,ඊයේ රෑ අන්තර්ජාලයක් නැහැ ළඟපාත ගෑස් එකක් අවසානයේ දැවැන්ත පිපිරීමක් ඇති වුණා
sadness,මට ලස්සන වෙරළක් ගැන සිහිනයක් තිබුණා මම අවදි වන විට වෙරළක් තිබුණේ නැහැ
fun,අනේ මට ඇත්තටම මගේ මුහුණ පේන්නේ නැහැ යාලුවනේ
neutral,ඊයේ රෑ අන්තර්ජාලය තිබුණේ නැහැ ළඟපාත ගෑස් වැඩ කරන තැනක දැවැන්ත පිපිරීමක් සිදු වුණා ස්ටෑන්ඩ්බයි එකේ
surprise,මගේ අම්මලා මට ඡන්දෙ දෙන එක නවත්තන එක ගැන සහ කෙටිකතාව දිනන්නෙ නැති එක ගැන මට දැනෙන්න දෙන්න හදනවා මම ඇඬුවා වගේ
neutral,මම අවධානය යොමු කළේ ටොම් ගැන ගොඩක් මම මගේ ආදරණීය බැරැක්ව දැක්කේ නැහැ අනේ නෑ මම දෙකටම ඡන්දය දෙන්න ඕනේ දුප්පත් ජනාධිපතිට ඡන්ද විතරයි තියෙන්නේ
sadness,මට මගේ බලු පැටියා නැතුව පාලුයි
neutral,ඊව් ඩේලි පැය ගණන්
empty,මම දැන් මගේ මාපටැඟිලි ඇඹරෙනවා
worry,ට්විටාස්කෝප් එක රොක් වෙන්නේ නැහැ මගේ මේස් දැනටමත් ගිහින් ඉවරයි
sadness,ආපසු මුදල් නැහැ නමුත් ගිණුම් නැවත ලබා ගන්නවා සොරා හැක් කරන්නේ නැහැ කියලා බලාපොරොත්තුවෙන් සතියක් වගේ ගත වෙනවා
worry,ගෙදරට ආපහු යන එක මොකද මට කේක් කෑල්ල අමතක වුණා
neutral,නයිට් එන්න
sadness,සුසුම්ලමින් මම නිදාගන්න යනවා මට දැන් හරියන්නේ නැහැ
neutral,මෙන්න මගේ ශුභවාදී දේවල් හැමෝටම හොඳ වෙයි කියලා අහන්න ලැබීම ගැන මට කණගාටුයි අපේ
worry,ඇගේ කර්ම ලකුණු බවට පත් වුණේ ඇයි කියලා පුදුමයි
neutral,තාත්තා සහ මම ඇසුරුම් කරනකොට දවල් ඉඳන් මම දහවල් ඉඳන් දහඩිය දැමීම නවත්තලා නැහැ
worry,මගේ ශුභවාදී දේවල් අපි හැමෝටම හොඳ වේවි කියලා අහන්න ලැබීම ගැන මට කණගාටුයි
surprise,අනේ ඔයාට රහස ගැන කියන්න බෑ
surprise,කේක් කෑල්ල අමතක වෙලා ගෙදර යනවා
worry,මට කණගාටුයි මම කලින් වගේ පෙනුන දේට සාපේක්ෂව මම අඩුම තරමින් එළියට වෙලා ඉන්නේ නැහැ
neutral,මම ගිටාර් වලට ආදරෙයි ඒවා වාදනය කරනවා මම හිතන්නේ ඒවා විශිෂ්ට ලෙස ශබ්ද කරනවා මම වඩා හොඳ නම් පමණක් නම්
neutral,ගුවන් ටිකට්පත් මෙච්චර මිල අධික ඇයි
sadness,මට සමාවෙන්න මම කලින් වගේ පෙනුන දේට සාපේක්ෂව මම අඩුම තරමින් ඈත් වෙලා ඉන්නේ නැහැ
neutral,අනේ කමක් නෑ
worry,අද ඉඳන් සංචාරකයින් සඳහා එපිසෙන්ටර් වීලොක් ස්ථාන ඒකක ඇම්ප්
hate,හෙට එයාව නැචෝස් කරන්නම් එයා ඒවා හැදුවට වඩා හොඳයි
sadness,වැඩ කරන දවස
neutral,අහ්
worry,මම ඒ ජරාව හරියට කරනවා දැන් මම නිවාඩුවක් ගත කරනවා ඔයා මට වැඩ කරන්න කියලා කිව්වා
worry,මුදල් ආපසු ගෙවීමක් නැහැ නමුත් ඔවුන් ගිණුම් නැවත ලබා ගන්නවා සොරා හැක් භාවිතා කරන්නේ නැහැ කියලා බලාපොරොත්තු වෙනවා නැත්නම් ඒක ස්ථිරයි
sadness,මම ගිටාර් වලට ආදරෙයි ඒවා වාදනය කරනවා මම හිතන්නේ ඒවා සුපිරියටම ඇහෙනවා මම හොඳ නම්
worry,කිසිවෙකු යන්නේ නැහැ
worry,ඇගේ කර්ම ලකුණු බවට පත් වුණේ ඇයි කියලා පුදුමයි
worry,අනේ දෙවියනේ ටිෂූ එක දාන්න
love,අනේ ඔයාට රහස ගැන මට කියන්න බැහැ
neutral,මම දැන් ඒ ජරාව කරනවා මම නිවාඩුවක් ගත කරනවා ඔයා මාව වැඩට යැව්වා
neutral,ගුවන් ටිකට්පත් මෙච්චර මිල අධික ඇයි
worry,මට හරිම අපහසුතාවයක් දැනෙනවා තවත් බල්ලෙක් නැහැ
neutral,කවුරුත් ඒක අල්ලගෙන හිටියේ නැහැ
sadness,වැස්ස මැදින් ගෙදර යන්න එච්චර උනන්දුවක් නෑ
worry,මම සිකුරාදා නයිට් ලයිට් එකේ පළවෙනි කතාමාලාවේ නියමු කොටස හරහා යන්න උත්සාහ කරනවා
sadness,මට නිදාගන්න ඕනේ ඒත් මට මහන්සිත් නැහැ
worry,මම වැඩ කරන තැන
empty,මගේ පරතරය අවුරුද්ද හරිම ඉක්මනට ගෙවෙනවා
worry,සතිය ඒ විදියටම තිබුණේ නැහැ
worry,ගෑණු ළමයෙක් දැන් මගේ සිතුවිලි වල ඉන්නවා මට ආතතිකාරක කිහිපයක් සමඟ නියම දවසක් ගත කළා
anger,අනේ කමක් නෑ මේක බේරගන්න බෑ කියලා මම හිතනවා
hate,ඇඳේ වැතිර ඉන්නවා ෆාආ අඩුම තරමේ මම කලින් වගේ හිටියාට සාපේක්ෂව
love,මට දැන් හොඳටම ඇහැරිලා ඉන්නේ අසනීපෙන් අද දවල් ටිකක් නිදාගන්න
hate,සිකුරාදා රෑ ලයිට් වල පළමු කතාමාලාවේ නියමුවා හරහා යන්න මම උත්සාහ කරනවා අනේ දෙවියනේ ටිෂූ එක පහු කරන්න
enthusiasm,තවත් අත්අඩංගුවට ගැනීමක් නැහැ මට දුකයි
worry,දැන් මට ඉරුවාරදය නවත්තන්න ඕන
hate,හෙට එයාව නැචෝස් කරන්නම් එයා ඒවා හැදුවට වඩා හොඳයි
relief,මම ටැකෝසෝන් ස්ථානයට ගොඩක් පරක්කු වුණා
sadness,මම ඔරිජිනල් එකේ යන්නම්
worry,මගේ ශුභවාදී බලාපොරොත්තුව තමයි හැමෝටම හොඳ වේවි කියලා අහලා මට දුකයි
love,නරක යාළුවෙක්
worry,අද හවස වැඩ තියෙනවා
relief,ගැහැණු ළමයෙක් මොට කෙනෙක් දැන් මගේ සිතුවිලි වල හරිම අපූරු දවසක් තිබුණා ආතතිය ඇති කරන දේවල් කිහිපයක් එක්ක ගෙදර එන්න
neutral,අද රෑ ආලෝ හරිම දුකයි නිහඬයි හිස්යි
surprise,මුදල් ආපසු ගෙවීමක් නැත නමුත් ඔවුන් ගිණුම් නැවත ලබා ගනී සතියක් වැනි කාලයක් ගතවේ සොරා හැක් භාවිතා නොකරනු ඇතැයි බලාපොරොත්තු වෙමි නැතහොත් එය ස්ථිරයි
sadness,අනේ කමක් නැහැ මම හිතන්නේ මේක බේරගන්න බෑ
worry,ඇගේ රැඳවුම්කරුවන්ට හුස්ම හිර කළා
worry,නයිට් නයිට් එය පැය ගණනක් ගත වී ඇත
worry,මට මෑතකදී ටොන් ගණනක් බර වැඩි වුණා කියලා මගේ යාළුවෙක්ගෙන් මට ආරංචි වුණා ඒ මම කියලා එයා දැනගෙන හිටියේ නැහැ
worry,ගර්භනී කාන්තාවන් දුම්පානය කරනවා දකින විට මට වෛර කරනවා ඒක වගකීම් විරහිතයි ආත්මාර්ථකාමීයි ඒක සාද් අවසානයේ බබා දුක් විඳිනවා කියලා මට දුකයි
hate,අනේ ඒක එරික් හරි වෙන කෙනෙක් හරි ඔයාගේ කොණ්ඩේ සෙල්ලම් කරන්න ඕන වුණාම
hate,දෙවියනේ මට නිදාගන්න ඕන
worry,ට්විටාස්කෝප් එක මගේ මේස් දැනටමත් රොක් වෙලා නැහැ
neutral,අපි හැමෝටම හොඳ වෙයි කියලා අහන්න ලැබීම ගැන මට කණගාටුයි
love,අනේ මම හිතන්නේ මේක එහෙමයි ගොඩ ගන්න බෑ
sadness,නෑ ඒගොල්ලෝ ඔක්කොම නිදාගෙන ඉන්නේ මොකද එයාලා නැගෙනහිර වෙරළේ ජීවත් වෙන්නේ
neutral,මගේ අම්මලා මට ඡන්දය දීම නවත්තලා කෙටි කාලයක් දිනන්නේ නැති එක ගැන දැනෙන්න හදන්නේ
sadness,සුසුම්ලමින් මම නිදාගන්න යනවා මට දැන් හරියන්නේ නැහැ
worry,මම ගිටාර් වලට ආදරෙයි ඒවා වාදනය කරනවා මම හිතන්නේ මම හොඳ නම් ඒවා සුපිරියටම ඇහෙනවා
empty,මට නිදාගන්න ඕනේ ඒත් මට මහන්සිත් නෑ
worry,මේ අසාත්මිකතා මට මේ අවුරුද්දේ කාලය කැමති නැහැ මේ නිසා මට කවදාවත් මේ ගැටලුව තිබුණේ නැහැ
sadness,කුණාටුව ඇවිත් විදුලිය නැති වෙලා
neutral,අනේ ඒක නවත්තන්න යාලුවනේ
hate,මෑතකදී මම ටොන් ගණනක් බර වැඩි කර ගත් ඔබේ මිතුරෙකුගෙන් එය මගේ අවධානයට ලක්ව ඇත ඔහු ඒ මම කියලා දැන සිටියේ නැත
sadness,උත්තරයෙන් එළියට එනවා බර්නෙට් එක උතුරට කිසිවෙකු යන්නේ නැහැ
love,තවදුරටත් අත්අඩංගුවට ගත්තු සංවර්ධනයක් නෑ මට දුකයි
surprise,මට සමාවෙන්න මම හිතන්නේ නෑ මම කලින් වගේ පෙනුන විදියට අඩුම තරමේ මම පැත්තකට වෙලා ඉන්නේ නෑ කියලා
hate,මම දැන් ඒ ජරාව කරනවා මම නිවාඩුවක් ගත කරනවා ඔයා මාව වැඩට යැව්වා
hate,දෙවියනේ මට නිදාගන්න ඕන
worry,මගේ අම්මලා මට ඡන්දය දීම නවත්තලා දිනන්නේ නැති එක ගැන තවත් හැඟීමක් ඇති කරන්න හදනවා මම ඇඬුවා වගේ
worry,ට්විටාස්කෝප් එක මගේ මේස් දැනටමත් රොක් වෙලා නැහැ
neutral,මම ගොඩක් දුකයි
hate,නෑ ඒගොල්ලෝ හැමෝම නිදාගෙන ඉන්නේ මොකද එයාලා නැගෙනහිර වෙරළේ ජීවත් වෙන්නේ
neutral,නාන්න යන්න
hate,මම නිවාඩුවක් යනවා
sadness,අනේ නයිට් පැය ගානක් ගියා
worry,රැකියා කරන දවස
sadness,දැන් මට කරන්න බැරි දෙයක්
worry,ගර්භනී කාන්තාවන් දුම්පානය කරනවා දකින විට මට වෛර කරනවා ඒක හරිම වගකීම් විරහිතයි ආත්මාර්ථකාමීයි ඒක හොඳයි අන්තිමේදී බබා තමයි දුක් විඳින්නේ
worry,ගෑණු ළමයෙක් දැන් මගේ සිතුවිලි වල හරිම ලස්සන දවසක්
sadness,බොරු කියනවා
sadness,මම ඔරිජිනල් එකේ යන්නම්
sadness,අප් එක එළියට ආවා මට සංදේශය ලැබුණේ නැහැ එය පුදුම සහගතයි
sadness,ගෙදර යන ගමන් බාල වයස්කාර ගැහැණු ළමයින් සමඟ ගනුදෙනුවක් කරනවා කෙගර්ස්ඩෑම් ගැන කතා කරන අතරතුර බස් රථයේ ජින් බොනවා මට වයසයි
neutral,මම දැන් යන්නෙ නෑ කෙල්ලේ මම තාමත් ජිම් එකේ වැඩ කරනවා
neutral,ඇඳේ වැතිර ඉන්නවා ෆාආ අඩුම තරමේ මම කලින් වගේ පෙනුනත් එක්ක සසඳනකොට
sadness,අහ්හ් ඊළඟ රළුකමට යන්න මට මේ මෝඩ ගීතය පරාජය කළ යුතුයි
sadness,මම එතන හිටියා නම් හොඳයි
sadness,අපි හැමෝටම දේවල් හොඳ වෙයි
worry,ඔයා ආපහු ආවම මම මේ ගැන ට්වීට් කරනවා කියලා මට විශ්වාසයි ඒත් ආරංචි ගැන දැන් හරිම කතාබහක් තියෙනවා
worry,මේ අසාත්මිකතා මට මේ අවුරුද්දේ කාලය කැමති නැහැ මේ නිසා මට කවදාවත් මේ ගැටලුව තිබුණේ නැහැ
love,ට්විටාස්කෝප් මගේ මේස් රොක් කරන්නේ නැහැ දැනටමත්
hate,රූමි එක්ක ඉන්න චිලින්ට සොම්බි ක්ලවුන් එනකම් ඉන්න බෑ ඒක සති ගානක් වෙනවා
worry,ටයිපින් ගැටලුව විසඳනවා කියලා හිතලා මම අලුත් ට්විටර්ෆෝන් යාවත්කාලීනය බාගත කළා අලුත් ට්වීට් වලට ඒත් නෑ නෑ
love,කෙල්ලෙක් දැන් මගේ සිතුවිලි වල හරිම මොට කෙනෙක් මට ආතතිය ඇති කරන දේවල් කිහිපයක් සමඟ නියම දවසක් ගත කළා ගෙදර එන්න
love,එකඟ වුණා
happiness,නෑ ඒ හැමෝම නිදාගෙන ඉන්නවා මොකද එයාලා නැගෙනහිර වෙරළේ ජීවත් වෙනවා
happiness,ඒක නම් එච්චර අමාරුවක්
worry,ගිණුම් කරන ආකාරය තව ටිකක් එකතු කරනවා කෙටි කාලීනව පීඩනය හොඳයි නමුත් හොඳින් මුහුණ දෙන්න
worry,නරක යාළුවෙක්
hate,මෑතකදී මම ටොන් ගණනක් බර වැඩි කර ගත් ඔබේ මිතුරෙකුගෙන් එය මගේ අවධානයට ලක්ව ඇත ඔහු ඒ මම කියලා දැන සිටියේ නැත
sadness,ඡන්දය දීම නවත්තලා කෙටිකතාවක් දිනන්නේ නැතුව ඉන්න එක ගැන මට තවත් දැනෙන්න දෙන්න මම ඇඬුවා වගේ
worry,ඒක නරකයි
neutral,නමුත් මට ඕන නෑ
neutral,උපායශීලී වැරැද්දක්
boredom,ඒක මම කියලා එයා දැනගෙන හිටියේ නැහැ
sadness,මගේ ශුභවාදී බව අහන්න ලැබීම ගැන මට කණගාටුයි අපි හැමෝටම දේවල් හොඳ වෙයි
worry,මම ගොඩක් අවුල් සහගතයි
sadness,පසුගිය ගිම්හානයේ ආරම්භය තිබුණු ආකාරයට දේවල් නැවත යන්න මම කැමතියි
worry,ගැහැණු ළමයෙක් මගේ ශරීරයේ හරිම මෝඩයි දැන් මට හිතෙනවා ආතතිය ඇති කරන දේවල් කීපයක් එක්ක මට නියම දවසක් ගත කරන්න පුළුවන් කියලා ගෙදර එන්න
empty,මම දන්නවා මම කලින් නරක පුරුද්දකට ඇහුම්කන් දුන්නා කියලා මම එයාගේ කොටසට බය වෙන්න පටන් ගත්තා
worry,ඒක පිස්සුවක්
sadness,ෆිලීගේ කටහඬ ඇහෙනවා මම ඒකට ආදරෙයි ම්ම් චීස් ස්ටීක් මගේ පෙම්වතා නැති වුණාට මම නිවාඩුවට ආදරෙයි
empty,ඇඳ ඒක හෙට ඉස්කෝලෙ යන්න බලාපොරොත්තු වෙනවා ඒත් දැන් මට එච්චර සනීපයක් නෑ
sadness,අද රෑ බාර් එකේ ඇඟිල්ලක් කැඩුනා කියලා මම හිතනවා ස්ටෙපින් එකට ස්තූතියි බීමත් කෙල්ල මගේ හැමතැනම ස්ටෙපින් කළාට
sadness,අන්තර්ජාලය නැහැ
sadness,මම ගොඩක් අවුල් වෙලා
empty,මම දැන් මගේ මාපටැඟිලි ඇඹරෙනවා
neutral,ඔයා කවදාවත් ඔයාගේ ඩීඑම් එකට උත්තර දුන්නේ නැහැ මම ඔයාට ඔයාගේ තොරතුරු එව්වා
love,මට දැනෙනවා තවත් බල්ලෙක් නැහැ
love,ඇත්තටම නිදිමත නැහැ කම්මැලියි කියන එක තමයි නිවැරදි වචනය නැවතත් එතරම් වැඩක් නැහැ
sadness,මට කේක් කෑල්ල අමතක වුණු නිසා ගෙදර ආපහු යනවා
sadness,උත්තරයෙන් එළියට එනවා බර්නෙට් එක උතුරට කිසිවෙකු යන්නේ නැහැ
hate,හෙට එයාව නැචෝස් කරන්නම් එයා ඒවා හැදුවට වඩා හොඳයි
sadness,කවුරුත් ඒක අල්ලගත්තා කියලා හිතුවේ නෑ
surprise,මට නරකක් දැනෙනවා දැන් මගේ අම්මා ගැන නරක ආරංචියක් ලැබුණා
hate,මම දැන් ඒ ජරාව කරනවා මම නිවාඩුවක් ගත කරනවා ඔයා මාව වැඩට යැව්වා
worry,මගේ යාළුවෙක්ගෙන් ඒක ඇහිලා තියෙනවා මෑතකදී මම බර වැඩි වුණා එයා දැනගෙන හිටියේ නැහැ
hate,මම ඔට්ටු අල්ලනවා ඒක මෙතන නැහැ
neutral,කවුරුත් ඒක අල්ලගෙන හිටියේ නැහැ කියලා මම හිතුවේ නැහැ
worry,ගර්භනී කාන්තාවන් දුම්පානය කරනවා දකින විට මට වෛර කරනවා ඒක හරිම වගකීම් විරහිතයි ආත්මාර්ථකාමීයි අවසානයේ බබා දුක් විඳිනවා
love,මුදල් ආපසු ගෙවීමක් නැත නමුත් ඔවුන් ගිණුම් ලබා ගන්නවා සතියක් වගේ ගත වෙනවා සොරා හැක් භාවිතා කරන්නේ නැහැ කියලා බලාපොරොත්තු වෙනවා නැත්නම් එය ස්ථිරයි
sadness,මට එයාගේ කොණ්ඩේ හැමෝම කොහොමද කියලා බලන්න ඕනේ
neutral,මම නිදාගන්න කියලා හිතාගෙන ඉන්නවා
hate,අනේ අද මම එච්චර ට්වීට් කළේ නැහැ
surprise,අම්මේ අනුගාමිකයින් නැති කරගන්න එක දිගටම කරගෙන යන්න මේක හරිම දුකයි මට දවසක් ඕනේ ඒක තමයි මගේ ඉලක්කය
sadness,එබී බලන්න තවමත් මෙතන විනෝදජනක වෙලාවල් නිදාගන්න ඕනේ වැඩ කරන්න මෙතන ටිකක් සිසිල් ගැහැණු ළමයි ඉන්නවා නමුත් ඇයව මග හැරීම තරම් සිසිල් නැහැ
worry,අපි හැමෝටම දේවල් හොඳ වේවි
worry,මම මගේ බල්ලට ගොඩක් ආදරෙයි
hate,මෑතකදී මම ටොන් ගණනක් බර වැඩි කර ගත් ඔබේ මිතුරෙකුගෙන් එය මගේ අවධානයට ලක්ව ඇත ඔහු ඒ මම කියලා දැන සිටියේ නැත
worry,රිප් ලියනාඩෝ ඔයා නියම කුඩා ෆිඩ්ලර් කකුළුවෙක්
worry,රිප් ලියනාඩෝ ඔයා නියම කුඩා ෆිඩ්ලර් කකුළුවෙක්
love,ආව් ඔයාට රහස ගැන මට කියන්න බැහැ
worry,මම ගොඩක් අවුල් සහගතයි
sadness,චාලීන් මගේ ආදරේ මට ඔයාව මතක් වෙනවා
neutral,මම ඔට්ටු අල්ලනවා එස්ආර් එකේ සිසිල් වෙලා කියලා හහ් ඒක මෙතන නැහැ තාත්තයි මමයි බෑග් කරනකොට දවල් ඉඳන් මම දහවල් ඉඳන් දහඩිය දැම්මේ නැහැ
neutral,අද රෑ ආලෝ හරිම දුකයි නිහඬයි හිස්යි
hate,ම්ම් ඔව් ඒක මටම හොඳ සටහනක් වෙන්න ඇති මොකද ඊඊ සහකරු
sadness,මම ගිටාර් වලට ආදරෙයි ඒවා වාදනය කරනවා මම හිතන්නේ ඒවා විශිෂ්ට ලෙස ශබ්ද කරනවා මම වඩා හොඳ නම් පමණි
love,එකඟ වුණා
neutral,මම දැන් ඒ ජරාව කරනවා මම නිවාඩුවේ ඉන්නේ ඔයා මට වැඩ කරන්න හිතුනා
happiness,මට ඔයාගේ තොරතුරු ඕනේ
worry,ඔයා කවදාවත් ඔයාගේ ඩීඑම් එකට උත්තර දුන්නේ නෑ මම ඔයාට තොරතුරු එව්වා
sadness,ඇත්තටම නිදිමත නැහැ කම්මැලියි කියන එක තමයි ආයෙත් හරි වචනය වැඩි වැඩක් නැහැ
neutral,මුදල් ආපසු ගෙවීමක් නැත නමුත් ඔවුන් එසේ කරනවා ගිණුම් නැවත ලබා ගැනීමට සතියක් වගේ යනවා සොරා හැක් භාවිතා කරන්නේ නැහැ කියලා බලාපොරොත්තු වෙනවා නැත්නම් ඒක ස්ථිරයි
relief,මට කේන්ති යනවා එරිකා පස්සෙන් එන්න දෙන්නෙත් නෑ
worry,මගේ අම්මලා මට ඡන්දය දීම නවත්තලා දිනන්නේ නැති එක ගැන දැනෙන්න දෙන්න හදනවා මම ඇඬුවා වගේ
anger,ආපසු මුදල් නැත නමුත් ඔවුන් ගිණුම් නැවත ලබා ගන්නවා සොරා හැක් භාවිතා කරන්නේ නැහැ කියලා බලාපොරොත්තු වෙනවා නැත්නම් ඒක ස්ථිරයි
neutral,අද චිකිත්සාවෙන් මහන්සි වෙලා බෙහෙත් බිව්වේ නැත්නම් උපන් දවසේ උදේට සතුටුයි මිෂු ආදරෙයි ඔයා
neutral,කැලි කැලිට ඉන්න බෑ මගේ සති අන්තය සැමරීමට වයින් වීදුරුවක් තියෙනවා කියලා හිතලා වැකා තවමත් හෙට වැඩ කරනවා
worry,අනේ කමක් නෑ මම හිතන්නේ මේක ගොඩ ගන්න බෑ
neutral,මට මගේ බබාව මතක් වෙනවා
surprise,ගුවන් ටිකට්පත් මෙතරම් මිල අධික ඇයි
sadness,කවුද දන්නේ නෑ
worry,මට හරිම අපහසුතාවයක් දැනෙනවා තවත් බල්ලෙක් නැහැ
sadness,සුසුම්ලමින් මම නිදාගන්න යනවා මට දැන් හරියන්නේ නැහැ
worry,තාමත් එයාගේ මහත්තයා නැති වෙනවා මට එයාව ගෙදර ඕන
happiness,අද රෑ මම ගෙදර ඉන්නවා
sadness,මට කේක් කෑල්ල අමතක වුණු නිසා ගෙදර ආපහු යනවා
neutral,ආත්මාර්ථකාමීයි අන්තිමට බබා තමයි දුක් විඳින්නේ
neutral,ඔයා දුක් විඳිනවා
worry,ඒ නිසා මට අලුත් හිමිකරුවෙක්
worry,නමුත් දැන් මට දුරකථනයක් ගන්න සල්ලි නැහැ
neutral,මට මෑතකදී බර වැඩි වෙලා ටොන් එකක් වැඩි වෙලා කියලා මගේ යාළුවෙක්ගෙන් ඒක ඇහුණා එයා දැනගෙන හිටියේ නෑ ඒ මම කියලා
worry,ඇත්තටම නිදිමත නැහැ කම්මැලියි ඒක තමයි හරි වචනය
neutral,ඒක මගේ හිතේ තියෙනවා
surprise,සමලිංගිකයන් සඳහා මම අද රෑ විතරයි හැදුවේ
worry,සමහර වෙලාවට මට හිතෙනවා පසුගිය ගිම්හානයේ ආරම්භය වගේ දේවල් ආයෙත් ගියොත් හොඳයි කියලා
worry,මට කණගාටුයි මම කලින් වගේ පෙනුන දේට සාපේක්ෂව මම අඩුම තරමින් එළියට වෙලා ඉන්නේ නැහැ
worry,ආහ් නයිට් ඒක පැය ගණනක් ගත වෙලා තියෙනවා
neutral,නිදන කාමර ගෘහ භාණ්ඩ ඔක්කොම තීන්ත ගාලා ඉවරයි මට තාම මේසය හදන්න වෙනවා නමුත් ඒක මාරුවෙන් පස්සේ බලා ඉන්න වෙයි
worry,අනේ ඔයා කොහෙද යන්නේ
neutral,මට බැරි වුණු නිසා දුකයි කොල්ලො එක්ක සෙල්ලම් කරන්න
hate,නෑ ඒගොල්ලෝ හැමෝම නිදාගෙන ඉන්නේ මොකද එයාලා නැගෙනහිර වෙරළේ ජීවත් වෙන්නේ
neutral,කේක් කෑල්ල ලැබුණා
worry,අනේ කමක් නෑ මට හිතෙන්නේ මේක ගොඩ ගන්න බෑ කියලා
worry,ගෑණු ළමයෙක් මගේ සිතුවිලි වල හරිම මෝඩයි
worry,මම ගිටාර් වලට ආදරෙයි ඒවා වාදනය කරනවා මම හිතන්නේ ඒවා විශිෂ්ටයි මම හොඳ නම් විතරයි
happiness,ඔව් මම නැගිටින්න ඕනේ
neutral,මම දැන් යන්නෙ නෑ කෙල්ලේ මම තාමත් ජිම් එකේ වැඩ කරනවා
empty,අද ඉඳන් විතරයි
worry,හරිම කරකැවිල්ලක් දැනෙනවා
worry,මම දැන් ඒ ජරාව කරනවා මම නිවාඩුවට ගිහින් ඔයා මාව වැඩට දැම්මා
worry,ආහ් නයිට් ඒක පැය ගණනක් ගත වෙලා තියෙනවා
fun,අපි වෙනසට අකමැතියි ඒ නිසා අපි ජීවිත කාලය පුරාම රසිකයන් ඕ ඒ වෙනකොට අපි කොල්ලව මුණගැහිලා නැත්නම් මොකක් හරි දරුණු වැරැද්දක් වෙලා තියෙනවා
hate,අනේ ඔයාට රහස කියන්න බෑ
fun,ඇත්තටම නිදිමත නෑ කම්මැලියි කියන එක තමයි ආයෙත් හරි වචනය වැඩිය වැඩ නෑ
love,කෙල්ලෙක් දැන් මගේ සිතුවිලි වල හරිම මොට කෙනෙක් මට ආතතිය ඇති කරන දේවල් කිහිපයක් සමඟ නියම දවසක් ගත කළා ගෙදර එන්න
hate,නින්දට ගියා ඒත් ලොකු භීතිකාවක් නිසා ඇඳෙන් නැගිට්ටා දැන් මට නිදාගන්න පුළුවන්ද කියලා මට විශ්වාස නෑ
sadness,නෑ ඒගොල්ලෝ ඔක්කොම නිදාගෙන ඉන්නේ මොකද එයාලා නැගෙනහිර වෙරළේ ජීවත් වෙන්නේ
worry,මගේ අම්මලා මට ඡන්දය දීම නවත්තලා දිනන්නේ නැති එක ගැන දැනෙන්න දෙන්න හදනවා මම ඇඬුවා වගේ
love,මම ඉක්මනින්ම නිදාගන්නවා
hate,හෙට වැඩ කරන්න ඕන නෑ නමුත් මට සල්ලි ලැබෙනවා
sadness,කවුද දන්නේ නෑ
worry,මම ටැකෝසෝන් ස්ථානයට ගොඩක් ළඟින් හිටියා
relief,ඔයාට බොරු කියන්න බෑ හැම දෙයක්ම ගැන බොරු කියන්න බෑ
sadness,මට කේක් කෑල්ල අමතක වුණු නිසා ගෙදර ආපහු යනවා
hate,දෙවියනේ මට නිදාගන්න ඕන
worry,අනේ කමක් නෑ මට හිතෙන්නේ මේක ගොඩ ගන්න බෑ කියලා
worry,ආහ් මම බලාපොරොත්තු වුණේ මට යන අතරමගදී දේවල් ටිකක් ඉගෙන ගන්න පුළුවන් වෙයි කියලා ඇයි ඔයායි මමයි වෙන වෙනම වැඩ කරන්නේ නැත්තේ ඒත්
neutral,මට තවමත් මේසය කරන්න වෙනවා නමුත් එය මාරුවෙන් පසු බලා සිටිනු ඇත උණුසුම
sadness,ට්විටාස්කෝප් එක මගේ මේස් දැනටමත් හොල්ලන්නේ නැහැ
sadness,අද ගණිත පරීක්ෂණයක් කළා
worry,බොරු බොරු
sadness,මට සමාවෙන්න අවම වශයෙන් සිකුරාදා
surprise,මුදල් ආපසු ගෙවීමක් නැත නමුත් ඔවුන් ගිණුම් නැවත ලබා ගනී සතියක් වැනි කාලයක් ගතවේ සොරා හැක් භාවිතා නොකරනු ඇතැයි බලාපොරොත්තු වෙමි නැතහොත් එය ස්ථිරයි
love,මට නිදාගන්න ඕනේ නමුත් මට මහන්සිත් නෑ
sadness,මම ගිටාර් වලට ආදරෙයි ඒවා වාදනය කරනවා මම හිතන්නේ ඒවා සුපිරියටම ඇහෙනවා මම හොඳ නම්
hate,මම යනවා
surprise,මම දකින විට මට වෛර කරනවා ගැබිනි කාන්තාවන් දුම්පානය කරනවා ඒක හරිම වගකීම් විරහිතයි ආත්මාර්ථකාමීයි ඒක තමයි අන්තිමේදී බබා දුක් විඳින කෙනා
empty,ඒක හරියට තඩ් ගහනවා
sadness,චාලීන් මගේ ආදරේ මට ඔයාව මතක් වෙනවා
relief,කිසිවෙකු යන්නේ නැහැ නයිට් එන්න පැය ගණනක් ගත වී ඇත
sadness,වරකු රස නැති සහ මිල අධික කොටස හරිම අඩුයි වරකු
anger,අනේ කමක් නෑ මේක බේරගන්න බෑ කියලා මම හිතනවා
sadness,ගෙදර එන්න
neutral,මම අද රෑ විතරයි සමලිංගිකයින්ට හැදුවේ
sadness,ඔයා අලුත් ට්වීට් වලට ටයිප් කිරීමේ ගැටලුව විසඳනවා කියලා හිතලා
neutral,මල්ලි බ්ලූම් මේ සති අන්තයේ එල් පැසෝ හි විවෘත නොකරනු ඇත ඉල් ගඩොල් මිලදී ගෙන එය භුක්ති විඳින්න මට සහෝදරයන් බ්ලූම් කරන ආකාරය දැකගත හැකි වන තුරු
empty,මම ඔරිජිනල් එකේ ඉන්නම්
neutral,මට මෑතකදී ටොන් ගණනක් බර වැඩි වුණා කියලා මගේ අවධානයට ලක් වෙලා තියෙනවා ඔහු දැනගෙන හිටියේ නැහැ ඒ මම කියලා
sadness,චාලීන් මගේ ආදරේ මට ඔයාව මතක් වෙනවා
neutral,මෑතකදී මම ටොන් ගණනක් බර වැඩි කර ගත් ඔබේ මිතුරෙකුගෙන් එය මගේ අවධානයට ලක්ව ඇත ඔහු දැන සිටියේ නැහැ ඒ මම කියලා
neutral,අනුමාන කරනවා ඒක නම් එපා කෙල්ලේ මම තාමත් ජිම් එකේ ඉන්නේ උදේ පාන්දර වැඩ කරනවා
sadness,අනේ නෑ මම ටයර් එකක් ගැහුවොත් ඔයාට ඇත්තටම බැට්මෑන් දුම් ටිකක් යවන්න වෙනවා
sadness,අපි හැමෝටම දේවල් හොඳ වෙයි
neutral,මගේ කොණ්ඩේ කොච්චර හොඳ රැලි සහිත පෙනුමක් තිබුණත් ඒක මගේ අත් ආවරණය කර ඇති කර්ලර් එකෙන් ලැබෙන පිළිස්සීමට සාධාරණීකරණය නොකරන බව තීරණය කළා මම ඒක උළුක්කු කරනවා
sadness,ඔයා දිනුම් රකීම් සුසුම් හෙළනවා
surprise,ඊව් අකමැතියි
sadness,තවමත් එය බැටළු පැටවෙකු නොමැති වීම කණගාටුවට කරුණක්
neutral,ඒක පැය ගණනක් තිස්සේ හොඳටම ඇති
worry,ඉක්මනින් නින්ද ගියා
worry,ට්විටාස්කෝප් එක මගේ මේස් රොක් කරන්නේ නැහැ
worry,ඒ නිසා මට අලුත් හිමිකරුවෙක්
hate,මම ඔට්ටු අල්ලනවා එස්ආර් එකේ සිසිල් වෙලා කියලා හහ් ඒක මෙතන නැහැ තාත්තයි මමයි බෑග් කරනකොට දවල් ඉඳන් මම දාඩිය දැම්මේ නැහැ
neutral,මම නිදාගන්න කියලා හිතාගෙන ඉන්නවා
neutral,මගේ ශුභවාදී දේවල් අපි හැමෝටම හොඳ වෙයි කියලා අහලා මට දුකයි
worry,ඒ නිසා මට අලුත් හිමිකරුවෙක්
neutral,ම්ම්ම් ගොඩක් හොඳ දවසක් තාමත් යූඩීඑස් එකේ අන්තිම දවස හොඳටම කලින්
sadness,කේක් කෑල්ල අමතක කරපු නිසා ආපහු ගෙදර යනවා
sadness,නමුත් මට සුලු ගැන ගැටළු ඇති වුණා
worry,මට සමාවෙන්න මම හිතන්නේ නැහැ මම අඩුම තරමේ කා එක්කවත් සසඳන විට
neutral,සිකුරාදා රෑ ලයිට් වල පළවෙනි කතාමාලාවේ නියමුවා හරහා යන්න මම උත්සාහ කරනවා
sadness,ඔව් ඒකෙ භයානක කොකාටූස් තමයි ජීවත් වෙන්න අමාරුම දේ ඒක හරිම හැඟීම්බර හොඳ දෙයක් එයා ඔයාව හොයාගත්තා
sadness,මගේ අම්මලා මට ඡන්දෙ දෙන එක නවත්තන එක ගැන සහ කෙටිකතාව දිනන්නෙ නැති එක ගැන මට තවත් දැනෙන්න දෙන්න හදනවා මම ඇඬුවා වගේ
neutral,ආපහු නිදිමත නැහැ ආයෙත් වැඩ වැඩියි
worry,නරක යාළුවෙක්
worry,ගර්භනී කාන්තාවන් දුම්පානය කරනවා දකින විට මට වෛර කරනවා ඒක හරිම වගකීම් විරහිතයි ආත්මාර්ථකාමීයි
sadness,ඊයේ රෑ ඉන්ටර්නෙට් නෑඒක හරිම කම්මැලියිඊළඟ රෑ ඔයාව දැක්කේ නෑ
neutral,ඒ නිසා ඔයාට නටන්න පුළුවන් කියලා හිතනවා
worry,මගේ යාළුවෙක්ගෙන් ඒක ඇහුණා මම මෑතකදී බර වැඩි වුණා
neutral,ගුරුතුමා කියනවා ඔයාගේ කැල්කියුලේටරය ගේන්න කියලා
hate,අනේ ඔයා
sadness,මම දැන් තමයි පටන් ගත්තේ
surprise,ගුවන් ටිකට්පත් මෙතරම් මිල අධික ඇයි
neutral,ඔයා කවදාවත් ඔයාගේ ඩීඑම් එකට උත්තර දුන්නේ නෑ මම ඔයාට ඔයාගේ තොරතුරු එව්වා
neutral,අනෙක් අයගේ ජීවිත පිළිබඳ ටැබ්ලොයිඩ් කියවීම සිතමින් මගේ බබා ගියාම මම මගේ එක්ක මොකද කරන්නේ
sadness,ඒක හරියට තඩ් තඩ් වගේ
worry,අනේ දෙවියනේ ටිෂූ එක දාන්න
fun,ඊයේ රෑ අන්තර්ජාලය නැහැ ළඟපාත ගෑස් වැඩ කෙළවරේ දැවැන්ත පිපිරීමක් සිදුවුණා ස්ටෑන්ඩ්බයි එකේ මොකද ගුවන් සේවා හරිම දුර්වලයි
worry,ට්විටාස්කෝප් එක මගේ මේස් දැනටමත් හෙල්ලිලා යනවා
sadness,මම හිතන්නේ සර් එකේ ඒක සිසිල් වෙලා කියලා හහ් ඒක මෙතන නැහැ තාත්තයි මමයි බඩු ගන්නකොට දවල් ඉඳන් මම දාඩිය දානවා නවත්තලා නැහැ
worry,මට නිදාගන්න බෑ නමුත් මට චලනය වෙන්න අමාරුයි
sadness,මම මෑතකදී ටොන් ගණනක් බර වැඩි කරගත්තා
worry,වැඩ කරන්න හිතෙන්නේ නැහැ මම හිතන්නේ මම මේක නිතර නිතර ට්වීට් කරනවා
neutral,මම කලින් වගේ පෙනුන විදියට වඩා අඩුම තරමේ මම එළියට වෙලා ඉන්නේ නැහැ කියලා මම හිතනවා
worry,මට ගොඩක් අවුල්
worry,නෑ ඒගොල්ලෝ ඔක්කොම නිදි මොකද එයාලා නැගෙනහිර වෙරළේ ජීවත් වෙන්නේ
neutral,මගේ දත් සහ හිස රිදෙනවා
surprise,මම ගොඩක් අවුල්
sadness,මට මගේ බලු පැටියා නැතුව පාලුයි
worry,අව්වේ විනෝද වුණා හ්ම්ම් ඒක සීතලයි
sadness,මට නිදාගන්න ඕනේ නමුත් මට මහන්සිත් නැහැ
neutral,මට මගේ බබාව මතක් වෙනවා
worry,රිෆන්ඩ් නෑ ඒත් ඒවා රිප්ට් කරනවා
worry,දැන් මට ඉරුවාරදය නවත්තන්න ඕන
sadness,ෆිලීගේ කටහඬ ඇහෙනවා මම ඒකට ආදරෙයි ම්ම් චීස් ස්ටීක් මගේ පෙම්වතා නැති වුණාට මම නිවාඩුවට ආදරෙයි
fun,ඒක තියෙනවා මගේ යාළුවෙක්ගෙන් මට දැනගන්න ලැබුණා මම මෑතකදී බර ටොන් එකක් වැඩි වුණා එයා දැනගෙන හිටියේ නැහැ ඒ මම කියලා
neutral,ගුරුතුමා කියනවා ඔයාගේ කැල්කියුලේටරය ගේන්න කියලා
sadness,පසුගිය ගිම්හානයේ ආරම්භය තිබුණු ආකාරයට දේවල් නැවත යන්න මම කැමතියි
hate,මට නිදාගන්න බෑ
worry,සහ ඔවුන්ගේ පළමු හැඟීම් මාරු කරන සියලුම කාන්තාවන් ලිංගිකත්වය අඩු තර්ජනාත්මක මිනිසෙකු කෙරෙහි මාතෘත්වය ඔහු තරම්ම දුර්වලයි
worry,ම්ම් ඔව් ඒක මටම හොඳ සටහනක් වෙන්න ඇති මොකද ඊඊ නරකයි
neutral,ඒක ගල් සීතලයි පිස්සුවක්
empty,මගේ පරතරය අවුරුද්ද හරිම ඉක්මනට ගෙවෙනවා
worry,නෑ ඒ හැමෝම නිදාගෙන ඉන්නේ මොකද එයාලා නැගෙනහිර වෙරළේ ජීවත් වෙන්නේ
worry,මම ටැකෝසෝන් ස්ථානයට ගොඩක් ළඟින් හිටියා
neutral,තාම බැටළු පැටවෙකු නොමැති වීම කණගාටුවට කරුණක්
neutral,බොරුකියා
worry,ඇත්තටම මගේ සයිස් එකේ ඒවා ඉතුරු වෙලා නැහැ
neutral,මම කලින් වගේ පෙනුන විදියට වඩා අඩුම තරමේ මම එළියට වෙලා ඉන්නේ නැහැ කියලා මම හිතනවා
worry,ඒ කතාව පෘතුගාලයේ ජීවත් වීම මතක් කරනවා
surprise,ගෑණු ළමයෙක් දැන් මගේ සිතුවිලි වල හරිම මෝඩයි
hate,මම ඔට්ටු අල්ලනවා ඒක මෙතන නැහැ
worry,සතිය ඒ විදියටම තිබුණේ නැහැ
sadness,මට කණගාටුයි මම හිතන්නේ නැහැ මම කලින් වගේ පෙනුන දේට සාපේක්ෂව මම අඩුම තරමින් එළියට වෙලා ඉන්නවා කියලා
happiness,මම හිතන්නේ මගේ උගුර ඇත්තටම රිදෙනවා
worry,මම ගිටාර් වලට ආදරෙයි ඒවා වාදනය කරනවා මම හිතන්නේ මම වඩා හොඳ නම් ඒවා විශිෂ්ට ලෙස ශබ්ද කරනවා
worry,ගෙදර යන්න ඕන
neutral,මගේ පොත හොයාගත්තා අද රෑ ඇත්ත කඩදාසි බැඳපු සඟරාවක් පටන් ගන්නකොට මගේ තොල් උඩින් කරදරකාරී ලපයක් තියෙනවා මට හර්පීස් තියෙනවා වගේ පේනවා
neutral,ගොඩක් පරක්කු වෙලා ඇති
sadness,මට ඇත්තටම ගනුදෙනු කරන්න ඕන නෑ
neutral,හහහ ඒක භයානක නැහැ වෙන එකක් නම්
worry,හරිම කරකැවිල්ලක් දැනෙනවා
sadness,තවමත් එය බැටළු පැටවෙකු නොමැති වීම කණගාටුවට කරුණක්
neutral,කමක් නෑ මේක ගොඩගන්න බෑ කියලා මම හිතනවා
hate,ඔයා කවදාවත් ඔයාගේ ඩීඑම් එකට උත්තර දුන්නේ නැහැ මම ඔයාට ඔයාගේ තොරතුරු එව්වා
hate,සමලිංගිකයින්ට නම් මම අද රෑ විතරයි හැදුවේ
neutral,මගේ අම්මලා මට ඡන්දය දීම නවත්තලා කෙටි කාලයක් දිනන්නේ නැති එක ගැන දැනෙන්න හදන්නේ
worry,ගෑණු ළමයෙක් දැන් මගේ සිතුවිලි වල ඉන්නවා මට ආතතිකාරක කිහිපයක් සමඟ නියම දවසක් ගත කළා
sadness,මට සමාවෙන්න මම කලින් වගේ පෙනුන දේට සාපේක්ෂව මම අඩුම තරමින් ඈත් වෙලා ඉන්නේ නැහැ
worry,ට්විටාස්කෝප් එක මගේ මේස් දැනටමත් හෙල්ලිලා යනවා
worry,සතිය ඒ විදියටම තිබුණේ නැහැ
neutral,අසල ගෑස් වර්ක්ස් එකක අන්තිමට ලොකු පිපිරීමක් වුණා
sadness,සමලිංගිකයන් සඳහා මම අද රෑ විතරයි හැදුවේ
worry,මට පීඩනකාරක කිහිපයක් එක්ක නියම දවසක් තිබුණා
sadness,මම හිතන්නේ සර් එකේ ඒක සිසිල් වෙලා කියලා හහ් ඒක මෙතන නැහැ තාත්තයි මමයි බඩු පැක් කරනකොට දවල් ඉඳන් මම දාඩිය දානවා නවත්තලා නැහැ
worry,ගෙදර යන්න ඕන
sadness,හිසරදයක් එක්ක ඇඳේ වැතිර ඉන්නවා අහ්හ්හ්හ්හ් ඔයාගෙ කෝල් එක එනකම් ඉන්න
happiness,ක්වයි නයිට් පැය ගානක් ගියා
relief,බොරුකියාඔයාට හැමදේටම බොරු කියන්න බෑ
neutral,මම දැන් යන්නෙ නෑ කෙල්ලේ මම තාමත් ජිම් එකේ වැඩ කරනවා
neutral,ගර්භනී කාන්තාවන් දුම්පානය කරනවා දකින විට මට වෛර කරනවා ඒක වගකීම් විරහිතයි ආත්මාර්ථකාමීයි ඒක සාද් අවසානයේ බබා දුක් විඳිනවා කියලා මට වෛර කරනවා
surprise,මගේ යාළුවා මම මෑතකදී ටොන් ගණනක් බර වැඩි වුණා ඒ මම කියලා එයා දැනගෙන හිටියේ නැහැ
worry,අනේ ඔයාට රහස ගැන මට කියන්න බැහැ
neutral,මම නව ට්විටර්ෆෝන් යාවත්කාලීනය බාගත කළේ ඔවුන් නව ට්වීට් සඳහා ටයිප් කිරීමේ ගැටලුව විසඳනවා කියලා හිතාගෙන නමුත් නැහැ ඔවුන් එසේ කළේ නැහැ
neutral,ඔයා දුක් විඳිනවා
worry,එය තවමත් කණගාටුදායකයි
sadness,හිසරදයක් එක්ක ඇඳේ වැතිර ඉන්නවා අහ්හ්හ්හ්හ් ඔයාගෙ කෝල් එක එනකම් ඉන්න
neutral,ඔව් මට හොඳටම නින්ද ගිහින් නැති නිසා මම අම්මාව ඇහැරෙව්වා මොකද මම ගායනා කරමින් හිටියා ඇය ඔයා ගැන පැහැදීමක් නෑ
sadness,තවදුරටත් සංවර්ධනයක් අත්අඩංගුවට ගත්තේ නැහැ මට දුකයි
worry,මම සිකුරාදා නයිට් ලයිට් එකේ පළවෙනි කතාමාලාවේ නියමු කොටස හරහා යන්න උත්සාහ කරනවා
worry,මට කේක් කෑල්ල අමතක වෙලා නිසා ගෙදර යන්න වෙනවා
sadness,ඔයා ඔයාගේ වැඩ ඔක්කොම ඉවර කරලා තව පැය ගණනක් වැඩ කරන වෙලාව ඉතුරු වෙලා තියෙද්දි ඔයා ඒකට කැමති නැද්ද
neutral,අනේ ඔයාට රහස ගැන කියන්න බෑ
neutral,ඒ කුකීස් කන්න හොඳ නැහැ
love,මම ටැකෝසෝන් ස්ථානයට ගොඩක් පරක්කු වුණා
worry,අව්වේ විනෝද වුණා හ්ම්ම් ඒක සීතලයි
neutral,නිදන කාමර ගෘහ භාණ්ඩ සියල්ල පින්තාරු කිරීම අවසන්
worry,ආව් ඔයාට රහස ගැන මට කියන්න බැහැ
neutral,ම්ම්ම් ගොඩක් හොඳ දවසක් තාමත් යූඩීඑස් එකේ අන්තිම දවස හොඳටම කලින්
happiness,නෑ ඒ හැමෝම නිදාගෙන ඉන්නවා මොකද එයාලා නැගෙනහිර වෙරළේ ජීවත් වෙනවා
worry,ම්ම් ඔව් ඒක මටම හොඳ සටහනක් වෙන්න ඇති මොකද ඊඊ මම එතන හිටියා නම් කියලා හිතෙනවා
sadness,ගෑණු ළමයෙක් දැන් මගේ සිතුවිලි වල ඉන්නවා
surprise,ඇත්තටම නිදිමත නැහැ කම්මැලියි ඒක තමයි හරි වචනය
fun,ගැබිනි කාන්තාවන් දුම්පානය කරනවා දකිනකොට මට ඒක හරිම වගකීම් විරහිතයි ආත්මාර්ථකාමීයි ඒක තමයි අන්තිමේදී බබා තමයි දුක් විඳින්නේ
surprise,මගේ අම්මලා ඡන්දය දීම නවත්තලා කෙටි කාලයක් දිනන්නේ නැති එක ගැන මට දැනෙන්න සලස්වන්න හදනවා
boredom,ඩොක්ටර්ස් බෙහෙත් වට්ටෝරු වැඩ කරන්නේ නෑ
worry,මට මෑතකදී ටොන් එකක් බර වැඩි වුණා කියලා මගේ අවධානයට ලක් වෙලා තියෙනවා එයා දැනගෙන හිටියේ නැහැ ඒ මම කියලා
sadness,එය බැටළු පැටවෙකු නොමැති වීම කණගාටුවට කරුණකි
worry,මම දැන් ඒ ජරාව කරනවා මම නිවාඩුවක් ගත කරනවා ඔයා මාව වැඩට යැව්වා
neutral,මට තවමත් මේසය කරන්න වෙනවා නමුත් එය මාරුවෙන් පසු බලා සිටිනු ඇත උණුසුම
worry,අවසානයේ බබා තමයි දුක් විඳින්නේ
sadness,මම හිතන්නේ සර් එකේ ඒක සිසිල් වෙලා කියලා හහ් ඒක මෙතන නැහැ තාත්තයි මමයි බඩු පැක් කරනකොට දවල් ඉඳන් මම දාඩිය දානවා නවත්තලා නැහැ
empty,ඇත්තටම ඇත්තටම කම්මැලියි මම නිදාගන්නවා කියලා මම හිතනවා
worry,ඇත්තටම වේදනාව බ්ලෙච්
sadness,ඒක මෙහෙ නෑ මමයි තාත්තයි බෑග් පැක් කරනකොට දවල් ඉඳන් මට දාඩිය දාල නෑ
neutral,මට මෑතකදී ටොන් ගණනක් බර වැඩි වුණා කියලා මගේ අවධානයට ලක් වෙලා තියෙනවා ඔහු දැනගෙන හිටියේ නැහැ ඒ මම කියලා
sadness,මුදල් ආපසු ගෙවීමක් නැත නමුත් ඔවුන් ගිණුම් ලබා ගැනීමට සතියක් වගේ කාලයක් ගත වෙනවා සොරා හැක් භාවිතා කරන්නේ නැහැ කියලා බලාපොරොත්තු වෙනවා නැත්නම් ඒක ස්ථිරයි
worry,කේක් කෑල්ල අමතක වුණු නිසා ආපහු ගෙදර යනකොට
worry,මගේ ශුභවාදී දේවල් අපි හැමෝටම හොඳ වෙයි කියලා අහන්න ලැබීම ගැන මට කණගාටුයි
sadness,ඔව් ඒකෙ භයානක කොකාටූස් තමයි ජීවත් වෙන්න අමාරුම දේ ඒක හරිම හැඟීම්බර හොඳ දෙයක් එයා ඔයාව හොයාගත්තා
happiness,අද රෑ මම ගෙදර ඉන්නවා
worry,මට කණගාටුයි මම හිතන්නේ නැහැ මම කලින් වගේ පෙනුන දේට සාපේක්ෂව අඩුම තරමින් මම ඉවත් වෙලා ඉන්නවා කියලා
sadness,වැස්ස මැදින් ගෙදර යන්න එච්චර ආසාවක් නෑ
sadness,අනේ නෑ මම ටයර් එකක් ගැහුවොත් ඔයාට ඇත්තටම බැට්මෑන් දුම් ටිකක් යවන්න වෙනවා
hate,මට සමාවෙන්න
worry,සිකුරාදා නයිට් ලයිට් වල පළවෙනි සීසන් එකේ පයිලට් එක හරහා යන්න හදනවා දෙයියනේ දෙවියනේ ටිෂූ එක පාස් කරන්න
neutral,ගර්භනී කාන්තාවන් දුම්පානය කරනවා දකින විට මට වෛර කරනවා ඒක වගකීම් විරහිතයි ආත්මාර්ථකාමීයි ඒක සාද් අවසානයේ බබා දුක් විඳිනවා කියලා මට වෛර කරනවා
empty,මගේ පරතරය අවුරුද්ද හරිම ඉක්මනට ගෙවෙනවා
hate,මෑතකදී මම ටොන් ගණනක් බර වැඩි කර ගත් ඔබේ මිතුරෙකුගෙන් එය මගේ අවධානයට ලක්ව ඇත ඔහු ඒ මම කියලා දැන සිටියේ නැත
worry,ඒක මාව අවුස්සනවා මට එරිකාට පස්සෙන් එන්න දෙන්නේ නැහැ
sadness,කුණාටුව ඇවිත් විදුලිය නැති වෙලා
worry,ඒ කුකීස් කන්න හොඳ නැහැ
neutral,අනේ කමක් නෑ මේක ගොඩගන්න බෑ කියලා මම හිතනවා
neutral,නයිට් එන්න පැය ගානක් ගියා
worry,මම මගේ බල්ලට ගොඩක් ආදරෙයි
sadness,චාලීන් මගේ ආදරේ මට ඔයාව මතක් වෙනවා
worry,අනුමාන කරන්න බෑ
surprise,මුදල් ආපසු ගෙවීමක් නැත නමුත් ඔවුන් ගිණුම් නැවත ලබා ගනී සතියක් වැනි කාලයක් ගතවේ සොරා හැක් භාවිතා නොකරනු ඇතැයි බලාපොරොත්තු වෙමි නැතහොත් එය ස්ථිරයි
fun,චොකලට් වලින් මොකක්ද
neutral,මම ඔට්ටු අල්ලනවා එස්ආර් එකේ සිසිල් වෙලා කියලා හහ් ඒක මෙතන නැහැ තාත්තයි මමයි බෑග් කරනකොට දවල් ඉඳන් මම දහවල් ඉඳන් දහඩිය දැම්මේ නැහැ
surprise,මම මගේ කකුල පුරාම බියර් හැලුවා ගෙදර මගේ බියර් භාගයක් නාස්ති කළා දැන් මට හුරුබුහුටි ගැහැණු ළමයෙක් මුණගැහුණා හොඳ සංවාදයක්
enthusiasm,මගේ යාළුවෙක්ගෙන් ඒක මගේ අවධානයට යොමු වෙලා තියෙනවා මම මෑතකදී බර වැඩි වුණා එයා දැනගෙන හිටියේ නැහැ ඒ මම කියලා
worry,නමුත් දැන් මට දුරකථනයක් ගන්න සල්ලි නැහැ
sadness,මම සිකුරාදා රෑ ලයිට් වල පළවෙනි කතාමාලාවේ නියමුවා හරහා යන්න හදනවා අනේ දෙවියනේ ටිෂූ එක පාස් කරන්න
worry,ආව් ඔයාට රහස ගැන මට කියන්න බෑ
worry,ම්ම් ඔව් ඒක මටම හොඳ සටහනක් වෙන්න ඇති මොකද ඊඊඊඊඊ
neutral,රතු යක්ෂයෝ හරිම කණගාටුදායකයි අවම වශයෙන් කිව යුතුයි
sadness,ඔයා ඔයාගේ වැඩ ඔක්කොම ඉවර කරලා තව පැය ගණනක් වැඩ කරන වෙලාව ඉතුරු වෙලා තියෙද්දි ඔයා ඒකට කැමති නැද්ද
sadness,ගුරුතුමා කිව්වා කැල්කියුලේටරය ගේන්න කියලා
enthusiasm,දැන් මට කිසිම දෙයක් කරන්න බෑ
neutral,ම්ම්ම් ගොඩක් හොඳ දවසක් තාමත් යූඩීඑස් එකේ අන්තිම දවස හොඳටම කලින්
sadness,ලූක් විශ්වාසයි
worry,මට මෑතකදී ටොන් එකක් බර වැඩි වුණා කියලා මගේ අවධානයට ලක් වෙලා තියෙනවා එයා දැනගෙන හිටියේ නැහැ ඒ මම කියලා
hate,මම යනවා
neutral,බොරුකියා
neutral,මෙන්න මගේ ශුභවාදී දේවල් හැමෝටම හොඳ වෙයි කියලා අහන්න ලැබීම ගැන මට කණගාටුයි අපේ
sadness,අපි
worry,ඊව්ව් අකමැතියි
worry,අනේ හරිම නරකයි මම හිතනවා ඒක හොඳ වෙයි කියලා මම හිතනවා මෑතකදී මට නින්දේ ගැටළු ඇති වුණා
neutral,මගේ දත් සහ හිස රිදෙනවා
sadness,ඇඳේ වැතිරිලා ඉන්නවා වේලාසන වැඩියි
empty,පසුගිය ගිම්හානයේ ආරම්භය වගේ දේවල් ආපහු යන්න මම කැමතියි
neutral,ඒගොල්ලෝ කිව්වා මම ඒක කරන්නම් කියලා
worry,මට කේක් කෑල්ල අමතක වෙලා නිසා ගෙදර යන්න වෙනවා
boredom,මම ඒක විවෘත කළාම මේ වෙබ් අඩවිය මට වෛරසයක් දුන්නා තවත් කවුළු මතු වෙනවා
sadness,කරන්න කිසිම දෙයක් නැහැ
neutral,මට කවදාවත් එපා කියන්න බෑ
neutral,ආව් ඔයා මාව අෆ්ලො කරන්නේ නැද්ද එහෙනම් මම අඬනවා
hate,මම නිවාඩුවක් යනවා
sadness,කමක් නෑ මේක ගොඩගන්න බෑ කියලා මම හිතනවා
neutral,ඇත්තටම නිදිමත නැහැ කම්මැලියි කියන එක තමයි නිවැරදි වචනය නැවතත් වැඩි වැඩක් නැහැ
hate,ගැබිනි කාන්තාවන් දුම්පානය කරනවා දකිනකොට මට ඒක හරිම වගකීම් විරහිතයි ආත්මාර්ථකාමීයි
worry,මොකද ගුවන් සමාගම් සුපිරි කම්මැලියි
neutral,මම හිතන්නේ ඒක සිසිල් වෙලා කියලා හහ් ඒක මෙතන නැහැ තාත්තයි මමයි බෑග් හදනකොට දවල් ඉඳන් මම දහවල් ඉඳන් දහඩිය දැම්මේ නැහැ
love,වයිකොනෙඩුමාරන් එල්ටීටීඊ වගේ යාළුවෝ එක්ක වැරදි වෙලාවක වැරදි උපදෙස් ඕන වුණේ නෑ වැරදි වෙලාවට වැරදි උපදෙස් ඕන තරම් මරණ වලට හේතු වුණා ඒ වගේම නැති වුණු හේතුවක් නිසා
love,ඇත්තටම නිදිමත නැහැ කම්මැලියි කියන එක තමයි නිවැරදි වචනය නැවතත් එතරම් වැඩක් නැහැ
surprise,ඔයා දියවැඩියා රෝගියෙක් ඒ වගේම මගේ තාත්තා ඇම්ප් මටත් විශ්වාස නැහැ ඔයාට තාමත් දවස පුරාම සීනි කන්න අවසර තියෙනවද කියලා
neutral,කවුරුත් ඒක අල්ලගෙන හිටියේ නැහැ
sadness,ඇත්තටම නිදිමත නෑ කම්මැලියි කියන එක තමයි හරි වචනේ වැඩිය වැඩ නෑ
worry,ඇත්තටම මගේ සයිස් එකේ ඒවා ඉතුරු වෙලා නැහැ
worry,හොඳයි උදේ මිනිස්සු හිරු එළිය වැටෙනවා වසන්තයේ දැන් අපිට අපේ පළමු වසන්ත හිම කැට කුණාටුව ආවා මගේ කාර් එකට දැන් ඩිම්පල් තියෙනවා
hate,ඇඳේ වැතිර ඉන්නවා ෆාආ අඩුම තරමේ මම කලින් වගේ හිටියාට සාපේක්ෂව
worry,ආහ් නයිට් ඒක පැය ගණනක් ගත වෙලා තියෙනවා
worry,හොඳයි උදේ මිනිස්සු හිරු එළිය වැටෙනවා වසන්තයේ දැන් අපිට අපේ පළමු වසන්ත හිම කැට කුණාටුව ආවා මගේ කාර් එකට දැන් ඩිම්පල් තියෙනවා
neutral,අනේ කමක් නෑ මේක ගොඩගන්න බෑ කියලා මම හිතනවා
worry,මම අලුත් ට්විටර්ෆෝන් යාවත්කාලීනය බාගත කළා
neutral,ඔහ් ගිගුරුම් සහිත වැස්සක් ඇයි එයාලා හැම විටම විදුලිය විසන්ධි කරන්න ඕනේ
neutral,උපායශීලී වැරැද්දක්
neutral,මම හාපර්ස් දූපත බලමින් හිටියා හි හි හි හි හි හි හි හි හි හි හි හි හි හි හි හි හි හි හි හි හි හි හි හි හි හි හි හි හි හි හි හි හි හි හි හි හි හි හි හි හි හි හි හි
worry,මගේ ශුභවාදී බලාපොරොත්තුව තමයි හැමෝටම හොඳ වේවි කියලා අහලා මට දුකයි
worry,සිකුරාදා නයිට් ලයිට් වල පළවෙනි සීසන් එකේ පයිලට් එක හරහා යන්න හදනවා දෙයියනේ දෙවියනේ ටිෂූ එක පාස් කරන්න
worry,මම ඔරිජිනල් එකේ ඉවර වෙන්න යනවා
worry,ම්ම් ඔව් ඒක මටම කියන්න හොඳ සටහනක් වෙන්න ඇති
enthusiasm,මගේ ශුභවාදී බව අසා මට කණගාටුයි
worry,ගෑණු ළමයෙක් දැන් මගේ සිතුවිලි වල හරිම ලස්සන දවසක් ආතතිය ඇති කරන දේවල් කීපයක් එක්ක ගෙදර එන්න
worry,මම එහෙම කළා ටැකෝසෝන් ස්ථානයට ගොඩක් පරක්කු වෙලා
neutral,සමාජය උද්දීපනය වෙලා නැත්නම් හෙට නොවෙන්න පුළුවන්
worry,මම මගේ බල්ලට ගොඩක් ආදරෙයි
worry,ස්තූතියි නීමා මම ඔයාට ගොඩක් ළඟයි තාමත් අසනීපෙන් ඉන්නේ
neutral,ඒක ගල් සීතලයි පිස්සුවක්
sadness,තවමත් එය බැටළු පැටවෙකු නොමැති වීම කණගාටුවට කරුණක්
neutral,මම ටැකෝසෝන් ස්ථානයට ගොඩක් පරක්කු වුණා
sadness,ගෑණු ළමයෙක් දැන් මගේ සිතුවිලි වල ඉන්නවා
worry,කාලි කැඩිලා
worry,නැත්නම් මාස ගානක් ගෙදර පූසන්ව හෝදන්නේ නෑ උන්ට වතුර එපා වෙනවා
sadness,ඇඳේ වැතිර ඉන්නවා ගොඩක් කලින්
neutral,මගේ නහය ගැලවිලා ගියා මට ඒක හොයාගන්න බෑ අද ඇම්ස්ටර්ඩෑම් ගිහින් අලුත් එකක් ගන්න ඕන
neutral,ඔයා කවදාවත් ඔයාගේ ඩීඑම් එකට උත්තර දුන්නේ නෑ මම ඔයාට ඔයාගේ තොරතුරු එව්වා
love,කෙල්ලෙක් දැන් මගේ සිතුවිලි වල හරිම මොට කෙනෙක් මට ආතතිය ඇති කරන දේවල් කිහිපයක් සමඟ නියම දවසක් ගත කළා ගෙදර එන්න
sadness,අඬනවා ඒත් මට මහන්සිත් නෑ
sadness,ගර්භනී කාන්තාවන් දුම්පානය කරනවා දකිනකොට මට ඒක හරිම වගකීම් විරහිතයි ආත්මාර්ථකාමීයි ඒක හොඳයි අන්තිමේදී බබා තමයි දුක් විඳින්නේ
neutral,ගර්භනී කාන්තාවන් දුම්පානය කරනවා දකිනකොට මට වෛරයි ඒක හරිම වගකීම් විරහිතයි ආත්මාර්ථකාමීයි ඒක හොඳයි අන්තිමට බබා තමයි දුක් විඳින්නේ
neutral,සුභ උපන්දිනයක් වේවා ඔයාට නියම දවසක් ලැබේවා කියලා බලාපොරොත්තු වෙනවා ඊළඟ රෑ ඔයාව දැක්කෙ නෑ
sadness,මම අද රෑ විතරයි ඒක කළේ
neutral,මට කවදාවත් එපා කියන්න බෑ
neutral,ඒ කුකීස් කන්න හොඳ නැහැ
sadness,අනේ නයිට් පැය ගානක් ගියා
fun,මට මෑතකදී ටොන් ගණනක් බර වැඩි වුණා කියලා මගේ අවධානයට ලක් වෙලා තියෙනවා ඔහු දැනගෙන හිටියේ නැහැ ඒ මම කියලා
worry,දැන් මම බලලා මානසික අවපීඩනයෙන් පෙළෙනවා
worry,මොකද ගුවන් සේවා සුපිරි කොරයි
worry,මම ඒ ජරාව හරියට කරනවා දැන් මම නිවාඩුවක් ගත කරනවා ඔයා මට වැඩ කරන්න කියලා කිව්වා
neutral,සමාජය උද්දීපනය වෙලා නැත්නම් හෙට නොවෙන්න පුළුවන්
neutral,මම දැන් ඒ ජරාව කරනවා මම නිවාඩුවේ ඉන්නේ ඔයා මට වැඩ කරන්න හිතුනා
worry,ඉතින් මම හිතන්නේ මගේ පුතාට උණ ඇති වෙන්න ඇති මොකද මම දැන් කුණු වමනයක් පිරිසිදු කළා දුප්පත් පම්ක්පින්
hate,මට සමාවෙන්න
neutral,ගර්භනී කාන්තාවන් දුම්පානය කරනවා දකිනකොට මට ඒක හරිම වගකීම් විරහිතයි ආත්මාර්ථකාමීයි ඒක තමයි අන්තිමේදී බබා දුක් විඳින්නේ
worry,මට කණගාටුයි මම කලින් බලපු දේට සාපේක්ෂව මම අඩුම තරමින් එළියට වෙලා ඉන්නවා කියලා මම හිතන්නේ නැහැ හරියට
worry,අනේ ඔයාට රහස ගැන මට කියන්න බැහැ
sadness,අප් එක එළියට ආවා මට සංදේශය ලැබුණේ නැහැ එය පුදුම සහගතයි
sadness,ඔව් සුෂි කන්න පිනොචියෝස් වලට යන්න ටිකක් දුර වැඩියි
worry,ඔයා ආපහු ආවම මම මේ ගැන ට්වීට් කරනවා කියලා මට විශ්වාසයි ඒත් ආරංචි ගැන දැන් හරිම කතාබහක් තියෙනවා
neutral,මක්නිසාද යත් එය තවමත් ලැජ්ජාවට පත් වී ඇත
sadness,මගේ අම්මලා ඡන්දය දීම නවත්තන එක ගැන සහ කෙටි කාලයක් දිනන්නේ නැති එක ගැන මට දැනෙන්න සලස්වන්න හදනවා මම ඇඬුවා වගේ
sadness,මට ලස්සන වෙරළක් ගැන සිහිනයක් තිබුණා මම අවදි වන විට වෙරළක් තිබුණේ නැහැ
sadness,මට ගිටාර් ගොඩක් ආසයි ඒවා වාදනය කරන්නත් ඒවා සුපිරියටම ඇහෙනවා කියලා මම හිතනවා මම හොඳ නම් විතරයි
worry,ඊව් අකමැතියි
worry,මට නිදාගන්න ඕනේ ඒත් මට මහන්සිත් නෑ
sadness,ආව් ඉදිරියට සහ ඉහළට දැන් ඔව් තවමත් යන්න දුකයි මම ඔට්ටු අල්ලනවා
surprise,කාමරකරුවන් සමඟ චිලින්ගේ වැඩ කරන දිනය සොම්බි ක්ලවුන් සීආර් එනතුරු බලා සිටිය නොහැක සති ගණනක් ගතවනු ඇත
neutral,අනේ කමක් නෑ මේක ගොඩගන්න බෑ කියලා මම හිතනවා
love,මට දැන් හොඳටම ඇහැරිලා ඉන්නේ අසනීපෙන් අද දවල් ටිකක් නිදාගන්න
worry,නයිට් නයිට් එය පැය ගණනක් ගත වී ඇත
neutral,නිදන කාමර ගෘහ භාණ්ඩ ඔක්කොම තීන්ත ගාලා ඉවරයි මට තාම මේසය හදන්න වෙනවා නමුත් ඒක මාරුවෙන් පස්සේ බලා ඉන්න වෙයි
neutral,මම දවස් ගානක් ටෝච්වුඩ් බලන්න ලෑස්තියි එයාලා මොනවා හරි ඇහුවද කියලා බලන්න
worry,ගර්භනී කාන්තාවන් දුම්පානය කරනවා දකින විට මට වෛර කරනවා ඒක හරිම වගකීම් විරහිතයි ආත්මාර්ථකාමීයි ඒක හොඳයි අන්තිමේදී බබා තමයි දුක් විඳින්නේ
neutral,නයිට් එන්න පැය ගානක් ගියා
sadness,ඒක තියෙනවා මගේ යාළුවෙක්ගෙන් මට ආරංචි වුණා එයා ළඟදී බර වැඩි වුණා එයා දැනගෙන හිටියේ නැහැ ඒ මම කියලා
worry,මගේ ශුභවාදී බලාපොරොත්තුව තමයි හැමෝටම හොඳ වේවි කියලා අහලා මට දුකයි
neutral,උදේ දෙතුන් පාරක් උදේ පාන්දරින්ම ආපහු යන්න
surprise,මුදල් ආපසු ගෙවීමක් නැත නමුත් ඔවුන් ගිණුම් නැවත ලබා ගනී සතියක් වැනි කාලයක් ගතවේ සොරා හැක් භාවිතා නොකරනු ඇතැයි බලාපොරොත්තු වෙමි නැතහොත් එය ස්ථිරයි
enthusiasm,මට ඒක මග හැරුණා
worry,ගිණුම් කරන ආකාරය තව ටිකක් එකතු කරනවා කෙටි කාලීනව පීඩනය හොඳයි නමුත් හොඳින් මුහුණ දෙන්න
neutral,ආහ් මගේ කාමරය වටා පියාසර කරන ලොකු භයානක දෝෂයක්
sadness,මගේ ශුභවාදී බව අහන්න ලැබීම ගැන මට කණගාටුයි අපි හැමෝටම දේවල් හොඳ වෙයි
worry,ආපසු ගෙවීම් නැත නමුත් ඔවුන් ගිණුම් ලබා ගනී සතියක් වැනි කාලයක් ගතවේ සොරා හැක් භාවිතා නොකරනු ඇතැයි බලාපොරොත්තු වෙමි නැතහොත් එය ස්ථිරයි
love,මට දැන් හොඳටම ඇහැරිලා ඉන්නේ අසනීපෙන් අද දවල් ටිකක් නිදාගන්න
neutral,ඔව් මට හොඳටම නින්ද ගිහින් නැති නිසා මම අම්මාව ඇහැරෙව්වා මොකද මම ගායනා කරමින් හිටියා ඇය ඔයා ගැන පැහැදීමක් නෑ
happiness,මට ගොඩක් අවුල්
worry,ආව් ඔයාට රහස ගැන මට කියන්න බෑ
empty,පසුගිය ගිම්හානයේ ආරම්භය වගේ දේවල් ආපහු යන්න මම කැමතියි
neutral,ආත්මාර්ථකාමීයි අන්තිමට බබා තමයි දුක් විඳින්නේ
hate,මම යනවා
worry,සිකුරාදා රෑ ලයිට් එක දානවා අනේ දෙවියනේ
neutral,ම්ම් ඔව් ඒක මටම හොඳ සටහනක් වෙන්න ඇති මොකද ඊඊ ගමේ කොටසේ ගෙදර වැඩ කරනකොට මගේ සුපුරුදු සහකරු නැති වෙනකම්
hate,ඊව් ඩේලි
sadness,ගුරුතුමා කිව්වා කැල්කියුලේටරය ගේන්න කියලා
worry,ඉක්මනින් නින්ද ගියා
hate,මම ඔට්ටු අල්ලනවා එස්ආර් එකේ සිසිල් වෙලා කියලා හහ් ඒක මෙතන නැහැ තාත්තයි මමයි බෑග් කරනකොට දවල් ඉඳන් මම දාඩිය දැම්මේ නැහැ
love,ඊයේ රෑ අන්තර්ජාලය නැහැ
anger,ගැහැණු ළමයෙක් දැන් මගේ සිතුවිලි වල හරිම මෝඩයි
love,තවදුරටත් සංවර්ධනයක් අත් අඩංගුවට ගත්තේ නැහැ මට දුකයි
hate,මගේ ට්විටර් එක ආයෙත් හැක් කරලා
surprise,මගේ අම්මලා මට ඡන්දෙ දෙන එක නවත්තන එක ගැන සහ කෙටිකතාව දිනන්නෙ නැති එක ගැන මට දැනෙන්න දෙන්න හදනවා මම ඇඬුවා වගේ
worry,ට්විටාස්කෝප් එක මගේ මේස් රොක් කරන්නේ නැහැ දැනටමත්
worry,ඔයාට රහස කියන්න බෑ
sadness,එල්පීත් නෑ
happiness,යෝජනාව අගය කරනවා දැන් සතියක් වෙනවා තාමත් මුදල් ආපසු ඉල්ලන්න කාලයයි
sadness,අනේ නයිට් පැය ගානක් ගියා
surprise,ඒක මාව අවුස්සනවා මට එරිකා පසුපස යන්න දෙන්නේ නැහැ
neutral,උපායශීලී වැරැද්දක්
neutral,ඇත්තටම නිදිමත නැහැ කම්මැලියි කියන එක තමයි නිවැරදි වචනය නැවතත් වැඩි වැඩක් නැහැ
surprise,තවදුරටත් කිසිදු අත්අඩංගුවට ගැනීමක් නැහැ මට දුකයි
worry,ඒක නම් එපා
sadness,මගේ අම්මලා ඡන්දය දීම නවත්තන එක ගැන සහ කෙටි කාලයක් දිනන්නේ නැති එක ගැන මට දැනෙන්න සලස්වන්න හදනවා මම ඇඬුවා වගේ
neutral,මාර්ගයෙන් එහා පැත්තේ ඉන්න කාන්තාවට ගබ්සාවක් වුණා යාච්ඤාවක් කියන්න
worry,මොකද ගුවන් සේවා සුපිරි කොරයි
neutral,ඇත්තටම නිදිමත නැහැ නැවතත් නිවැරදි වචනය එතරම් වැඩක් නැහැ
sadness,අනේ
happiness,තාම බැටළු පැටවෙක් නැති එක කණගාටුවට කරුණක්
sadness,මගේ අම්මලා මට ඡන්දෙ දෙන එක නවත්තන එක ගැන සහ කෙටිකතාව දිනන්නෙ නැති එක ගැන මට තවත් දැනෙන්න දෙන්න හදනවා මම ඇඬුවා වගේ
sadness,මට ඔයාව හැමදාම ඕන කියලා ඔයා කොහොමද ඒත්තු ගන්නේ මම හැමදාම දුන්න සංඥා මොනවද කියලා මම හිතන්නේ මට තව යාළුවෙක් නැති වුණා කියලා
worry,තාමත් එයාගේ මහත්තයා නැති වෙනවා මට එයාව ගෙදර ඕන
sadness,ම්ම් ඔව් ඒක මටම කියන්න හොඳ සටහනක් වෙන්න ඇති මොකද ඊඊඊඊඊ
sadness,සමලිංගිකයන් සඳහා මම අද රෑ විතරයි හැදුවේ
neutral,ඇත්තටම නිදිමත නෑ කම්මැලියි කියන එක තමයි හරි වචනය ආයෙත් එච්චර වැඩක් නෑ
hate,මට නිදාගන්න බෑ
worry,වැඩසටහන් සඳහා තවත් කාලයක් ගත වෙනවා
sadness,හරි මගීන් කවුරුත් ජීවතුන් අතර නැහැ ඒ හැමෝම මැරිලා ඔයා ඒක දන්නේ නැහැ අන්තිම වෙනකම් ඔයා අඬනවා
fun,අනේ මට ඇත්තටම මගේ මුහුණ පේන්නේ නැහැ යාලුවනේ
love,මම ගිටාර් වලට ආදරෙයි ඒවා වාදනය කරනවා මම හොඳ නම් ඒවා විශිෂ්ටයි කියලා මම හිතනවා
sadness,ඩොක්ස් බෙහෙත් වට්ටෝරු වැඩ කරන්නේ නෑ කියලා
worry,තාම ඒකේ බැටළු පැටවෙක් නැති එක කණගාටුවට කරුණක්
sadness,ඇඳේ වැතිරිලා ඉන්නවා ගොඩක් කලින්
worry,කාලි කැඩිලා
hate,ටේලර් ස්විෆ්ට් සහ ජෝ ජොනාස් හොඳටම එකට පෙනුනා එයාලා වෙන් වුණාට පස්සේ මට දුකයි
neutral,අනේ කමක් නෑ මේක ගොඩගන්න බෑ කියලා මම හිතනවා
sadness,ඇත්තටම නිදිමත නැහැ කම්මැලියි කියන එක තමයි ආයෙත් හරි වචනය වැඩි වැඩ නැහැ
enthusiasm,මගේ යාළුවෙක්ගෙන් ඒක මගේ අවධානයට යොමු වෙලා තියෙනවා මම මෑතකදී බර වැඩි වුණා එයා දැනගෙන හිටියේ නැහැ ඒ මම කියලා
worry,මෙන්න මගේ ශුභවාදී දේවල් අපි හැමෝටම හොඳ වේවි කියලා අහන්න ලැබීම ගැන මට කණගාටුයි
fun,කවුරුත් ඒක අල්ලගත්තා කියලා හිතුවේ නැහැ
fun,අනේ මට ඇත්තටම මගේ මුහුණ පේන්නේ නැහැ යාලුවනේ
anger,ආපසු මුදල් නැත නමුත් ඔවුන් ගිණුම් නැවත ලබා ගන්නවා සොරා හැක් භාවිතා කරන්නේ නැහැ කියලා බලාපොරොත්තු වෙනවා නැත්නම් ඒක ස්ථිරයි
sadness,ඒක තේරෙන්නේ නෑ
sadness,වරකු රස නැති සහ මිල අධික කොටස හරිම අඩුයි වරකු
hate,සමලිංගිකයින්ට නම් මම අද රෑ විතරයි හැදුවේ
hate,ඒක මට පිස්සු හැදෙනවා එරිකාට පස්සෙන් එන්න දෙන්නෙ නෑ
sadness,වැඩක් නැහැ
sadness,මම ඔරිජිනල් එකේ යන්නම්
worry,ගෙදර තනියම කරන්න වැඩි දෙයක් නැහැ
hate,ඒක මට පිස්සු හැදෙනවා එරිකාට පස්සෙන් එන්න දෙන්නෙ නෑ
sadness,අනේ කමක් නෑ මම හිතන්නේ මේක ගොඩ ගන්න බෑ කියලා
love,හහහා අනිත් අය මට ගායනා කළොත් ඒක භයානක නැහැ ඒක වැඩ කරන්න පුළුවන් කියලා මට විශ්වාසයි
surprise,මගේ අම්මලා මට ඡන්දෙ දෙන එක නවත්තන එක ගැන සහ කෙටිකතාව දිනන්නෙ නැති එක ගැන මට දැනෙන්න දෙන්න හදනවා මම ඇඬුවා වගේ
sadness,රස්සාවක් ගොඩක් ඕනේ
neutral,මෑතකදී මම ටොන් ගණනක් බර වැඩි කර ගත් ඔබේ මිතුරෙකුගෙන් එය මගේ අවධානයට ලක්ව ඇත ඔහු දැන සිටියේ නැහැ ඒ මම කියලා
worry,මගේ අම්මලා ඡන්දය දීම නවත්තලා කෙටිකතාවක් දිනන්නේ නැති එක ගැන මට දැනෙන්න සලස්වන්න උත්සාහ කරනවා මම ඇඬුවා වගේ
neutral,ඇඳේ වැතිර ඉන්නවා ෆාආ අඩුම තරමේ මම කලින් වගේ පෙනුනත් එක්ක සසඳනකොට
neutral,සිකුරාදා රෑ ලයිට් වල පළවෙනි කතාමාලාවේ නියමුවා හරහා යන්න මම උත්සාහ කරනවා
sadness,කේක් කෑල්ල අමතක වෙලා නිසා ආපහු ගෙදර යනවා
sadness,අපි හැමෝටම දේවල් හොඳ වෙයි
sadness,නෑ නයිට් ඒක පැය ගණනක් ගෙවිලා ගිහින් තියෙනවා
neutral,ඇත්තටම නිදිමත නැහැ කම්මැලියි කියන එක තමයි නිවැරදි වචනය නැවතත් වැඩි වැඩක් නැහැ
empty,අද ඉඳන් විතරයි
neutral,මගේ කොණ්ඩේ කොච්චර හොඳ රැලි සහිත පෙනුමක් තිබුණත් ඒක මගේ අත් ආවරණය කර ඇති කර්ලර් එකෙන් ලැබෙන පිළිස්සීමට සාධාරණීකරණය නොකරන බව තීරණය කළා මම ඒක උළුක්කු කරනවා
neutral,මාර්ගයෙන් එහා පැත්තේ ඉන්න කාන්තාවට ගබ්සාවක් වුණා යාච්ඤාවක් කියන්න
sadness,මට නිදාගන්න ඕනේ ඒත් මට මහන්සිත් නැහැ
sadness,මගේ අම්මලා ඡන්දය දීම නවත්තන එක ගැන සහ කෙටි කාලයක් දිනන්නේ නැති එක ගැන මට දැනෙන්න සලස්වන්න හදනවා මම ඇඬුවා වගේ
worry,පවර්පොයින්ට් එකක වැඩ කරන්න හැදුවත් ඵලක් වුණේ නැහැ
neutral,මම දැන් ඒ ජරාව කරනවා මම නිවාඩුවක් ගත කරනවා ඔයා මාව වැඩට යැව්වා
worry,තව පැයක් නිදාගන්න ඕනේ
surprise,ඒක හොඳයි
neutral,සුරතල් ගෙදරක ඉන්න අවුරුද්දක පැටියා මුළු පවුලටම ගොඩක් දුකෙන් මැරුණා
worry,මම අලුත් ට්විටර්ෆෝන් යාවත්කාලීනය බාගත කළා
worry,එයා රෑ මැද එයාගේ පරිගණකයේ ටයිප් කරන්න පටන් ගත්තම ඒක හරිම කරදරයක්
sadness,නෑ ඒ හැමෝම නිදාගෙන ඉන්නේ මොකද එයාලා නැගෙනහිර වෙරළ තීරයේ ජීවත් වෙනවා
surprise,ට්විටාස්කෝප් එක මගේ මේස් රොක් කරන්නේ නැහැ දැනටමත් යනවා
sadness,ලූක් විශ්වාසයි
enthusiasm,ගැබිනි කාන්තාවන් දුම්පානය කරනවා දකිනකොට මට වෛරයි ඒක හරිම වගකීම් විරහිතයි ආත්මාර්ථකාමීයි අවසානයේ බබා තමයි දුක් විඳින්නේ
enthusiasm,ගැබිනි කාන්තාවන් දුම්පානය කරනවා දකිනකොට මට වෛරයි ඒක හරිම වගකීම් විරහිතයි ආත්මාර්ථකාමීයි අවසානයේ බබා තමයි දුක් විඳින්නේ
sadness,අනුමාන කරන්න බෑ කෙල්ලේ මම තාමත් ජිම් එකේ වැඩ කරනවා
neutral,අද රෑ ආලෝ හරිම දුකයි නිහඬයි හිස්යි
sadness,ගැබිනි කාන්තාවන් දුම්පානය කරනවා දකිනකොට මට ඒක හරිම වගකීම් විරහිතයි ආත්මාර්ථකාමීයි ඒක හොඳයි අන්තිමේදී බබා තමයි දුක් විඳින්නේ
sadness,නමුත් මට සුලු ගැන ගැටළු ඇති වුණා
sadness,එබී බලන්න තවමත් මෙතන විනෝදජනක වෙලාවල් නිදාගන්න ඕනේ වැඩ කරන්න මෙතන ටිකක් සිසිල් ගැහැණු ළමයි ඉන්නවා නමුත් ඇයව මග හැරීම තරම් සිසිල් නැහැ
love,ට්විටාස්කෝප් මගේ මේස් රොක් කරන්නේ නැහැ දැනටමත්
hate,සමලිංගිකයින්ට මම අද රෑ විතරයි හැදුවේ
worry,මම මුදල් ආපසු ගෙවන්නේ නැහැ නමුත් ඔවුන් ගිණුම් නැවත ලබා ගන්නවා සොරා හැක් කරන්නේ නැහැ කියලා බලාපොරොත්තු වෙනවා නැත්නම් ඒක ස්ථිරයි
sadness,අද ගණිත පරීක්ෂණයක් කළා
worry,මගේ යාළුවෙක්ගෙන් ඒක ඇහිලා තියෙනවා මෑතකදී මම බර වැඩි වුණා එයා දැනගෙන හිටියේ නැහැ
sadness,හිසරදයක් එක්ක ඇඳේ වැතිර ඉන්නවා අහ්හ්හ්හ්හ් ඔයාගෙ කෝල් එක එනකම් ඉන්න
sadness,ඊයේ රෑ ඉන්ටර්නෙට් නෑඒක හරිම කම්මැලියිඊළඟ රෑ ඔයාව දැක්කේ නෑ
surprise,නෑ එයාලා හැමෝම නිදාගන්නේ මොකද එයාලා නැගෙනහිර වෙරළේ ජීවත් වෙන්නේ
sadness,ෆිලීගේ කටහඬ ඇහෙනවා මම ඒකට ආදරෙයි ම්ම් චීස් ස්ටීක් මගේ පෙම්වතා නැති වුණාට මම නිවාඩුවට ආදරෙයි
sadness,එයා මැරුණා ඉන්න මැජික් ජැක් ගැන මොකද මම ඒක කියෙව්වා
hate,මට සමාවෙන්න
worry,රැට් රොක්ඩ් නැෂ්විල් ටොනිට් එක දෙයක් නරක නැහැ ඒගොල්ලන්ට තාමත් විනෝදජනක සංදර්ශනයක් තියෙනවා පර්සි ඒ හොට් බැට් බෝයි පෙනුම
worry,තවදුරටත් කිසිදු අත්අඩංගුවට ගැනීමක් නැහැ මට දුකයි
neutral,මම හාපර්ස් දූපත බලමින් හිටියා හි හි හි හි හි හි හි හි හි හි හි හි හි හි හි හි හි හි හි හි හි හි හි හි හි හි හි හි හි හි හි හි හි හි හි හි හි හි හි හි හි හි හි හි
sadness,කවුරුත් ඒක අල්ලගත්තා කියලා හිතුවේ නෑ
worry,තාම ඒකේ බැටළු පැටවෙක් නැති එක කණගාටුවට කරුණක්
sadness,මට කේක් කෑල්ල අමතක වුණු නිසා ගෙදර ආපහු යනවා
neutral,ඊයේ රෑ අන්තර්ජාලය තිබුණේ නැහැ ළඟපාත ගෑස් වැඩ කරන තැනක දැවැන්ත පිපිරීමක් සිදු වුණා ස්ටෑන්ඩ්බයි එකේ
sadness,මගේ අම්මලා ඡන්දය දීම නවත්තන එක ගැන සහ කෙටි කාලයක් දිනන්නේ නැති එක ගැන මට දැනෙන්න සලස්වන්න හදනවා මම ඇඬුවා වගේ
worry,ඒක නෑ
worry,රැකියා කරන දවස
worry,අද හවස වැඩ තියෙනවා
sadness,ආපසු ගෙවීම් නැහැ නමුත් ඔවුන් ගිණුම් ලබා ගන්නවා සතියක් වගේ ගත වෙනවා සොරා හැක් භාවිතා කරන්නේ නැහැ කියලා බලාපොරොත්තු වෙනවා නැත්නම් ඒක ස්ථිරයි
worry,මට කේක් කෑල්ල අමතක වෙලා නිසා ගෙදර යන්න වෙනවා
worry,මේක බේරගන්න බැරි දෙයක් කියලා මම හිතනවා
worry,කිසිවෙකු යන්නේ නැහැ
worry,මට කණගාටුයි මම හිතන්නේ නැහැ මම කලින් වගේ පෙනුන දේට සාපේක්ෂව මම අඩුම තරමින් එළියට වෙලා ඉන්නවා කියලා
neutral,අද චිකිත්සාවෙන් මහන්සි වෙලා බෙහෙත් බිව්වේ නැත්නම් උපන් දවසේ උදේට සතුටුයි මිෂු ආදරෙයි ඔයා
relief,ගැහැණු ළමයෙක් මොට කෙනෙක් දැන් මගේ සිතුවිලි වල හරිම අපූරු දවසක් තිබුණා ආතතිය ඇති කරන දේවල් කිහිපයක් එක්ක ගෙදර එන්න
neutral,මගේ ශුභවාදී දේවල් අපි හැමෝටම හොඳ වෙයි කියලා අහලා මට දුකයි
enthusiasm,මම ඔර්ලන්ඩ් එකට යන්නම්
neutral,ඔයා දුක් විඳිනවා
worry,ඇඳේ වැතිරිලා ඉන්නවා
sadness,වැඩක් නැහැ
surprise,ඇඳේ වැතිර ඉන්නවා
neutral,වැඩ කරන දිනය
hate,කවුරුත් හිතුවේ නැහැ තේරුනා
neutral,අසල ගෑස් වර්ක්ස් එකක අන්තිමට ලොකු පිපිරීමක් වුණා
sadness,ලූක් විශ්වාසයි
relief,නෑ එයාලා ඔක්කොම නිදාගෙන ඉන්නේ මොකද එයාලා නැගෙනහිර වෙරළේ ජීවත් වෙන්නේ
sadness,ඊයේ රෑ ඉන්ටර්නෙට් නෑඒක හරිම කම්මැලියිඊළඟ රෑ ඔයාව දැක්කේ නෑ
hate,ගෙදරට ආපහු යනවා මොකද මම
empty,මම ටැකෝසෝන් එකට ගොඩක් කිට්ටුවෙන් හිටියා
neutral,ඒක නරකයි
worry,මම මෙච්චර මහන්සියි
sadness,මම නව ට්විටර්ෆෝන් යාවත්කාලීනය බාගත කළේ ඔවුන් නව ට්වීට් සඳහා ටයිප් කිරීමේ ගැටලුව විසඳනවා යැයි සිතමින් නමුත් ඔවුන් එසේ කළේ නැත
relief,ඔයාට බොරු කියන්න බෑ හැම දෙයක්ම ගැන බොරු කියන්න බෑ
worry,නෑ ඒ හැමෝම නිදාගෙන ඉන්නේ මොකද එයාලා නැගෙනහිර වෙරළ තීරයේ ජීවත් වෙනවා
sadness,අද රෑ බාර් එකේ ඇඟිල්ලක් කැඩුනා කියලා මම හිතනවා ස්ටෙපින් එකට ස්තූතියි බීමත් කෙල්ල මගේ හැමතැනම ස්ටෙපින් කළාට
sadness,මම නෙට් එකට වෛර කරනවා
sadness,පළමු කොටසේ නියමුවා හරහා යන්න උත්සාහ කරනවා
worry,හ්ම්ම් ඔව් ඒක මටම හොඳ සටහනක් වෙන්න ඇති මොකද ඊඊ
worry,ගෙදර තනියම කරන්න වැඩි දෙයක් නැහැ
worry,ගෙදර යන්න ඕන
worry,මම ගිටාර් වලට ආදරෙයි ඒවා වාදනය කරනවා මම හිතන්නේ ඒවා සුපිරියටම ඇහෙනවා
sadness,ඇඳේ වැතිර ඉන්නවා ගොඩක් කලින්
worry,ඒක හරිම වගකීම් විරහිතයි ආත්මාර්ථකාමීයි
hate,ඔයාලා යන එක ගැන මම කොච්චර උද්යෝගිමත්ද කියලා මම හිතුවා ඒත් ඊට පස්සේ මට තේරුණා ඔයාලා යනවා දකින්න කොච්චර දුකද කියලා
sadness,නයිට් එන්න පැය ගණනක් ගත වී ඇත
worry,ඒක මාව අවුස්සනවා මට එරිකාට පස්සෙන් එන්න දෙන්නෙ නෑ
sadness,මට ගොඩක් අවුල්
neutral,ඇත්තටම නිදිමත නැහැ නැවතත් නිවැරදි වචනය එතරම් වැඩක් නැහැ
love,අනේ ඔයාට රහස ගැන මට කියන්න බැහැ
sadness,මම ගොඩක් මහන්සියි
neutral,ආව් ඔයා මාව අෆ්ලො කරන්නේ නැද්ද එහෙනම් මම අඬනවා
sadness,ඊයේ රෑ ඉන්ටර්නෙට් නෑඒක හරිම කම්මැලියිඊළඟ රෑ ඔයාව දැක්කේ නෑ
love,නෑ මම අඬන්නේ නැහැ
worry,මම මගේ බල්ලට ගොඩක් ආදරෙයි
worry,මගේ ශුභවාදී දේවල් අපි හැමෝටම හොඳ වේවි කියලා අහන්න ලැබීම ගැන මට කණගාටුයි
neutral,මම බාගත කළා අලුත් ට්විටර්ෆෝන් යාවත්කාලීන කිරීම හිතුවේ අලුත් ට්වීට් වල ටයිප් කිරීමේ ගැටලුව විසඳනවා කියලා නමුත් නැහැ
worry,මට කණගාටුයි මම කලින් වගේ පෙනුන දේට සාපේක්ෂව මම අඩුම තරමින් එළියට වෙලා ඉන්නේ නැහැ
surprise,ඇඳේ වැතිර ඉන්නවා
neutral,ඔව් මට හොඳටම නින්ද ගිහින් නැති නිසා මම අම්මාව ඇහැරෙව්වා මොකද මම ගායනා කරමින් හිටියා ඇය ඔයා ගැන පැහැදීමක් නෑ
surprise,මගේ යාළුවා මම මෑතකදී ටොන් ගණනක් බර වැඩි වුණා ඒ මම කියලා එයා දැනගෙන හිටියේ නැහැ
fun,අපි වෙනසට අකමැතියි ඒ නිසා අපි ජීවිත කාලය පුරාම රසිකයන් ඕ ඒ වෙනකොට අපි කොල්ලව මුණගැහිලා නැත්නම් මොකක් හරි දරුණු වැරැද්දක් වෙලා තියෙනවා
sadness,කවුද දන්නේ නෑ
neutral,මල්ලි බ්ලූම් මේ සති අන්තයේ එල් පැසෝ හි විවෘත නොකරනු ඇත ඉල් ගඩොල් මිලදී ගෙන එය භුක්ති විඳින්න මට සහෝදරයන් බ්ලූම් කරන ආකාරය දැකගත හැකි වන තුරු
sadness,මම වෛර කරනවා පිළිකාව මට වෛර කරනවා මට වෛර කරනවා මට වෛර කරනවා
relief,බොරුකියාඔයාට හැමදේටම බොරු කියන්න බෑ
neutral,හිටින්න ආවේ උදේ පාන්දර අන්තිම පරිච්ඡේදය කියවන්න කැමති නැති නිසා ඒක ඉවර වෙන්න මට ඕන නෑ
worry,නෑ ඒගොල්ලෝ ඔක්කොම නිදාගන්නේ මොකද එයාලා නැගෙනහිර වෙරළේ ජීවත් වෙන්නේ
love,අනේ ඔයාට රහස ගැන මට කියන්න බැහැ
sadness,ඩීසල් යාරිස් එම්පීජී දුකයි ඒක ඇමරිකාවේ නැහැ ඒක නියමයි
love,මට දැනෙනවා තවත් බල්ලෙක් නැහැ
worry,හොඳයි පැවරුම් සඳහා වැඩි කාලයක් ගත වෙනවා
neutral,ඒක මට කරදරයක්
worry,දැන් මම බලලා මානසික අවපීඩනයෙන් පෙළෙනවා
sadness,මම දන්නවා මම ඔයා නැතුව සාදයක් කරනවා
worry,ටයිපින් ගැටලුව විසඳනවා කියලා හිතලා මම අලුත් ට්විටර්ෆෝන් යාවත්කාලීනය බාගත කළා අලුත් ට්වීට් වලට ඒත් නෑ නෑ
neutral,ආත්මාර්ථකාමීයි අන්තිමට බබා තමයි දුක් විඳින්නේ
neutral,මම දන්නවා නමුත් මම කිව්වා වගේ මේ දේවල් ගැන විමර්ශනය කරන්න එයාලට කොච්චර කාලයක් ගතවෙයිද කියලා මට අදහසක් නැහැ
love,තවදුරටත් සංවර්ධනයක් අත් අඩංගුවට ගත්තේ නැහැ මට දුකයි
sadness,නිදාගන්න එපා
empty,ඒක මාව අවුස්සනවා එරිකාට පස්සෙන් එන්න දෙන්නෙත් නෑ
neutral,උදේ දෙතුන් පාරක් උදේ පාන්දරින්ම ආපහු යන්න
neutral,ඇඳේ වැතිර ඉන්නවා ෆාආ අඩුම තරමේ මම කලින් වගේ පෙනුනත් එක්ක සසඳනකොට
sadness,මට මේ පීඩනය දැනෙනවා
worry,ඔයා හොඳින්ද
happiness,මට නිදාගන්න ඕනේ ඒත් මට මහන්සිත් නැහැ
sadness,කේක් කෑල්ල අමතක කරපු නිසා ආපහු ගෙදර යනවා
neutral,මෑතකදී මම ටොන් ගණනක් බර වැඩි කර ගත් ඔබේ මිතුරෙකුගෙන් එය මගේ අවධානයට ලක්ව ඇත ඔහු දැන සිටියේ නැහැ ඒ මම කියලා
hate,නරක යාළුවෙක්
worry,නෑ ඒ හැමෝම නිදාගෙන ඉන්නේ මොකද එයාලා නැගෙනහිර වෙරළ තීරයේ ජීවත් වෙනවා
hate,අනේ ඒක එරික් හරි වෙන කෙනෙක් හරි ඔයාගේ කොණ්ඩේ සෙල්ලම් කරන්න ඕන වුණාම
sadness,මම හිතන්නේ සර් එකේ ඒක සිසිල් වෙලා කියලා හහ් ඒක මෙතන නැහැ තාත්තයි මමයි බඩු පැක් කරනකොට දවල් ඉඳන් මම දාඩිය දානවා නවත්තලා නැහැ
hate,කවුරුත් ඒක අල්ලගෙන හිටියේ නැහැ කියලා මම හිතුවේ නැහැ
worry,ඇත්තටම නිදිමත නැහැ කම්මැලියි කියන එක තමයි ආයෙත් හරි වචනය වැඩි වැඩක් නැහැ
sadness,අනේ කමක් නෑ මම හිතන්නේ මේක ගොඩ ගන්න බෑ
enthusiasm,තවත් අත්අඩංගුවට ගැනීමක් නැහැ මට දුකයි
neutral,මම ගොඩක් දුකයි
worry,මම ගිටාර් වලට ආදරෙයි ඒවා වාදනය කරනවා මම හිතන්නේ ඒවා විශිෂ්ටයි මම හොඳ නම් විතරයි
neutral,මම අද රෑ විතරයි සමලිංගිකයින්ට හැදුවේ
worry,අනේ කමක් නෑ මට හිතෙන්නේ මේක ගොඩ ගන්න බෑ කියලා
happiness,ඒක නම් හරිම කරදරයක්
sadness,මට කණගාටුයි මම හිතන්නේ නැහැ මම කලින් වගේ පෙනුන දේට සාපේක්ෂව මම අඩුම තරමින් එළියට වෙලා ඉන්නවා කියලා
worry,මම වූඩූ ගමේ කොටසේ කෝප් එකේ අන්තිම කොටස් වෙනකම් සෙල්ලම් කළා මගේ සුපුරුදු සහකරු නැති වෙනකම්
fun,ඒක තියෙනවා මගේ යාළුවෙක්ගෙන් මට දැනගන්න ලැබුණා මම මෑතකදී බර ටොන් එකක් වැඩි වුණා එයා දැනගෙන හිටියේ නැහැ ඒ මම කියලා
worry,ඇඳේ වැතිර ඉන්නවා ගොඩක් කලින්
worry,මම ගොඩක් අවුල් වෙලා
neutral,ඒක මගේ හිතේ තියෙනවා
neutral,ඇය මට පහර දෙන දේ ඇය දන්නවා නම් හොඳයි ඇය මගේ හදවත සොරකම් කළේ නැහැ කවදාවත් එය ආපසු දුන්නේ නැහැ ඉඳහිට ඇය වගේ ඉන්න කැමතියි බලන්න මට තියෙන දේ මට තියෙන කැස්සක් තියෙනවා මට අසනීප වෙන්න බෑ මට ඉස්සරහින් ලොකු සති අන්තයක් තියෙනවා
relief,නෑ එයාලා ඔක්කොම නිදාගෙන ඉන්නේ මොකද එයාලා නැගෙනහිර වෙරළේ ජීවත් වෙන්නේ
hate,අනේ ඔයාට රහස කියන්න බෑ
sadness,නිදාගන්න එපා
surprise,මම ගිටාර් වලට ආදරෙයි ඒවා වාදනය කරනවා මම හිතන්නේ ඒවා විශිෂ්ට ලෙස ශබ්ද කරනවා මම වඩා හොඳ නම් පමණි
neutral,ගුවන් ටිකට්පත් මෙච්චර මිල අධික ඇයි
worry,මට සමාවෙන්න මම හිතන්නේ නැහැ මම අඩුම තරමේ කා එක්කවත් සසඳන විට
surprise,ඒක මම කියලා එයා දැනගෙන හිටියේ නැහැ
sadness,තවමත් අත්අඩංගුවට ගැනීමක් නැහැ මට දුකයි
sadness,ඇත්තටම නිදිමත නෑ කම්මැලියි කියන එක තමයි හරි වචනේ වැඩිය වැඩ නෑ
neutral,මම බාගත කළා අලුත් ට්විටර්ෆෝන් යාවත්කාලීන කිරීම හිතුවේ අලුත් ට්වීට් වල ටයිප් කිරීමේ ගැටලුව විසඳනවා කියලා නමුත් නැහැ
worry,මෑතකදී මම ටොන් ගණනක් බර වැඩි කර ගත් ඔබේ මිතුරෙකුගෙන් එය මගේ අවධානයට ලක්ව ඇත
happiness,කවුරුත් ඒක අල්ලගෙන හිටියේ නෑ කියලා හිතුවේ නෑ
sadness,මට ගේම් එක මග හැරුනා
hate,ඇඳේ වැතිරිලා ඉන්නවා
neutral,මගේ අම්මලා මට ඡන්දය දෙන එක නවත්තලා දිනන්නෙ නැති එක ගැන තවත් දැනෙන්න දෙන්න හදනවා මම ඇඬුවා වගේ
worry,ලේඩි ගාගා ට්වීට් කළා ඔයා දැනගන්න ඕන නිසා එයාගේ වීඩියෝ එක ලීක් වෙන එක ගැන එයාගේ හිතට දැනුනේ නෑ
worry,ගැහැණු ළමයෙක් දැන් මගේ සිතුවිලි වල හරිම මෝඩයි
neutral,මගේ පොත හොයාගත්තා අද රෑ ඇත්ත කඩදාසි බැඳපු සඟරාවක් පටන් ගන්නකොට මගේ තොල් උඩින් කරදරකාරී ලපයක් තියෙනවා මට හර්පීස් තියෙනවා වගේ පේනවා
sadness,එක පාරක් හහා දුප්පත් අබී තාමත් රිදෙනවා
neutral,ඇයි ගුවන් ටිකට්පත් මෙච්චර මිල අධික
neutral,මගේ නහය ගැලවිලා ගියා මට ඒක හොයාගන්න බෑ අද ඇම්ස්ටර්ඩෑම් ගිහින් අලුත් එකක් ගන්න ඕන
happiness,නෑ ඒ හැමෝම නිදාගෙන ඉන්නවා මොකද එයාලා නැගෙනහිර වෙරළේ ජීවත් වෙනවා
neutral,මට ඉක්මනින් නිදාගන්න ඕනේ
fun,ගැබිනි කාන්තාවන් දුම්පානය කරනවා දකිනකොට මට ඒක හරිම වගකීම් විරහිතයි ආත්මාර්ථකාමීයි ඒක තමයි අන්තිමේදී බබා තමයි දුක් විඳින්නේ
hate,අද රෑ ගෙදර ඉන්නවා
worry,වැඩ කරන්න හිතෙන්නේ නැහැ මම හිතන්නේ මම මේක නිතර නිතර ට්වීට් කරනවා
surprise,ඒක මට පිස්සු හැදෙනවා මට එරිකාගේ පස්සෙන් එන්න දෙන්නේ නැහැ
worry,මොකද ගුවන් සමාගම් සුපිරි කම්මැලියි
sadness,එබී බලන්න තවමත් මෙතන විනෝදජනක වෙලාවල් නිදාගන්න ඕනේ වැඩ කරන්න මෙතන ටිකක් සිසිල් ගැහැණු ළමයි ඉන්නවා නමුත් ඇයව මග හැරීම තරම් සිසිල් නැහැ
worry,මගේ අම්මලා මට ඡන්දය දීම නවත්තලා දිනන්නේ නැති එක ගැන තවත් හැඟීමක් ඇති කරන්න හදනවා මම ඇඬුවා වගේ
sadness,මගේ ශුභවාදී බව අහන්න ලැබීම ගැන මට කණගාටුයි අපි හැමෝටම දේවල් හොඳ වෙයි
neutral,ගර්භනී කාන්තාවන් දුම්පානය කරනවා දකිනකොට මට වෛරයි ඒක හරිම වගකීම් විරහිතයි ආත්මාර්ථකාමීයි ඒක හොඳයි අන්තිමට බබා තමයි දුක් විඳින්නේ
worry,මට සමාවෙන්න මම හිතන්නේ නැහැ මම අඩුම තරමේ කා එක්කවත් සසඳන විට
hate,ට්විටාස්කෝප් එක මගේ මේස් රොක් කරන්නේ නැහැ දැනටමත් යනවා
neutral,මම ගොඩක් දුකයි
neutral,මුදල් ආපසු ගෙවීමක් නැත නමුත් ඔවුන් එසේ කරනවා ගිණුම් නැවත ලබා ගැනීමට සතියක් වගේ යනවා සොරා හැක් භාවිතා කරන්නේ නැහැ කියලා බලාපොරොත්තු වෙනවා නැත්නම් ඒක ස්ථිරයි
enthusiasm,මට ගේම් එක මග හැරුණා
sadness,කමක් නෑ
worry,මට කණගාටුයි මම හිතන්නේ නැහැ මම කලින් වගේ පෙනුන දේට සාපේක්ෂව අඩුම තරමින් මම ඉවත් වෙලා ඉන්නවා කියලා
sadness,මට දැන් ස්කොට් ඕනේ
hate,වචන ලිංගිකත්වයට පස්සේ ඒක කවදාවත් පටන් ගත්තේ නෑ
worry,මම අලුත් ට්විටර්ෆෝන් යාවත්කාලීනය බාගත කළා
neutral,කැලි කැලිට ඉන්න බෑ මගේ සති අන්තය සැමරීමට වයින් වීදුරුවක් තියෙනවා කියලා හිතලා වැකා තවමත් හෙට වැඩ කරනවා
relief,ඔයාට බොරු කියන්න බෑ හැම දෙයක්ම ගැන බොරු කියන්න බෑ
love,වයිකොනෙඩුමාරන් එල්ටීටීඊ වගේ යාළුවෝ එක්ක වැරදි වෙලාවක වැරදි උපදෙස් ඕන වුණේ නෑ වැරදි වෙලාවට වැරදි උපදෙස් ඕන තරම් මරණ වලට හේතු වුණා ඒ වගේම නැති වුණු හේතුවක් නිසා
neutral,නයිට් එන්න
worry,මට කණගාටුයි මම හිතන්නේ නැහැ මම කලින් වගේ පෙනුන දේට සාපේක්ෂව මම අඩුම තරමින් එළියට වෙලා ඉන්නවා කියලා
sadness,රස්සාවක් ගොඩක් ඕනේ
happiness,මම ගොඩක් තනිකඩයන් සඳහා කුක් තේරීම් ගැන ඇත්තටම සතුටු නැහැ
neutral,මට බැරි වුණු නිසා දුකයි කොල්ලො එක්ක සෙල්ලම් කරන්න
neutral,ඔයාව රවට්ටන්න මට සති විතරයි තියෙන්නේ
surprise,මම දකින විට මට වෛර කරනවා ගැබිනි කාන්තාවන් දුම්පානය කරනවා ඒක හරිම වගකීම් විරහිතයි ආත්මාර්ථකාමීයි ඒක තමයි අන්තිමේදී බබා දුක් විඳින කෙනා
worry,මගේ එකම සහායකයා මගේ එකම සහායකයා නොවේ
worry,මම හිතන්නේ ඒක සිසිල් වෙලා කියලා හහ් ඒක මෙතන නැහැ තාත්තයි තාත්තයි දවල් ඉඳන් දහවල් ඉඳන් මම දහඩිය දානවා නවත්තලා නැහැ මම බඩු පැක් කර කර හිටියා
sadness,මට ගේම් එක මග හැරුනා
worry,ම්ම් ඔව් ඒක මටම හොඳ සටහනක් වෙන්න ඇති මොකද ඊඊ නරකයි
hate,කවුරුත් හිතුවේ නැහැ තේරුනා
worry,රිවීව් ගිණුම් සතියක් වගේ යනවා හොරා හැක් කරන්නේ නැහැ කියලා බලාපොරොත්තු වෙනවා නැත්නම් ඒක පර්මබන්
sadness,මම අලුත් ට්විටර්ෆෝන් යාවත්කාලීනය බාගත කළේ ඔවුන් අලුත් ට්වීට් සඳහා ටයිප් කිරීමේ ගැටලුව විසඳනවා කියලා හිතාගෙන නමුත් නැහැ ඔවුන් එසේ කළේ නැහැ
sadness,කවුරුත් ඒක අල්ලගත්තා කියලා මම හිතුවේ නැහැ
neutral,ඒක නම් කරන්න බෑ
boredom,ඒක මම කියලා එයා දැනගෙන හිටියේ නැහැ
surprise,ඒක හොඳයි
love,මුදල් ආපසු ගෙවීමක් නැත නමුත් ඔවුන් ගිණුම් ලබා ගන්නවා සතියක් වගේ ගත වෙනවා සොරා හැක් භාවිතා කරන්නේ නැහැ කියලා බලාපොරොත්තු වෙනවා නැත්නම් එය ස්ථිරයි
sadness,මම ඔර්ලන්ඩ් යනවා
sadness,මම වෛර කරනවා පිළිකාව මට වෛර කරනවා මට වෛර කරනවා මට වෛර කරනවා
sadness,ගෑණු ළමයෙක් දැන් මගේ සිතුවිලි වල ඉන්නවා
neutral,අනේ කමක් නෑ මේක ගොඩ ගන්න බෑ කියලා මම හිතනවා
worry,ටයිපින් ගැටලුව විසඳනවා කියලා හිතලා මම අලුත් ට්විටර්ෆෝන් යාවත්කාලීනය බාගත කළා අලුත් ට්වීට් වලට ඒත් නෑ නෑ
sadness,අද රෑ බාර් එකේ ඇඟිල්ලක් කැඩුනා කියලා මම හිතනවා ස්ටෙපින් එකට ස්තූතියි බීමත් කෙල්ල මගේ හැමතැනම ස්ටෙපින් කළාට
worry,සමහර වෙලාවට මට හිතෙනවා පසුගිය ගිම්හානයේ ආරම්භය වගේ දේවල් ආයෙත් ගියොත් හොඳයි කියලා
worry,නමුත් දැන් මට දුරකථනයක් ගන්න සල්ලි නැහැ
worry,හ්ම් ඔව් ඒක මටම හොඳ සටහනක් වෙන්න ඇති මොකද ඊඊ කෙල්ලේ මම තාමත් ජිම් එකේ ඉන්නවා උදේ පාන්දර වැඩ කරනවා
boredom,ඕහ් ඔයාට රහස කියන්න බෑ
worry,එය තවමත් කණගාටුදායකයි
worry,මම එහෙම කළා ටැකෝසෝන් ස්ථානයට ගොඩක් පරක්කු වෙලා
neutral,වැඩ කරන දිනය
worry,ඔයාට රහස කියන්න බෑ
boredom,ඕහ් ඔයාට රහස කියන්න බෑ
sadness,ගැබිනි කාන්තාවන් දුම්පානය කරනවා දකිනකොට මට ඒක හරිම වගකීම් විරහිතයි ආත්මාර්ථකාමීයි ඒක හොඳයි අන්තිමේදී බබා තමයි දුක් විඳින්නේ
sadness,මට මේ පීඩනය දැනෙනවා
worry,සෑම දෙයක්ම ගැන බොරු කියන්න බැහැ
worry,ඇඳේ වැතිර ඉන්නවා ගොඩක් වේලාසනයි
neutral,හහහ ඒක භයානක නැහැ වෙන එකක් නම්
neutral,සමලිංගිකයන්ට මම අද රෑ විතරයි හැදුවේ
neutral,ඒක මාව අවුස්සනවා එරිකාට පස්සෙන් එන්න දෙන්නේ නැහැ
hate,ඔයාලා යන එක ගැන මම කොච්චර උද්යෝගිමත්ද කියලා මම හිතුවා ඒත් ඊට පස්සේ මට තේරුණා ඔයාලා යනවා දකින්න කොච්චර දුකද කියලා
neutral,අනේ කමක් නෑ
sadness,බොරු කියනවා
worry,මගේ යාළුවෙක්ගෙන් ඒක ඇහුණා මම මෑතකදී බර වැඩි වුණා
worry,හ්ම්ම්ම් බැහැ
worry,ගර්භනී කාන්තාවන් දුම්පානය කරනවා දකින විට මට වෛර කරනවා ඒක වගකීම් විරහිතයි ආත්මාර්ථකාමීයි ඒක සාද් අවසානයේ බබා දුක් විඳිනවා කියලා මට දුකයි
worry,සිකුරාදා රෑ ලයිට් එක දානවා අනේ දෙවියනේ
sadness,ගැබිනි කාන්තාවන් දුම්පානය කරනවා දකිනකොට මට ඒක හරිම වගකීම් විරහිතයි ආත්මාර්ථකාමීයි ඒක හොඳයි අන්තිමේදී බබා තමයි දුක් විඳින්නේ
anger,අනේ කමක් නෑ මේක බේරගන්න බෑ කියලා මම හිතනවා
sadness,මගේ අම්මලා මට ඡන්දෙ දෙන එක නවත්තන එක ගැන සහ කෙටිකතාව දිනන්නෙ නැති එක ගැන තවත් හැඟීමක් ඇති කරන්න හදනවා මම ඇඬුවා වගේ
fun,ඇත්තටම නිදිමත නෑ කම්මැලියි කියන එක තමයි ආයෙත් හරි වචනය වැඩිය වැඩ නෑ
worry,සමලිංගිකයන්ට මම අද රෑ විතරයි හැදුවේ
sadness,රස්සාවක් ගොඩක් ඕනේ
worry,ඊව් ඩේලි
surprise,මගේ යාළුවා මම මෑතකදී ටොන් ගණනක් බර වැඩි වුණා ඒ මම කියලා එයා දැනගෙන හිටියේ නැහැ
neutral,මගේ ශුභවාදී දේවල් අපි හැමෝටම හොඳ වෙයි කියලා අහලා මට දුකයි
sadness,මට සමාවෙන්න මම කලින් වගේ පෙනුන දේට සාපේක්ෂව මම අඩුම තරමින් ඈත් වෙලා ඉන්නේ නැහැ
worry,රැට් රොක්ඩ් නැෂ්විල් ටොනිට් එක දෙයක් නරක නැහැ ඒගොල්ලන්ට තාමත් විනෝදජනක සංදර්ශනයක් තියෙනවා පර්සි ඒ හොට් බැට් බෝයි පෙනුම
neutral,මගේ අම්මලා මට ඡන්දය දෙන එක නවත්තලා දිනන්නෙ නැති එක ගැන තවත් දැනෙන්න දෙන්න හදනවා මම ඇඬුවා වගේ
neutral,ඔයා කවදාවත් ඔයාගේ ඩීඑම් එකට උත්තර දුන්නේ නෑ මම ඔයාට ඔයාගේ තොරතුරු එව්වා
sadness,අනේ කමක් නෑ මම හිතන්නේ මේක ගොඩ ගන්න බෑ කියලා
happiness,මගේ ට්විටර් එක ආයෙත් හැක් කරලා තියෙනවා
empty,ඇඳ ඒක හෙට ඉස්කෝලෙ යන්න බලාපොරොත්තු වෙනවා ඒත් දැන් මට එච්චර සනීපයක් නෑ
surprise,අම්මේ අනුගාමිකයින් නැති කරගන්න එක දිගටම කරගෙන යන්න මේක හරිම දුකයි මට දවසක් ඕනේ ඒක තමයි මගේ ඉලක්කය
hate,ඇඳේ වැතිර ඉන්නවා ෆාආ අඩුම තරමේ මම කලින් වගේ හිටියාට සාපේක්ෂව
worry,අනේ කෙල්ලේ මම ගොඩක් කලකිරිලා ඉන්නවා ඒත් මට කියන්න ඕනේ මට මගේ කට්ටලය එකට ගන්න පුළුවන් වෙන්න ඊළඟ සති අන්තයේ මට ෆ්ලයර් එකක් ලැබුණා
worry,හරිම කරකැවිල්ලක් දැනෙනවා
neutral,ලෝහ ආම්පන්න ඝන ගීතය සොරකම් කළා කියලා මට විශ්වාස කරන්න බැහැ මම ගොඩක් කලකිරුණා
neutral,මම හාපර්ස් දූපත බලමින් හිටියා හි හි හි හි හි හි හි හි හි හි හි හි හි හි හි හි හි හි හි හි හි හි හි හි හි හි හි හි හි හි හි හි හි හි හි හි හි හි හි හි හි හි හි හි
neutral,කේක් කෑල්ල ලැබුණා
sadness,අනේ
worry,මගේ ශුභවාදී දේවල් අපි හැමෝටම හොඳ වේවි කියලා අහන්න ලැබීම ගැන මට කණගාටුයි
neutral,ඔයාව රවට්ටන්න මට සති විතරයි තියෙන්නේ
worry,මට සිස්ටික් තියෙනවා ඇස්වල කඳුළු ආසාදනයක් නිසා මගේ ඇහේයි මූණෙයි ඉදිමිලා රිදෙනවා
happiness,යෝජනාව අගය කරනවා දැන් සතියක් වෙනවා තාමත් මුදල් ආපසු ඉල්ලන්න කාලයයි
worry,මම දැන් ඒ ජරාව කරනවා මම නිවාඩුවට ගිහින් ඔයා මාව වැඩට දැම්මා
worry,කෙල්ලෙක් මොට කෙනෙක් මගේ සිතුවිලි වල හරිම මෝඩයි දැන් මට ආතතිකාරක කිහිපයක් සමඟ ඇත්තෙන්ම හොඳ දවසක් තිබුණා ගෙදර එන්න
empty,ඇත්තටම ඇත්තටම කම්මැලියි මම නිදාගන්නවා කියලා මම හිතනවා
worry,මම හිතන්නේ මගේ උගුර ඇත්තටම රිදෙනවා
worry,ගිණුම් කරන ආකාරය තව ටිකක් එකතු කරනවා කෙටි කාලීනව පීඩනය හොඳයි නමුත් හොඳින් මුහුණ දෙන්න
worry,මගේ කාමර සගයා මාව නොසලකා හැරීමට කැමතියි
sadness,කවුරුත් ඒක අල්ලගත්තා කියලා මම හිතුවේ නැහැ
sadness,තාමත් ඒකට බැටළු පැටවෙක් නැති එක කණගාටුවට කරුණක්
hate,ආ හැමෝටම ඇරෝයෝ පවුල වෙනුවෙන් යාච්ඤා කරන්න
sadness,අනේ එක විනාඩියක්වත් පරක්කු නැහැ ඕ හොඳයි
boredom,ඕහ් ඔයාට රහස කියන්න බෑ
sadness,කමක් නෑ
neutral,මට කේක් කෑල්ල අමතක වෙලා නිසා ගෙදර ආපහු යනවා
surprise,ඔයා දියවැඩියා රෝගියෙක් ඒ වගේම මගේ තාත්තා ඇම්ප් මටත් විශ්වාස නැහැ ඔයාට තාමත් දවස පුරාම සීනි කන්න අවසර තියෙනවද කියලා
sadness,මම සිකුරාදා රෑ ලයිට් වල පළවෙනි කතාමාලාවේ නියමුවා හරහා යන්න හදනවා අනේ දෙවියනේ ටිෂූ එක පාස් කරන්න
neutral,අද උදේට වැඩ කරනවා
hate,සිකුරාදා රෑ ලයිට් වල පළමු කතාමාලාවේ නියමුවා හරහා යන්න මම උත්සාහ කරනවා අනේ දෙවියනේ ටිෂූ එක පහු කරන්න
sadness,පසුගිය ගිම්හානයේ ආරම්භයේදී තිබුණු ආකාරයට දේවල් ආපසු යන්න මම කැමතියි
love,තවදුරටත් සංවර්ධනයක් අත් අඩංගුවට ගත්තේ නැහැ මට දුකයි
worry,ඊව් අකමැතියි
neutral,ආව් ඔයා මාව අෆ්ලො කරන්නේ නැද්ද එහෙනම් මම අඬනවා
worry,මගේ කාමර සගයා මාව නොසලකා හැරීමට කැමතියි
worry,ඇගේ කර්ම ලකුණු බවට පත් වුණේ ඇයි කියලා පුදුමයි
worry,ඔයා හොඳින්ද
worry,අනුමාන කරන්න බෑ
sadness,අපි
hate,මට කේක් කෑල්ල අමතක වෙලා නිසා ගෙදර එන්න
worry,මගේ කාමර සගයා මාව නොසලකා හැරීමට කැමතියි
worry,බර්නෙට් එළියට එනවා කිසිවෙකු යන්නේ නැති උතුරට යන එක
worry,සහ ඔවුන්ගේ පළමු හැඟීම් මාරු කරන සියලුම කාන්තාවන් ලිංගිකත්වය අඩු තර්ජනාත්මක මිනිසෙකු කෙරෙහි මාතෘත්වය ඔහු තරම්ම දුර්වලයි
love,මම ඉක්මනින්ම නිදාගන්නවා
worry,ඒක නම් එපා
sadness,ඇත්තටම නිදිමත නැහැ නැවතත් නිවැරදි වචනය එතරම් වැඩක් නැහැ
sadness,මම මගේ වයස පෙන්වමින් අලුත් කළා මගේ ටැග් ගිය සතියේ වැටුණා මගේ රක්ෂණ අලුත් කිරීමේ ඊමේල් එක අද වැටුණා මට වයසට යන්න ඕන නැහැ
worry,හොඳයි
worry,මට හරිම අපහසුතාවයක් දැනෙනවා තවත් බල්ලෙක් නැහැ
neutral,මම දැන් ඒ ජරාව කරනවා මම නිවාඩුවක් ගත කරනවා ඔයා මාව වැඩට යැව්වා
worry,මම මුදල් ආපසු ගෙවන්නේ නැහැ නමුත් ඔවුන් ගිණුම් නැවත ලබා ගන්නවා සොරා හැක් කරන්නේ නැහැ කියලා බලාපොරොත්තු වෙනවා නැත්නම් ඒක ස්ථිරයි
neutral,හූස්ටන් ටිකට්පත් තියෙන කෙනෙක් එක්ක අපිට හුවමාරු කරගන්න ඕන නමුත් කවුරුත් එහෙම කරන්නේ නැහැ
neutral,ගර්භනී කාන්තාවන් දුම්පානය කරනවා දකිනකොට මට වෛරයි ඒක හරිම වගකීම් විරහිතයි ආත්මාර්ථකාමීයි ඒක හොඳයි අන්තිමට බබා තමයි දුක් විඳින්නේ
happiness,හිලින් එක්ක කාමරේ ඉන්න අයට සොම්බි ක්ලවුන් සීආර් එනකම් ඉන්න බෑ සති ගානක් යයි
sadness,ගැබිනි කාන්තාවන් දුම්පානය කරනවා දකිනකොට මට ඒක හරිම වගකීම් විරහිතයි ආත්මාර්ථකාමීයි ඒක හොඳයි අන්තිමේදී බබා තමයි දුක් විඳින්නේ
neutral,සමාජය උද්දීපනය වෙලා නැත්නම් හෙට නොවෙන්න පුළුවන්
neutral,මම ඉක්මනින් නිදාගත්තා
sadness,හ්ම් ඔව් ඒක මටම හොඳ සටහනක් වෙන්න ඇති මොකද ඊඊඊඊඊඊඊඊඊඊඊඊඊඊඊඊඊඊඊඊඊඊඊඊඊඊඊඊඊඊඊඊඊඊඊඊඊඊඊඊඊඊඊඊඊඊඊඊයේ රස්සාවක් ඕන නෑ
happiness,මට ඔයාගේ තොරතුරු ඕනේ
empty,ඒක මාව අවුස්සනවා මට එරිකා පස්සෙන් එන්න දෙන්නෙ නෑ
neutral,සිකුරාදා රෑ ලයිට් වල පළවෙනි කතාමාලාවේ නියමුවා හරහා යන්න මම උත්සාහ කරනවා
surprise,තාම බැටළු පැටවෙකු නොමැති වීම කණගාටුවට කරුණක්
neutral,මම කලින් වගේ පෙනුන විදියට වඩා අඩුම තරමේ මම එළියට වෙලා ඉන්නේ නැහැ කියලා මම හිතනවා
relief,මට කේන්ති යනවා එරිකා පස්සෙන් එන්න දෙන්නෙත් නෑ
worry,ඒක නෑ
worry,මම ඒ ජරාව හරියට කරනවා දැන් මම නිවාඩුවක් ගත කරනවා ඔයා මට වැඩ කරන්න කියලා කිව්වා
sadness,ඊයේ රෑ මට කරන්න බැරි දෙයක්
neutral,මට දුකයි
neutral,ආපහු නිදිමත නැහැ ආයෙත් වැඩ වැඩියි
worry,එයා රෑ මැද එයාගේ පරිගණකයේ ටයිප් කරන්න පටන් ගත්තම ඒක හරිම කරදරයක්
worry,මම ගැබිනි කාන්තාවන් දුම්පානය කරනවා දකිනකොට මට වෛරයක් දැනෙනවා ඒක හරිම වගකීම් විරහිතයි ආත්මාර්ථකාමීයි ඒක තමයි අන්තිමේදී බබා දුක් විඳින කෙනා
worry,ගර්භනී කාන්තාවන් දුම්පානය කරනවා දකින විට මට වෛර කරනවා ඒක හරිම වගකීම් විරහිතයි ආත්මාර්ථකාමීයි
neutral,මට තවමත් මේසය කරන්න වෙනවා නමුත් එය මාරුවෙන් පසු බලා සිටිනු ඇත උණුසුම
worry,මම ටැකෝසෝන් ස්ථානයට ගොඩක් ළඟින් හිටියා
surprise,කේක් කෑල්ල අමතක වෙලා ගෙදර යනවා
neutral,මක්නිසාද යත් එය තවමත් ලැජ්ජාවට පත් වී ඇත
worry,අනේ හරිම නරකයි මම හිතනවා ඒක හොඳ වෙයි කියලා මම හිතනවා මෑතකදී මට නින්දේ ගැටළු ඇති වුණා
worry,රැට් රොක්ඩ් නැෂ්විල් ටොනිට් එක දෙයක් නරක නැහැ ඒගොල්ලන්ට තාමත් විනෝදජනක සංදර්ශනයක් තියෙනවා පර්සි ඒ හොට් බැට් බෝයි පෙනුම
surprise,ඇත්තටම නිදිමත නැහැ කම්මැලියි කියන එක තමයි හරි වචනය ආයෙත් එච්චර වැඩක් නෑ
boredom,ඇත්තටම නිදිමත නැහැ කම්මැලියි කියන එක තමයි හරි වචනය ආයෙත් වැඩි වැඩක් නැහැ
enthusiasm,දැන් මට කිසිම දෙයක් කරන්න බෑ
neutral,අහ්
love,නෑ මම අඬන්නේ නැහැ
worry,තාම ඒකේ බැටළු පැටවෙක් නැති එක කණගාටුවට කරුණක්
empty,මම දන්නවා මම කලින් නරක පුරුද්දකට ඇහුම්කන් දුන්නා කියලා මම එයාගේ කොටසට බය වෙන්න පටන් ගත්තා
surprise,ගෑණු ළමයෙක් දැන් මගේ සිතුවිලි වල හරිම මෝඩයි
worry,ඉතින් මම හිතන්නේ මගේ පුතාට උණ ඇති වෙන්න ඇති මොකද මම දැන් කුණු වමනයක් පිරිසිදු කළා දුප්පත් පම්ක්පින්
neutral,ගර්භනී කාන්තාවන් දුම්පානය කරනවා දකිනකොට මට ඒක හරිම වගකීම් විරහිතයි ආත්මාර්ථකාමීයි ඒක තමයි අන්තිමේදී බබා දුක් විඳින්නේ
neutral,මෙන්න මගේ ශුභවාදී දේවල් අපි හැමෝටම හොඳ වේවි කියලා අහන්න ලැබීම ගැන මට කණගාටුයි
neutral,වැඩ කරන දිනය
worry,රැට් රොක්ඩ් නැෂ්විල් ටොනිට් එක දෙයක් නරක නැහැ ඒගොල්ලන්ට තාමත් විනෝදජනක සංදර්ශනයක් තියෙනවා පර්සි ඒ හොට් බැට් බෝයි පෙනුම
worry,නෑ ඒ හැමෝම නිදාගෙන ඉන්නේ මොකද එයාලා නැගෙනහිර වෙරළේ ජීවත් වෙන නිසා
worry,ට්විටාස්කෝප් එක මගේ මේස් දැනටමත් හෙල්ලිලා යනවා
worry,නමුත් දැන් මට දුරකථනයක් ගන්න සල්ලි නැහැ
surprise,අනේ ඔයාට රහස ගැන කියන්න බෑ
worry,වැඩ කරන්න හිතෙන්නේ නැහැ මම හිතන්නේ මම මේක නිතර නිතර ට්වීට් කරනවා
sadness,ඒක මාව අවුස්සනවා මට එරිකාට පස්සෙන් එන්න දෙන්නෙ නෑ
empty,ඒක මාව අවුස්සනවා මට එරිකා පස්සෙන් එන්න දෙන්නෙ නෑ
worry,ඇගේ රැඳවුම්කරුවන්ට හුස්ම හිර කළා
worry,තවදුරටත් අත්අඩංගුවට ගැනීමක් නැහැ මට දුකයි
worry,අවසානයේ බබා තමයි දුක් විඳින්නේ
neutral,මම අවධානය යොමු කළේ ටොම් ගැන ගොඩක් මම මගේ ආදරණීය බැරැක්ව දැක්කේ නැහැ අනේ නෑ මම දෙකටම ඡන්දය දෙන්න ඕනේ දුප්පත් ජනාධිපතිට ඡන්ද විතරයි තියෙන්නේ
surprise,මම ටැකෝසෝන් ස්ථානයට ගොඩක් පරක්කු වෙලා හිටියා
worry,මම මෙච්චර මහන්සියි
sadness,ට්විටාස්කෝප් එක මගේ මේස් දැනටමත් හොල්ලන්නේ නැහැ
neutral,ආත්මාර්ථකාමීයි අන්තිමට බබා තමයි දුක් විඳින්නේ
worry,මෑතකදී මම ටොන් ගණනක් බර වැඩි කර ගත් ඔබේ මිතුරෙකුගෙන් එය මගේ අවධානයට ලක්ව ඇත
worry,හ්ම්ම්ම් බැහැ
worry,මගේ අම්මලා මට ඡන්දය දීම නවත්තලා දිනන්නේ නැති එක ගැන දැනෙන්න දෙන්න හදනවා මම ඇඬුවා වගේ
love,ට්විටාස්කෝප් මගේ මේස් රොක් කරන්නේ නැහැ දැනටමත්
love,එය දීප්තිමත් විය ළඟපාත ගෑස් වැඩ අවසානයේ දැවැන්ත පිපිරීමක් සිදු විය
love,මට දැන් හොඳටම ඇහැරිලා ඉන්නේ අසනීපෙන් අද දවල් ටිකක් නිදාගන්න
sadness,මොකද ගුවන් සේවා හරිම දුර්වලයි
sadness,මම දැන් තමයි පටන් ගත්තේ
love,ඇත්තටම නිදිමත නැහැ කම්මැලියි කියන එක තමයි නිවැරදි වචනය නැවතත් එතරම් වැඩක් නැහැ
happiness,ක්වයි නයිට් පැය ගානක් ගියා
sadness,වරකු රස නැති සහ මිල අධික කොටස හරිම අඩුයි වරකු
worry,ආව් ඔයාට රහස ගැන මට කියන්න බෑ
neutral,කාලය වෙනස් මම එදිනෙදා දේවල් වලින් පුරවගෙන ඉන්නේ ඒ නිසා මම ඉක්මනින්ම ට්වීට් කරලා නැහැ පැය කිහිපයකින් නිදාගන්න ඕනේ
hate,ආ හැමෝටම ඇරෝයෝ පවුල වෙනුවෙන් යාච්ඤා කරන්න
worry,මට කණගාටුයි මම කලින් වගේ පෙනුන දේට සාපේක්ෂව මම අඩුම තරමින් එළියට වෙලා ඉන්නේ නැහැ
sadness,අප් එක එළියට ආවා මට සංදේශය ලැබුණේ නැහැ එය පුදුම සහගතයි
sadness,මට මගේ බලු පැටියා නැතුව පාලුයි
love,මම ඉක්මනින්ම නිදාගන්නවා
worry,මම දෙයක් කෑවා මම දන්නේ නැහැ ඒක මොකක්ද කියලා මම කෑම ගැන දේවල් කියන්නේ ඇයිමම ගොඩක් මහන්සියි මම හිතන්නේ මට අනිවාර්යයෙන්ම කන් ආසාදනයක් හැදෙයි කියලා මම හිතනවා නින්දට යනවා උපුටා දැක්වීම උපුටා දැක්වීම වරක්
sadness,ආපසු මුදල් නැහැ නමුත් ගිණුම් නැවත ලබා ගන්නවා සොරා හැක් කරන්නේ නැහැ කියලා බලාපොරොත්තුවෙන් සතියක් වගේ ගත වෙනවා
neutral,මම දෙමාපිය පාලනය බලාගෙන හිටියා
sadness,මම නෙට් එකට වෛර කරනවා
worry,මට කිසිම දෙයක් කරන්න බෑ
fun,ඒක තියෙනවා මගේ යාළුවෙක්ගෙන් මට දැනගන්න ලැබුණා මම මෑතකදී බර ටොන් එකක් වැඩි වුණා එයා දැනගෙන හිටියේ නැහැ ඒ මම කියලා
sadness,දැන් මට කරන්න බැරි දෙයක්
neutral,ම්ම් ඔව් ඒක මටම හොඳ සටහනක් වෙන්න ඇති මොකද ඊඊ ගමේ කොටසේ ගෙදර වැඩ කරනකොට මගේ සුපුරුදු සහකරු නැති වෙනකම්
sadness,මට එයාගේ කොණ්ඩේ හැමෝම කොහොමද කියලා බලන්න ඕනේ
surprise,ගුවන් ටිකට්පත් මෙතරම් මිල අධික ඇයි
relief,මම ගිටාර් වලට ආදරෙයි ඒවා වාදනය කරනවා මම හොඳ නම් ඒවා විශිෂ්ටයි කියලා මම හිතනවා
enthusiasm,මගේ ශුභවාදී බව අසා මට කණගාටුයි
sadness,ගර්භනී කාන්තාවන් දුම්පානය කරනවා දකිනකොට මට වෛරයි
hate,ගැබිනි කාන්තාවන් දුම්පානය කරනවා දකිනකොට මට ඒක හරිම වගකීම් විරහිතයි ආත්මාර්ථකාමීයි
happiness,ඒක නම් එච්චර අමාරුවක්
worry,ගෙදර තනියම කරන්න වැඩි දෙයක් නැහැ
neutral,අනුමාන කරනවා ඒක නම් එපා කෙල්ලේ මම තාමත් ජිම් එකේ ඉන්නේ උදේ පාන්දර වැඩ කරනවා
empty,ඒක මාව අවුස්සනවා මට එරිකා පස්සෙන් එන්න දෙන්නෙ නෑ
worry,අනේ කමක් නෑ මම හිතන්නේ මේක ගොඩ ගන්න බෑ
worry,නෑ ඒගොල්ලෝ ඔක්කොම නිදාගන්නේ මොකද එයාලා නැගෙනහිර වෙරළේ ජීවත් වෙන්නේ
surprise,ගෙදර එන්න
worry,ඒ කතාව පෘතුගාලයේ ජීවත් වීම මතක් කරනවා
surprise,මට ඒක මග හැරුණා
neutral,තාම බැටළු පැටවෙකු නොමැති වීම කණගාටුවට කරුණක්
boredom,ඩොක්ටර්ස් බෙහෙත් වට්ටෝරු වැඩ කරන්නේ නෑ
worry,අනේ කෙල්ලේ මම ගොඩක් කලකිරිලා ඉන්නවා ඒත් මට කියන්න ඕනේ මට මගේ කට්ටලය එකට ගන්න පුළුවන් වෙන්න ඊළඟ සති අන්තයේ මට ෆ්ලයර් එකක් ලැබුණා
sadness,කේක් කෑල්ල අමතක වෙලා නිසා ගෙදර ආපහු යනවා
surprise,නෑ එයාලා හැමෝම නිදාගන්නේ මොකද එයාලා නැගෙනහිර වෙරළේ ජීවත් වෙන්නේ
surprise,මට සමාවෙන්න මම හිතන්නේ නෑ මම කලින් වගේ පෙනුන විදියට අඩුම තරමේ මම පැත්තකට වෙලා ඉන්නේ නෑ කියලා
worry,මගේ එකම සහායකයා මගේ එකම සහායකයා නොවේ
sadness,මම අද රෑ විතරයි ඒක කළේ
worry,මම හිතන්නේ ඒ වෝග් එක මට ටිකක් රිදෙනවා කියලා
worry,මම එහෙම කළා ටැකෝසෝන් ස්ථානයට ගොඩක් පරක්කු වෙලා
sadness,නෑ ඒගොල්ලෝ ඔක්කොම නිදාගෙන ඉන්නේ මොකද එයාලා නැගෙනහිර වෙරළේ ජීවත් වෙන්නේ
worry,සිකුරාදා නයිට් ලයිට් වල පළවෙනි සීසන් එකේ පයිලට් එක හරහා යන්න හදනවා දෙයියනේ දෙවියනේ ටිෂූ එක පාස් කරන්න
hate,කමක් නැහැ මේක බේරගන්න බැරි දෙයක් කියලා මම හිතනවා
love,මේක බේරගන්න බෑ කියලා මම හිතනවා
neutral,අනේ කමක් නෑ
neutral,අනෙක් අයගේ ජීවිත පිළිබඳ ටැබ්ලොයිඩ් කියවීම සිතමින් මගේ බබා ගියාම මම මගේ එක්ක මොකද කරන්නේ
worry,මම ගිටාර් වලට ආදරෙයි ඒවා වාදනය කරනවා මම හිතන්නේ ඒවා සුපිරියටම ඇහෙනවා
surprise,තවමත් බැටළු පැටවෙකු නොමැති වීම කණගාටුවට කරුණක්
sadness,මම අලුත් ට්විටර්ෆෝන් යාවත්කාලීනය බාගත කළේ ඔවුන් අලුත් ට්වීට් සඳහා ටයිප් කිරීමේ ගැටලුව විසඳනවා කියලා හිතාගෙන නමුත් නැහැ ඔවුන් එසේ කළේ නැහැ
worry,මුදල් ආපසු ගෙවීමක් නැහැ නමුත් ගිණුම් නැවත ලබා ගැනීමට සතියක් ගත වෙනවා සොරා හැක් කරන්නේ නැහැ කියලා බලාපොරොත්තු වෙනවා නැත්නම් ඒක ස්ථිරයි
hate,මට නිදාගන්න ඕන ඒත් මහන්සිත් නෑ
worry,මගේ එකම සහායකයා මගේ එකම සහායකයා නොවේ
worry,මම හොඳ නම්
sadness,හිසරදයක් එක්ක ඇඳේ වැතිර ඉන්නවා අහ්හ්හ්හ්හ් ඔයාගෙ කෝල් එක එනකම් ඉන්න
worry,මෙන්න මගේ ශුභවාදී බව අහන්න ලැබීම ගැන මට කණගාටුයි
happiness,මට ඔයාගේ තොරතුරු ඕනේ
worry,මම හොඳ නම්
neutral,මට සමාවෙන්න මම කලින් වගේ පෙනුන දේට සාපේක්ෂව මම පැත්තකට වෙලා ඉන්නේ නැහැ
worry,මට කණගාටුයි මම කලින් බලපු දේට සාපේක්ෂව මම අඩුම තරමින් එළියට වෙලා ඉන්නවා කියලා මම හිතන්නේ නැහැ හරියට
neutral,මෙන්න මගේ ශුභවාදී දේවල් හැමෝටම හොඳ වෙයි කියලා අහන්න ලැබීම ගැන මට කණගාටුයි අපේ
sadness,හ්ම් ඔව් ඒක මටම හොඳ සටහනක් වෙන්න ඇති මොකද ඊඊඊඊඊඊඊඊඊඊඊඊඊඊඊඊඊඊඊඊඊඊඊඊඊඊඊඊඊඊඊඊඊඊඊඊඊඊඊඊඊඊඊඊඊඊඊඊයේ රස්සාවක් ඕන නෑ
worry,සහ ඔවුන්ගේ පළමු හැඟීම් මාරු කරන සියලුම කාන්තාවන් ලිංගිකත්වය අඩු තර්ජනාත්මක මිනිසෙකු කෙරෙහි මාතෘත්වය ඔහු තරම්ම දුර්වලයි
sadness,පසුගිය ගිම්හානයේ ආරම්භයේදී තිබුණු ආකාරයට දේවල් ආපසු යන්න මම කැමතියි
sadness,මම හිතන්නේ සර් එකේ ඒක සිසිල් වෙලා කියලා හහ් ඒක මෙතන නැහැ තාත්තයි මමයි බඩු පැක් කරනකොට දවල් ඉඳන් මම දාඩිය දානවා නවත්තලා නැහැ
sadness,ඒක හරියට තඩ් තඩ් වගේ
worry,ඇගේ රැඳවුම්කරුවන්ට හුස්ම හිර කළා
enthusiasm,ගැබිනි කාන්තාවන් දුම්පානය කරනවා දකිනකොට මට වෛරයි ඒක හරිම වගකීම් විරහිතයි ආත්මාර්ථකාමීයි අවසානයේ බබා තමයි දුක් විඳින්නේ
surprise,ගෙදරට ආපහු යනවා මොකද මම කේක් කෑල්ල අමතක කළා
neutral,මම නිදාගන්න කියලා හිතාගෙන ඉන්නවා
surprise,මගේ අම්මලා ඡන්දය දීම නවත්තලා කෙටි කාලයක් දිනන්නේ නැති එක ගැන මට දැනෙන්න සලස්වන්න හදනවා
worry,කාමරකරුවන් සමඟ චිලින්ගේ වැඩ කරන දිනය සොම්බි ක්ලවුන් සීආර් එනතුරු බලා සිටිය නොහැක සති ගණනක් ගතවනු ඇත
empty,හේයි ඔයා පොඩි මගුලක් මම ඔයාට කෙටි පණිවිඩයක් යැව්වා
hate,මෑතකදී මම ටොන් ගණනක් බර වැඩි කර ගත් ඔබේ මිතුරෙකුගෙන් එය මගේ අවධානයට ලක්ව ඇත ඔහු ඒ මම කියලා දැන සිටියේ නැත
neutral,අනේ කමක් නෑ මේක ගොඩ ගන්න බෑ කියලා මම හිතනවා
neutral,ඔයා කවදාවත් ඔයාගේ ඩීඑම් එකට උත්තර දුන්නේ නෑ මම ඔයාට ඔයාගේ තොරතුරු එව්වා
worry,හරිම කරකැවිල්ලක් දැනෙනවා
neutral,ඒක මගේ හිතේ තියෙනවා
neutral,ගොඩක් පරක්කු වෙලා ඇති
fun,චොකලට් වලින් මොකක්ද
sadness,එක පාරක් හහා දුප්පත් අබී තාමත් රිදෙනවා
worry,මුදල් ආපසු ගෙවීමක් නැහැ නමුත් ඔවුන් ගිණුම් නැවත ලබා ගන්නවා සොරා හැක් භාවිතා කරන්නේ නැහැ කියලා බලාපොරොත්තු වෙනවා නැත්නම් ඒක ස්ථිරයි
worry,මම හිතන්නේ ඒ වෝග් එක මට ටිකක් රිදෙනවා කියලා
neutral,මට මෑතකදී බර වැඩි වෙලා ටොන් එකක් වැඩි වෙලා කියලා මගේ යාළුවෙක්ගෙන් ඒක ඇහුණා එයා දැනගෙන හිටියේ නෑ ඒ මම කියලා
neutral,කවුරුත් ඒක අල්ලගෙන හිටියේ නැහැ කියලා මම හිතුවේ නැහැ
neutral,ඇත්තටම නිදිමත නැහැ කම්මැලියි කියන එක තමයි නිවැරදි වචනය නැවතත් වැඩි වැඩක් නැහැ
neutral,ඇඳේ වැතිර ඉන්නවා ෆාආ අඩුම තරමේ මම කලින් වගේ පෙනුනත් එක්ක සසඳනකොට
sadness,තවමත් අත්අඩංගුවට ගැනීමක් නැහැ මට දුකයි
worry,ඒක හරිම වගකීම් විරහිතයි ආත්මාර්ථකාමීයි
enthusiasm,ගැබිනි කාන්තාවන් දුම්පානය කරනවා දකිනකොට මට ඒක හරිම අසාධාරණයි
worry,මුදල් ආපසු ගෙවීමක් නැහැ නමුත් ගිණුම් නැවත ලබා ගැනීමට සතියක් ගත වෙනවා සොරා හැක් කරන්නේ නැහැ කියලා බලාපොරොත්තු වෙනවා නැත්නම් ඒක ස්ථිරයි
surprise,ඇත්තටම නිදිමත නැහැ කම්මැලියි කියන එක තමයි හරි වචනය ආයෙත් එච්චර වැඩක් නෑ
surprise,මම මගේ කකුල පුරාම බියර් හැලුවා ගෙදර මගේ බියර් භාගයක් නාස්ති කළා දැන් මට හුරුබුහුටි ගැහැණු ළමයෙක් මුණගැහුණා හොඳ සංවාදයක්
worry,එය තවමත් කණගාටුදායකයි
hate,සර් එකේ සීතලයි කියලා මම ඔට්ටු අල්ලනවා හහ් ඒක මෙතන නැහැ තාත්තයි මමයි බෑග් පැක් කරනකොට දවල් ඉඳන් මම දාඩිය දානවා නවත්තලා නැහැ
worry,මට සිස්ටික් තියෙනවා ඇස්වල කඳුළු ආසාදනයක් නිසා මගේ ඇහේයි මූණෙයි ඉදිමිලා රිදෙනවා
neutral,ආව් ඔයා මාව අෆ්ලො කරන්නේ නැද්ද එහෙනම් මම අඬනවා
hate,අනේ අද මම එච්චර ට්වීට් කළේ නැහැ
worry,මම ගිටාර් වලට ආදරෙයි ඒවා වාදනය කරනවා මම හිතන්නේ මම වඩා හොඳ නම් ඒවා විශිෂ්ට ලෙස ශබ්ද කරනවා
boredom,මම ඒක විවෘත කළාම මේ වෙබ් අඩවිය මට වෛරසයක් දුන්නා තවත් කවුළු මතු වෙනවා
worry,මේක ගොඩගන්න බෑ කියලා මම හිතනවා
worry,ඒ නිසා මට අලුත් හිමිකරුවෙක්
sadness,අනුමාන කරන්න බෑ කෙල්ලේ මම තාමත් ජිම් එකේ වැඩ කරනවා
worry,මුදල් ආපසු ගෙවීමක් නැහැ නමුත් ගිණුම් නැවත ලබා ගැනීමට සතියක් ගත වෙනවා සොරා හැක් කරන්නේ නැහැ කියලා බලාපොරොත්තු වෙනවා නැත්නම් ඒක ස්ථිරයි
sadness,කුණාටුව ඇවිත් විදුලිය නැති වෙලා
worry,වැඩ කරන දවස
worry,මම ටැකෝසෝන් තැනට ගොඩක් පරක්කු වුණා
surprise,මුදල් ආපසු ගෙවීමක් නැත නමුත් ඔවුන් ගිණුම් නැවත ලබා ගනී සතියක් වැනි කාලයක් ගතවේ සොරා හැක් භාවිතා නොකරනු ඇතැයි බලාපොරොත්තු වෙමි නැතහොත් එය ස්ථිරයි
hate,ඔව් මගේ කොට්ටය විනිශ්චය කරන්න එපා
worry,මගේ අම්මලා ඡන්දය දීම නවත්තලා කෙටි කාලයක් දිනන්නේ නැති එක ගැන මට දැනෙන්න සලස්වන්න උත්සාහ කරනවා මම ඇඬුවා
worry,මම ගිටාර් වලට ආදරෙයි ඒවා වාදනය කරනවා මම හිතන්නේ ඒවා විශිෂ්ටයි කියලා මම හිතනවා මම හොඳ නම් විතරයි
sadness,මම නව ට්විටර්ෆෝන් යාවත්කාලීනය බාගත කළේ ඔවුන් නව ට්වීට් සඳහා ටයිප් කිරීමේ ගැටලුව විසඳනවා යැයි සිතමින් නමුත් ඔවුන් එසේ කළේ නැත
neutral,ටෲඩිස් බර්නෙට් එක උතුරට ගියා කවුරුත් යන්නේ නැති එක
neutral,ගර්භනී කාන්තාවන් දුම්පානය කරනවා දකින විට මට වෛර කරනවා ඒක වගකීම් විරහිතයි ආත්මාර්ථකාමීයි ඒක සාද් අවසානයේ බබා දුක් විඳිනවා කියලා මට වෛර කරනවා
worry,සිකුරාදා රෑ ලයිට් වල පළමු කතාමාලාවේ නියමුවා හරහා යන්න මම උත්සාහ කරනවා
sadness,මම සිකුරාදා රෑ ලයිට් වල පළවෙනි කතාමාලාවේ නියමුවා හරහා යන්න හදනවා අනේ දෙවියනේ ටිෂූ එක දාන්න
neutral,හූස්ටන් ටිකට්පත් තියෙන කෙනෙක් එක්ක අපිට හුවමාරු කරගන්න ඕන නමුත් කවුරුත් එහෙම කරන්නේ නැහැ
worry,ඒක හරිම වගකීම් විරහිතයි ආත්මාර්ථකාමීයි
worry,ඇගේ කර්ම ලකුණු බවට පත් වුණේ ඇයි කියලා පුදුමයි
neutral,මම ගිටාර් වලට ආදරෙයි ඒවා වාදනය කරනවා මම හිතන්නේ ඒවා සුපිරියටම ඇහෙනවා මම හොඳ නම් විතරයි
worry,මම ගිටාර් වලට ආදරෙයි ඒවා වාදනය කරනවා මම හිතන්නේ ඒවා සුපිරියටම ඇහෙනවා
sadness,මම එතන හිටියා නම් හොඳයි
sadness,ආපසු ගෙවීම් නැහැ නමුත් ඔවුන් ගිණුම් ලබා ගන්නවා සතියක් වගේ ගත වෙනවා සොරා හැක් භාවිතා කරන්නේ නැහැ කියලා බලාපොරොත්තු වෙනවා නැත්නම් ඒක ස්ථිරයි
sadness,වැස්ස මැදින් ගෙදර යන්න එච්චර ආසාවක් නෑ
relief,මට කේන්ති යනවා එරිකා පස්සෙන් එන්න දෙන්නෙත් නෑ
neutral,මට කවදාවත් එපා කියන්න බෑ
sadness,ඔයා අලුත් ට්වීට් වලට ටයිප් කිරීමේ ගැටලුව විසඳනවා කියලා හිතලා
neutral,ගුවන් ටිකට්පත් මෙච්චර මිල අධික ඇයි
worry,හොඳයි පැවරුම් සඳහා වැඩි කාලයක් ගත වෙනවා
love,ඊයේ රෑ අන්තර්ජාලය නැහැ
hate,හොඳයි ඒක හොඳ දවසක් වගේ මම හෙට ආයෙත් උත්සාහ කරනවා
worry,බොරු බොරු
enthusiasm,රැකියාවෙන් නිවාඩු ගන්න බැරි වෙන්නවත් ගමනට සල්ලි තියෙන්නවත් බැරි වීම හරිම දුකයි
enthusiasm,සුභ උපන්දිනයක් වේවා ඔයාට නියම දවසක් ලැබේවා කියලා බලාපොරොත්තු වෙනවා ඊළඟ රෑ ඔයාව දැක්කෙ නෑ
worry,ලේඩි ගාගා ට්වීට් කළා ඔයා දැනගන්න ඕන නිසා එයාගේ වීඩියෝ එක ලීක් වෙන එක ගැන එයාගේ හිතට දැනුනේ නෑ
worry,මම දැන් ඒ ජරාව කරනවා මම නිවාඩුවට ගිහින් ඔයා මාව වැඩට දැම්මා
neutral,මම ගොඩක් දුකයි
worry,ම්ම් ඔව් ඒක මටම හොඳ සටහනක් වෙන්න ඇති මොකද ඊඊ නරකයි
fun,ඒක තියෙනවා මගේ යාළුවෙක්ගෙන් මට දැනගන්න ලැබුණා මම මෑතකදී බර ටොන් එකක් වැඩි වුණා එයා දැනගෙන හිටියේ නැහැ ඒ මම කියලා
neutral,ඇත්තටම නිදිමත නෑ කම්මැලියි කියන එක තමයි හරි වචනය ආයෙත් එච්චර වැඩක් නෑ
sadness,අනුමාන කරන්න බෑ කෙල්ලේ මම තාමත් ජිම් එකේ ඉන්නවා උදේ පාන්දර වැඩ කරනවා
neutral,මට බැරි වුණු නිසා දුකයි කොල්ලො එක්ක සෙල්ලම් කරන්න
surprise,ගුවන් ටිකට්පත් මෙතරම් මිල අධික ඇයි
happiness,කවුරුත් ඒක අල්ලගත්තේ නැහැ
hate,ඔව් මගේ කොට්ටය විනිශ්චය කරන්න එපා
sadness,මට මිලදී ගන්න වෙලාවක් නැහැ මට අලුත් බයින්ඩර් එකක් ඕනේ
worry,මම අද රෑ තමයි සමලිංගිකයින්ට හැදුවේ
sadness,මම අද රෑ විතරයි ඒක කළේ
surprise,නෑ එයාලා හැමෝම නිදාගන්නේ මොකද එයාලා නැගෙනහිර වෙරළේ ජීවත් වෙන්නේ
worry,මට කේක් කෑල්ල අමතක වෙලා නිසා ගෙදර යන්න වෙනවා
sadness,ඩොක්ස් බෙහෙත් වට්ටෝරු වැඩ කරන්නේ නෑ කියලා
sadness,ඔයා දිනුම් රකීම් සුසුම් හෙළනවා
sadness,මම එතන හිටියා නම් හොඳයි
neutral,මගේ පොත හොයාගත්තා අද රෑ ඇත්ත කඩදාසි බැඳපු සඟරාවක් පටන් ගන්නකොට මගේ තොල් උඩින් කරදරකාරී ලපයක් තියෙනවා මට හර්පීස් තියෙනවා වගේ පේනවා
worry,ඒක පිස්සුවක්
love,මුදල් ආපසු ගෙවීමක් නැත නමුත් ඔවුන් ගිණුම් ලබා ගන්නවා සතියක් වගේ ගත වෙනවා සොරා හැක් භාවිතා කරන්නේ නැහැ කියලා බලාපොරොත්තු වෙනවා නැත්නම් එය ස්ථිරයි
worry,අනේ දෙවියනේ ටිෂූ එක දාන්න
enthusiasm,ගැබිනි කාන්තාවන් දුම්පානය කරනවා දකිනකොට මට වෛරයි ඒක හරිම වගකීම් විරහිතයි ආත්මාර්ථකාමීයි අවසානයේ බබා තමයි දුක් විඳින්නේ
sadness,මගේ අම්මලා මට ඡන්දෙ දෙන එක නවත්තන එක ගැන සහ කෙටිකතාව දිනන්නෙ නැති එක ගැන තවත් හැඟීමක් ඇති කරන්න හදනවා මම ඇඬුවා වගේ
neutral,ඔහ් ගිගුරුම් සහිත වැස්සක් ඇයි එයාලා හැම විටම විදුලිය විසන්ධි කරන්න ඕනේ
worry,මට නිදාගන්න බෑ අද මම සෙල්ලම් කරපු බලු පැටියා ගැන මම හිතනවා
neutral,මට සමාවෙන්න මම කලින් වගේ පෙනුන දේට සාපේක්ෂව මම පැත්තකට වෙලා ඉන්නේ නැහැ
hate,අනේ ඔයාට රහස කියන්න බෑ
worry,රිෆන්ඩ් නෑ ඒත් ඒවා රිප්ට් කරනවා
sadness,තවමත් අත්අඩංගුවට ගැනීමක් නැහැ මට දුකයි
sadness,අනේ නෑ මම ටයර් එකක් ගැහුවොත් ඔයාට ඇත්තටම බැට්මෑන් දුම් ටිකක් යවන්න වෙනවා
sadness,තවමත් අත්අඩංගුවට ගැනීමක් නැහැ මට දුකයි
neutral,මට ඉක්මනින් නිදාගන්න ඕනේ
sadness,මුදල් ආපසු ගෙවීමක් නැත නමුත් ඔවුන් ගිණුම් ලබා ගැනීමට සතියක් වගේ කාලයක් ගත වෙනවා සොරා හැක් භාවිතා කරන්නේ නැහැ කියලා බලාපොරොත්තු වෙනවා නැත්නම් ඒක ස්ථිරයි
empty,ඒක මාව අවුස්සනවා එරිකාට පස්සෙන් එන්න දෙන්නෙත් නෑ
sadness,මම එතන හිටියා නම් හොඳයි
worry,නෑ ඒ හැමෝම නිදාගෙන ඉන්නේ මොකද එයාලා නැගෙනහිර වෙරළේ ජීවත් වෙන නිසා
love,නෑ මම අඬන්නේ නැහැ
love,මම ගිටාර් වලට ආදරෙයි ඒවා වාදනය කරනවා මම හිතන්නේ මම හොඳ නම් ඒවා විශිෂ්ටයි කියලා
neutral,ම්ම් ඔව් ඒක මටම හොඳ සටහනක් වෙන්න ඇති මොකද ඊඊ ගමේ කොටසේ ගෙදර වැඩ කරනකොට මගේ සුපුරුදු සහකරු නැති වෙනකම්
sadness,පසුගිය ගිම්හානයේ ආරම්භයේදී තිබුණු ආකාරයට දේවල් ආපසු යන්න මම කැමතියි
worry,හොඳයි පැවරුම් සඳහා වැඩි කාලයක් ගත වෙනවා
worry,මගේ එකම සහායකයා මගේ එකම සහායකයා නොවේ
neutral,ඔයාව රවට්ටන්න මට සති විතරයි තියෙන්නේ
neutral,මම නව ට්විටර්ෆෝන් යාවත්කාලීනය බාගත කළා අලුත් ට්වීට් වලට ටයිප් කරන එක එයාලා හැදුවා ඒත් නෑ
neutral,මම නව ට්විටර්ෆෝන් යාවත්කාලීනය බාගත කළා අලුත් ට්වීට් වලට ටයිප් කරන එක එයාලා හැදුවා ඒත් නෑ
sadness,කවුරුත් ඒක අල්ලගත්තා කියලා මම හිතුවේ නැහැ
sadness,ඇඳේ වැතිර ඉන්නවා වේලාසන වැඩියි
worry,ඊයේ රෑ අන්තර්ජාලයක් නැහැ ළඟපාත ගෑස් එකක් අවසානයේ දැවැන්ත පිපිරීමක් ඇති වුණා
worry,අද මම ගෙදර ඉන්නවා මට ෆිල්ම් බලන්න බෑ
neutral,මම බාගත කළා අලුත් ට්විටර්ෆෝන් යාවත්කාලීන කිරීම හිතුවේ අලුත් ට්වීට් වල ටයිප් කිරීමේ ගැටලුව විසඳනවා කියලා නමුත් නැහැ
neutral,මට ඉක්මනින් නිදාගන්න ඕනේ
love,තවදුරටත් අත්අඩංගුවට ගත්තු සංවර්ධනයක් නෑ මට දුකයි
neutral,නමුත් මට ඕන නෑ
love,අනේ නයිට් දැන් පැයකට වඩා වැඩියි
hate,ඔහ් ඒක ඇත්තටම වෙලාවක්
neutral,කේක් කෑල්ල ලැබුණා
sadness,මම ඔර්ලන්ඩ් යනවා
sadness,තවදුරටත් සංවර්ධනයක් අත්අඩංගුවට ගත්තේ නැහැ මට දුකයි
worry,ගෑණු ළමයෙක් මගේ සිතුවිලි වල හරිම මෝඩයි
worry,ගැහැණු ළමයෙක් මගේ ශරීරයේ හරිම මෝඩයි දැන් මට හිතෙනවා ආතතිය ඇති කරන දේවල් කීපයක් එක්ක මට නියම දවසක් ගත කරන්න පුළුවන් කියලා ගෙදර එන්න
fun,අනේ මට ඇත්තටම මගේ මුහුණ පේන්නේ නැහැ යාලුවනේ
worry,හොඳයි උදේ මිනිස්සු හිරු එළිය වැටෙනවා වසන්තයේ දැන් අපිට අපේ පළමු වසන්ත හිම කැට කුණාටුව ආවා මගේ කාර් එකට දැන් ඩිම්පල් තියෙනවා
worry,මගේ කාමර සගයා මාව නොසලකා හැරීමට කැමතියි
worry,මට වෝබිස් නැතුව පාලුයි
enthusiasm,මම ඔර්ලන්ඩ් එකට යන්නම්
sadness,ඒක තියෙනවා මගේ යාළුවෙක්ගෙන් මට ආරංචි වුණා එයා ළඟදී බර වැඩි වුණා එයා දැනගෙන හිටියේ නැහැ ඒ මම කියලා
worry,මම ටැකෝසෝන් ස්ථානයට ගොඩක් ළඟින් හිටියා
sadness,මට කේක් කෑල්ල අමතක වෙලා නිසා ගෙදර ආපහු යනවා
worry,මෑතකදී මම ටොන් ගණනක් බර වැඩි කර ගත් ඔබේ මිතුරෙකුගෙන් එය මගේ අවධානයට ලක්ව ඇත
sadness,සුසුම්ලමින් මම නිදාගන්න යනවා මට දැන් හරියන්නේ නැහැ
worry,අසනීපයි
happiness,තාම බැටළු පැටවෙක් නැති එක කණගාටුවට කරුණක්
love,එකඟ වුණා
worry,තාමත් ඒකට බැටළු පැටවෙක් නැති එක කණගාටුවට කරුණක්
sadness,ඇත්තටම නිදිමත නැහැ කම්මැලියි කියන එක තමයි ආයෙත් හරි වචනය වැඩි වැඩ නැහැ
worry,මම එහෙම කළා ටැකෝසෝන් ස්ථානයට ගොඩක් පරක්කු වෙලා
worry,මට පීඩනකාරක කිහිපයක් එක්ක නියම දවසක් තිබුණා
happiness,නෑ ඒ හැමෝම නිදාගෙන ඉන්නවා මොකද එයාලා නැගෙනහිර වෙරළේ ජීවත් වෙනවා
sadness,එයා මැරුණා ඉන්න මැජික් ජැක් ගැන මොකද මම ඒක කියෙව්වා
neutral,ම්ම් ඔව් ඒක මටම හොඳ සටහනක් වෙන්න ඇති මොකද ඊඊ මිල අධිකයි
relief,බොරුකියාඔයාට හැමදේටම බොරු කියන්න බෑ
worry,මට නිදාගන්න බෑ නමුත් මට චලනය වෙන්න අමාරුයි
sadness,මම නිදාගන්න ඕනේ නමුත් මම මට ඕන පරණ යාළුවෙක් ගැන හිතන්නේ නැහැ නමුත් එයා දැන් විවාහ වෙලා එයාට මාව ඕන අපකීර්තියට පත් කරන්න ඕන
hate,මගේ අම්මලා මට ඡන්දය දීම නවත්තලා දිනන්නේ නැති එක ගැන දැනෙන හැඟීම ඇති කරන්න හදනවා මම ඇඬුවා වගේ
worry,මට ගන්න වෙලාවක් නැහැ මට අලුත් බයින්ඩර් එකක් ඕනේ
sadness,ලූක් විශ්වාසයි
hate,වචන ලිංගිකත්වයට පස්සේ ඒක කවදාවත් පටන් ගත්තේ නෑ
enthusiasm,රැකියාවෙන් නිවාඩු ගන්න බැරි වෙන්නවත් ගමනට සල්ලි තියෙන්නවත් බැරි වීම හරිම දුකයි
surprise,ම්ම් ඔව් ඒක මටම හොඳ සටහනක් වෙන්න ඇති මොකද ඊඊ
sadness,මේක බේරගන්න බෑ කියලා මම හිතනවා
worry,කිසිවෙකු යන්නේ නැහැ
happiness,හිලින් එක්ක කාමරේ ඉන්න අයට සොම්බි ක්ලවුන් සීආර් එනකම් ඉන්න බෑ සති ගානක් යයි
hate,ඔහ් ඒක ඇත්තටම වෙලාවක්
sadness,ඇඳේ වැතිරෙනවා ගොඩක් කලින්
neutral,අසල ගෑස් වර්ක්ස් එකක අන්තිමට ලොකු පිපිරීමක් වුණා
sadness,තවමත් එය බැටළු පැටවෙකු නොමැති වීම කණගාටුවට කරුණක්
worry,ම්ම් ඔව් ඒක මටම කියන්න හොඳ සටහනක් වෙන්න ඇති
sadness,පළමු කොටසේ නියමුවා හරහා යන්න උත්සාහ කරනවා
worry,ඒක හරිම වගකීම් විරහිතයි ආත්මාර්ථකාමීයි
enthusiasm,ගැබිනි කාන්තාවන් දුම්පානය කරනවා දකිනකොට මට වෛරයි ඒක හරිම වගකීම් විරහිතයි ආත්මාර්ථකාමීයි අවසානයේ බබා තමයි දුක් විඳින්නේ
worry,මොකද ගුවන් සේවා හරිම දුර්වලයි
worry,පවර්පොයින්ට් එකක වැඩ කරන්න හැදුවත් ඵලක් වුණේ නැහැ
neutral,ඒක මට කරදරයක්
worry,හොඳයි
neutral,ඇය මට පහර දෙන දේ ඇය දන්නවා නම් හොඳයි ඇය මගේ හදවත සොරකම් කළේ නැහැ කවදාවත් එය ආපසු දුන්නේ නැහැ ඉඳහිට ඇය වගේ ඉන්න කැමතියි බලන්න මට තියෙන දේ මට තියෙන කැස්සක් තියෙනවා මට අසනීප වෙන්න බෑ මට ඉස්සරහින් ලොකු සති අන්තයක් තියෙනවා
hate,ටේලර් ස්විෆ්ට් සහ ජෝ ජොනාස් හොඳටම එකට පෙනුනා එයාලා වෙන් වුණාට පස්සේ මට දුකයි
neutral,ආහ් මගේ කාමරය වටා පියාසර කරන ලොකු භයානක දෝෂයක්
worry,ඇඳේ වැතිරිලා ඉන්නවා ගොඩක් කලින්
hate,රූමි එක්ක ඉන්න චිලින්ට සොම්බි ක්ලවුන් එනකම් ඉන්න බෑ ඒක සති ගානක් වෙනවා
enthusiasm,දරුණු ඉරුවාරදය නවත්තනවා නම් හොඳයි
neutral,මගේ අම්මලා මට ඡන්දය දීම නවත්තලා කෙටි කාලයක් දිනන්නේ නැති එක ගැන දැනෙන්න හදන්නේ
sadness,මට සමාවෙන්න මම කලින් වගේ පෙනුනත් මම අඩුම තරමින් එළියට වෙලා ඉන්නේ නැහැ
neutral,හූස්ටන් ටිකට්පත් තියෙන කෙනෙක් එක්ක අපිට හුවමාරු කරගන්න ඕන නමුත් කවුරුත් එහෙම කරන්නේ නැහැ
worry,මට කණගාටුයි මම හිතන්නේ නැහැ මම කලින් වගේ පෙනුන දේට සාපේක්ෂව අඩුම තරමින් මම ඉවත් වෙලා ඉන්නවා කියලා
worry,ම්ම් ඔව් ඒක මටම හොඳ සටහනක් වෙන්න ඇති මොකද ඊඊ මම එතන හිටියා නම් කියලා හිතෙනවා
surprise,ගෑණු ළමයෙක් දැන් මගේ සිතුවිලි වල හරිම මෝඩයි
worry,නිදාගන්න යනවා සාමකාමී නැහැ
worry,මගේ අම්මලා ඡන්දය දීම නවත්තලා කෙටි කාලයක් දිනන්නේ නැති එක ගැන මට දැනෙන්න සලස්වන්න උත්සාහ කරනවා මම ඇඬුවා
boredom,අනේ අද දුකයි
neutral,ගුරුතුමා කියනවා ඔයාගේ කැල්කියුලේටරය ගේන්න කියලා
neutral,අහ්
happiness,ක්වයි නයිට් පැය ගානක් ගියා
worry,ඇඳේ වැතිරිලා ඉන්නවා ගොඩක් කලින්
surprise,ගෙදරට ආපහු යනවා මොකද මම කේක් කෑල්ල අමතක කළා
enthusiasm,මට ඒක මග හැරුණා
neutral,මම ගිටාර් වලට ආදරෙයි ඒවා වාදනය කරනවා මම හිතන්නේ ඒවා සුපිරියටම ඇහෙනවා මම හොඳ නම් විතරයි
worry,සිකුරාදා නයිට් ලයිට් වල පළවෙනි සීසන් එකේ පයිලට් එක හරහා යන්න හදනවා දෙයියනේ දෙවියනේ ටිෂූ එක පාස් කරන්න
neutral,මට තවමත් මේසය කරන්න වෙනවා නමුත් එය මාරුවෙන් පසු බලා සිටිනු ඇත උණුසුම
neutral,සමලිංගිකයන්ට මම අද රෑ විතරයි හැදුවේ
sadness,අද රෑ බාර් එකේ ඇඟිල්ලක් කැඩුනා කියලා මම හිතනවා ස්ටෙපින් එකට ස්තූතියි බීමත් කෙල්ල මගේ හැමතැනම ස්ටෙපින් කළාට
worry,ස්තූතියි නීමා මම ඔයාට ගොඩක් ළඟයි තාමත් අසනීපෙන් ඉන්නේ
sadness,පසුගිය මාසෙ ගිම්හානය නිසා ස්ට්රෝබෙරි චෙන්නායි වෙළඳපොළේ නැහැ
hate,ම්ම් ඔව් ඒක මටම හොඳ සටහනක් වෙන්න ඇති මොකද ඊඊ සහකරු
neutral,කාලය වෙනස් මම එදිනෙදා දේවල් වලින් පුරවගෙන ඉන්නේ ඒ නිසා මම ඉක්මනින්ම ට්වීට් කරලා නැහැ පැය කිහිපයකින් නිදාගන්න ඕනේ
neutral,මමත්
sadness,මට ගිටාර් ගොඩක් ආසයි ඒවා වාදනය කරන්නත් ඒවා සුපිරියටම ඇහෙනවා කියලා මම හිතනවා මම හොඳ නම් විතරයි
worry,මම ඔරිජිනල් එකේ ඉවර වෙන්න යනවා
neutral,මට සමාවෙන්න මට එරිකා පස්සෙන් එන්න දෙන්නෙ නෑ
worry,දැන් මට ඉරුවාරදය නවත්තන්න ඕන
worry,මම ඔරිජිනල් එකේ ඉවර වෙන්න යනවා
sadness,තවදුරටත් සංවර්ධනයක් අත්අඩංගුවට ගත්තේ නැහැ මට දුකයි
worry,ඇත්තටම වේදනාව බ්ලෙච්
neutral,ඊව් ඩේලි පැය ගණන්
sadness,තවමත් එය බැටළු පැටවෙකු නොමැති වීම කණගාටුවට කරුණක්
neutral,ආව් ඔයා මාව අෆ්ලො කරන්නේ නැද්ද එහෙනම් මම අඬනවා
sadness,ඔව් ඒකෙ භයානක කොකාටූස් තමයි ජීවත් වෙන්න අමාරුම දේ ඒක හරිම හැඟීම්බර හොඳ දෙයක් එයා ඔයාව හොයාගත්තා
neutral,ගර්භනී කාන්තාවන් දුම්පානය කරනවා දකිනකොට මට ඒක හරිම වගකීම් විරහිතයි ආත්මාර්ථකාමීයි ඒක තමයි අන්තිමේදී බබා දුක් විඳින්නේ
worry,ඉක්මනින් නින්ද ගියා
sadness,අන්තර්ජාලය නැහැ
worry,නිදාගන්න යනවා සාමකාමී නැහැ
sadness,තාමත් ඒකට බැටළු පැටවෙක් නැති එක කණගාටුවට කරුණක්
worry,මම වැඩ කරන තැන
neutral,ඒගොල්ලෝ කිව්වා මම ඒක කරන්නම් කියලා
sadness,ඇඳේ වැතිරිලා ඉන්නවා වේලාසන වැඩියි
hate,ගෙදරට ආපහු යනවා මොකද මම
worry,පවර්පොයින්ට් එකක වැඩ කරන්න හැදුවත් ඵලක් වුණේ නැහැ
worry,ඇත්තටම මගේ සයිස් එකේ ඒවා ඉතුරු වෙලා නැහැ
sadness,මම ඔට්ටු අල්ලනවා එස්ආර් එකේ සිසිල් වෙලා කියලා හහ් ඒක මෙතන නැහැ තාත්තයි මමයි බෑග් කරනකොට දවල් ඉඳන් මම දාඩිය දැම්මේ නෑ
worry,මගේ ශුභවාදී දේවල් අපි හැමෝටම හොඳ වේවි කියලා අහන්න ලැබීම ගැන මට කණගාටුයි
worry,ගෙදරට ආපහු යන එක මොකද මට කේක් කෑල්ල අමතක වුණා
neutral,ශක්තිමත් හැකිලීම් දැනෙනවා නමුත් එළියට යන්න ඕන
worry,රැකියා කරන දවස
sadness,මොකද ගුවන් සේවා හරිම දුර්වලයි
surprise,ඒක හොඳයි
love,මට දැන් හොඳටම ඇහැරිලා ඉන්නේ අසනීපෙන් අද දවල් ටිකක් නිදාගන්න
sadness,ට්විටාස්කෝප් එක මගේ මේස් දැනටමත් රොක් කරන්නේ නැහැ
hate,නෑ ඒගොල්ලෝ හැමෝම නිදාගෙන ඉන්නේ මොකද එයාලා නැගෙනහිර වෙරළේ ජීවත් වෙන්නේ
neutral,ගර්භනී කාන්තාවන් දුම්පානය කරනවා දකිනකොට මට වෛරයි ඒක හරිම වගකීම් විරහිතයි ආත්මාර්ථකාමීයි ඒක හොඳයි අන්තිමට බබා තමයි දුක් විඳින්නේ
sadness,ලූක් විශ්වාසයි
surprise,මගේ අම්මලා ඡන්දය දීම නවත්තලා කෙටි කාලයක් දිනන්නේ නැති එක ගැන මට දැනෙන්න සලස්වන්න හදනවා
worry,හොඳයි උදේ මිනිස්සු හිරු එළිය වැටෙනවා වසන්තයේ දැන් අපිට අපේ පළමු වසන්ත හිම කැට කුණාටුව ආවා මගේ කාර් එකට දැන් ඩිම්පල් තියෙනවා
sadness,මොකද වෙන්නෙ පැටියෝ
surprise,මට සමාවෙන්න මම හිතන්නේ නෑ මම කලින් වගේ පෙනුන විදියට අඩුම තරමේ මම පැත්තකට වෙලා ඉන්නේ නෑ කියලා
worry,ආහ් නයිට් ඒක පැය ගණනක් ගත වෙලා තියෙනවා
neutral,ඇත්තටම නිදිමත නැහැ කම්මැලියි කියන එක තමයි නිවැරදි වචනය නැවතත් වැඩි වැඩක් නැහැ
hate,ඔව් මගේ කොට්ටය විනිශ්චය කරන්න එපා
sadness,ඇඳේ වැතිර ඉන්නවා වේලාසන වැඩියි
worry,ස්තූතියි නීමා මම ඔයාට ගොඩක් ළඟයි තාමත් අසනීපෙන් ඉන්නේ
worry,ඉතින් මම හිතන්නේ මගේ පුතාට උණ ඇති වෙන්න ඇති මොකද මම දැන් කුණු වමනයක් පිරිසිදු කළා දුප්පත් පම්ක්පින්
sadness,ගෙදර යන ගමන් බාල වයස්කාර ගැහැණු ළමයින් සමඟ ගනුදෙනුවක් කරනවා කෙගර්ස්ඩෑම් ගැන කතා කරන අතරතුර බස් රථයේ ජින් බොනවා මට වයසයි
worry,රිෆන්ඩ් නෑ ඒත් ඒවා රිප්ට් කරනවා
worry,හ්ම්ම් ඔව් ඒක මටම හොඳ සටහනක් වෙන්න ඇති මොකද ඊඊ
sadness,මට මිලදී ගන්න වෙලාවක් නැහැ මට අලුත් බයින්ඩර් එකක් ඕනේ
neutral,සුරතල් ගෙදරක ඉන්න අවුරුද්දක පැටියා මුළු පවුලටම ගොඩක් දුකෙන් මැරුණා
neutral,මට ආතතිය ඇති කරන කිහිප දෙනෙකු සමඟ ඇත්තෙන්ම හොඳ දවසක් තිබුණා
sadness,ගෑණු ළමයෙක් දැන් මගේ සිතුවිලි වල ඉන්නවා
hate,නින්දට ගියා ඒත් ලොකු භීතිකාවක් නිසා ඇඳෙන් නැගිට්ටා දැන් මට නිදාගන්න පුළුවන්ද කියලා මට විශ්වාස නෑ
love,ඊයේ රෑ අන්තර්ජාලය නැහැ
neutral,ඇය මට පහර දෙන දේ ඇය දන්නවා නම් හොඳයි ඇය මගේ හදවත සොරකම් කළේ නැහැ කවදාවත් එය ආපසු දුන්නේ නැහැ ඉඳහිට ඇය වගේ ඉන්න කැමතියි බලන්න මට තියෙන දේ මට තියෙන කැස්සක් තියෙනවා මට අසනීප වෙන්න බෑ මට ඉස්සරහින් ලොකු සති අන්තයක් තියෙනවා
worry,ඊයේ රෑ අන්තර්ජාලයක් නැහැ ළඟපාත ගෑස් එකක් අවසානයේ දැවැන්ත පිපිරීමක් ඇති වුණා
neutral,කාලය වෙනස් මම එදිනෙදා දේවල් වලින් පුරවගෙන ඉන්නේ ඒ නිසා මම ඉක්මනින්ම ට්වීට් කරලා නැහැ පැය කිහිපයකින් නිදාගන්න ඕනේ
worry,ට්විටාස්කෝප් එක රොක් වෙන්නේ නැහැ මගේ මේස් දැනටමත් ගිහින් ඉවරයි
sadness,ඇත්තටම නිදිමත නැහැ කම්මැලියි කියන එක තමයි ආයෙත් හරි වචනය වැඩි වැඩ නැහැ
fun,චොකලට් වලින් මොකක්ද
neutral,නරක යාළුවෙක්
worry,ම්ම් ඔව් ඒක මටම හොඳ සටහනක් වෙන්න ඇති මොකද ඊඊ නරකයි
surprise,මම ටැකෝසෝන් තැනට ගොඩක් පරක්කු වුණා
worry,ගෑණු ළමයෙක් දැන් මගේ සිතුවිලි වල ඉන්නවා මට ආතතිකාරක කිහිපයක් සමඟ නියම දවසක් ගත කළා
sadness,මම අද රෑ විතරයි ඒක කළේ
neutral,මම දැන් ඒ ජරාව කරනවා මම නිවාඩුවේ ඉන්නේ ඔයා මට වැඩ කරන්න හිතුනා
neutral,මට ආතතිය ඇති කරන කිහිප දෙනෙකු සමඟ ඇත්තෙන්ම හොඳ දවසක් තිබුණා
happiness,ඒක නම් එච්චර අමාරුවක්
neutral,ක්ලෙයාර් ලව් ෂෝ එක ඔෆිස් එකට ආවා උදේට රේඩියෝ එකක් නෑ
sadness,කවුරුත් ඒක අල්ලගත්තා කියලා හිතුවේ නෑ
worry,මට නිදාගන්න බෑ නමුත් මට චලනය වෙන්න අමාරුයි
neutral,ඇත්තටම නිදිමත නැහැ නැවතත් නිවැරදි වචනය එතරම් වැඩක් නැහැ
hate,හෙට වැඩ කරන්න ඕන නෑ නමුත් මට සල්ලි ලැබෙනවා
sadness,අද රෑ ගෙදර ඉන්නවා
sadness,මම හිතන්නේ සර් එකේ ඒක සිසිල් වෙලා කියලා හහ් ඒක මෙතන නැහැ තාත්තයි මමයි බඩු පැක් කරනකොට දවල් ඉඳන් මම දාඩිය දානවා නවත්තලා නැහැ
worry,මම වූඩූ ගමේ කොටසේ කෝප් එකේ අන්තිම කොටස් වෙනකම් සෙල්ලම් කළා මගේ සුපුරුදු සහකරු නැති වෙනකම්
worry,ඒක නම් එපා
worry,තාම ඒකේ බැටළු පැටවෙක් නැති එක කණගාටුවට කරුණක්
relief,ඔයාට බොරු කියන්න බෑ හැම දෙයක්ම ගැන බොරු කියන්න බෑ
neutral,ඊළඟට රෑට ඔයාව දැක්කේ නෑ
worry,ම්ම් ඔව් ඒක මටම හොඳ සටහනක් වෙන්න ඇති මොකද ඊඊඊඊඊ
worry,මගේ අම්මලා ඡන්දය දීම නවත්තලා කෙටිකතාවක් දිනන්නේ නැති එක ගැන මට දැනෙන්න සලස්වන්න උත්සාහ කරනවා මම ඇඬුවා වගේ
love,මම ගිටාර් වලට ආදරෙයි ඒවා වාදනය කරනවා මම හිතන්නේ මම හොඳ නම් ඒවා විශිෂ්ටයි කියලා
worry,මගේ අම්මලා මට ඡන්දය දීම නවත්තලා දිනන්නේ නැති එක ගැන තවත් හැඟීමක් ඇති කරන්න හදනවා මම ඇඬුවා වගේ
worry,මගේ යාළුවෙක්ගෙන් ඒක ඇහුණා මම මෑතකදී බර වැඩි වුණා
love,මම ඉක්මනින්ම නිදාගන්නවා
surprise,මට ගන්න වෙලාවක් නැහැ මට අලුත් බයින්ඩර් එකක් ඕනේ
sadness,මම ගිටාර් වලට ආදරෙයි ඒවා වාදනය කරනවා මම හිතන්නේ ඒවා සුපිරියටම ඇහෙනවා මම හොඳ නම්
sadness,ම්ම් ඔව් ඒක මටම කියන්න හොඳ සටහනක් වෙන්න ඇති මොකද ඊඊඊඊඊ
love,මුදල් ආපසු ගෙවීමක් නැත නමුත් ඔවුන් ගිණුම් ලබා ගන්නවා සතියක් වගේ ගත වෙනවා සොරා හැක් භාවිතා කරන්නේ නැහැ කියලා බලාපොරොත්තු වෙනවා නැත්නම් එය ස්ථිරයි
neutral,රතු යක්ෂයෝ හරිම කණගාටුදායකයි අවම වශයෙන් කිව යුතුයි
sadness,මට සමාවෙන්න මම කලින් වගේ පෙනුනත් මම අඩුම තරමින් එළියට වෙලා ඉන්නේ නැහැ
worry,බොරුකියා ඔයාට හැමදේටම බොරු කියන එක නවත්තන්න බෑ
love,මම ඉක්මනින්ම නිදාගන්නවා
worry,තව පැයක් නිදාගන්න ඕනේ
sadness,හිසරදයක් එක්ක ඇඳේ වැතිර ඉන්නවා අහ්හ්හ්හ්හ් ඔයාගෙ කෝල් එක එනකම් ඉන්න
sadness,ගර්භනී කාන්තාවන් දුම්පානය කරනවා දකිනකොට මට ඒක හරිම වගකීම් විරහිතයි ආත්මාර්ථකාමීයි ඒක හොඳයි අන්තිමේදී බබා තමයි දුක් විඳින්නේ
enthusiasm,ගැබිනි කාන්තාවන් දුම්පානය කරනවා දකිනකොට මට ඒක හරිම අසාධාරණයි
hate,කවුරුත් ඒක අල්ලගත්තේ නැහැ
hate,සමලිංගිකයින්ට නම් මම අද රෑ විතරයි හැදුවේ
worry,ගෑණු ළමයෙක් දැන් මගේ සිතුවිලි වල හරිම ලස්සන දවසක්
neutral,නෑ ඒ හැමෝම නිදාගෙන ඉන්නේ මොකද එයාලා නැගෙනහිර වෙරළ තීරයේ ජීවත් වෙන්නේ
love,මුදල් ආපසු ගෙවීමක් නැත නමුත් ඔවුන් ගිණුම් ලබා ගන්නවා සතියක් වගේ ගත වෙනවා සොරා හැක් භාවිතා කරන්නේ නැහැ කියලා බලාපොරොත්තු වෙනවා නැත්නම් එය ස්ථිරයි
worry,මගේ යාළුවෙක්ගෙන් මට ඇහුණා මෑතකදී මම බර වැඩි වුණා කියලා එයා දැනගෙන හිටියේ නැහැ ඒ මම කියලා
sadness,අපි හැමෝටම දේවල් හොඳ වෙයි
sadness,මම අද රෑ විතරයි ඒක කළේ
neutral,කැලි කැලිට ඉන්න බෑ මගේ සති අන්තය සැමරීමට වයින් වීදුරුවක් තියෙනවා කියලා හිතලා වැකා තවමත් හෙට වැඩ කරනවා
hate,නින්දට ගියා ඒත් ලොකු භීතිකාවක් නිසා ඇඳෙන් නැගිට්ටා දැන් මට නිදාගන්න පුළුවන්ද කියලා මට විශ්වාස නෑ
worry,ඒක මාව අවුස්සනවා මට එරිකාගේ පස්සෙන් එන්න දෙන්නේ නැහැ
sadness,ට්විටාස්කෝප් එක මගේ මේස් දැනටමත් රොක් කරන්නේ නැහැ
worry,හ්ම්ම් ඔව් ඒක මටම හොඳ සටහනක් වෙන්න ඇති මොකද ඊඊ
worry,මගේ වළලුකර උළුක්කු වුණා ඇත්තටම හොඳටම වගේ බඩු ටිකක් ඉරා දැම්මා ඒක රිදෙනවා අද මගේ උපන්දින සති අන්තය
worry,මගේ ශුභවාදී බව අහන්න ලැබීම ගැන මට කණගාටුයි අපි හැමෝටම දේවල් හොඳ වේවි කියලා
worry,ට්විටාස්කෝප් එක මගේ මේස් දැනටමත් රොක් වෙලා නැහැ
happiness,මට ඔයාගේ තොරතුරු ඕනේ
neutral,ගර්භනී කාන්තාවන් දුම්පානය කරනවා දකිනකොට මට ඒක හරිම වගකීම් විරහිතයි ආත්මාර්ථකාමීයි ඒක තමයි අන්තිමේදී බබා දුක් විඳින්නේ
worry,කෙල්ලෙක් දැන් මගේ සිතුවිලි වල හරිම මොට කෙනෙක් දැන් මට ආතතිකාරක කිහිපයක් එක්ක නියම දවසක් ගත කළා ගෙදර එන්න
hate,හොඳයි ඒක හොඳ දවසක් වගේ මම හෙට ආයෙත් උත්සාහ කරනවා
neutral,අහ්
worry,ගර්භනී කාන්තාවන් දුම්පානය කරනවා දකින විට මට වෛර කරනවා ඒක හරිම වගකීම් විරහිතයි ආත්මාර්ථකාමීයි ඒක හොඳයි අන්තිමේදී බබා තමයි දුක් විඳින්නේ
neutral,මම ගිටාර් වලට ආදරෙයි ඒවා වාදනය කරනවා මම හිතන්නේ ඒවා විශිෂ්ට ලෙස ශබ්ද කරනවා මම වඩා හොඳ නම් පමණක් නම්
worry,ඉක්මනින් නින්ද ගියා
relief,මට කේන්ති යනවා එරිකා පස්සෙන් එන්න දෙන්නෙත් නෑ
sadness,මට සමාවෙන්න මම කලින් වගේ පෙනුනත් මම අඩුම තරමින් එළියට වෙලා ඉන්නේ නැහැ
fun,ඊයේ රෑ අන්තර්ජාලය නැහැ ළඟපාත ගෑස් වැඩ කෙළවරේ දැවැන්ත පිපිරීමක් සිදුවුණා ස්ටෑන්ඩ්බයි එකේ මොකද ගුවන් සේවා හරිම දුර්වලයි
worry,රැට් රොක්ඩ් නැෂ්විල් ටොනිට් එක දෙයක් නරක නැහැ ඒගොල්ලන්ට තාමත් විනෝදජනක සංදර්ශනයක් තියෙනවා පර්සි ඒ හොට් බැට් බෝයි පෙනුම
worry,මම කලින් වගේ හිටියා
hate,මම මෑතකදී බර ටොන් එකක් වැඩි කරගත්තා
hate,සර් එකේ සීතලයි කියලා මම ඔට්ටු අල්ලනවා හහ් ඒක මෙතන නැහැ තාත්තයි මමයි බෑග් පැක් කරනකොට දවල් ඉඳන් මම දාඩිය දානවා නවත්තලා නැහැ
sadness,කවුරුත් ඒක අල්ලගත්තා කියලා මම හිතුවේ නැහැ
sadness,මම හිතන්නේ සර් එකේ ඒක සිසිල් වෙලා කියලා හහ් ඒක මෙතන නැහැ තාත්තයි මමයි බඩු ගන්නකොට දවල් ඉඳන් මම දාඩිය දානවා නවත්තලා නැහැ
neutral,මම දන්නවා නමුත් මම කිව්වා වගේ මේ දේවල් ගැන විමර්ශනය කරන්න එයාලට කොච්චර කාලයක් ගතවෙයිද කියලා මට අදහසක් නැහැ
neutral,තාත්තා සහ මම ඇසුරුම් කරනකොට දවල් ඉඳන් මම දහවල් ඉඳන් දහඩිය දැමීම නවත්තලා නැහැ
fun,චොකලට් වලින් මොකක්ද
worry,හ්ම් ඔව් ඒක මටම හොඳ සටහනක් වෙන්න ඇති මොකද ඊඊඊඊඊඊඊඊඊඊඊඊඊඊඊඊඊඊඊඊඊඊඊඊඊඊඊඊඊඊයේ රස්සාවක් ඕන නෑ
neutral,මෑතකදී මම ටොන් ගණනක් බර වැඩි කර ගත් ඔබේ මිතුරෙකුගෙන් එය මගේ අවධානයට ලක්ව ඇත ඔහු දැන සිටියේ නැහැ ඒ මම කියලා
worry,මගේ ශුභවාදී බව අහන්න ලැබීම ගැන මට කණගාටුයි අපි හැමෝටම දේවල් හොඳ වේවි කියලා
worry,ගර්භනී කාන්තාවන් දුම්පානය කරනවා දකින විට මට වෛර කරනවා ඒක හරිම වගකීම් විරහිතයි ආත්මාර්ථකාමීයි
worry,එයා රෑ මැද එයාගේ පරිගණකයේ ටයිප් කරන්න පටන් ගත්තම ඒක හරිම කරදරයක්
worry,හ්ම්ම් ඔව් ඒක මටම හොඳ සටහනක් වෙන්න ඇති මොකද ඊඊ
hate,අනේ ඒක එරික් හරි වෙන කෙනෙක් හරි ඔයාගේ කොණ්ඩේ සෙල්ලම් කරන්න ඕන වුණාම
worry,එයා රෑ මැද එයාගේ පරිගණකයේ ටයිප් කරන්න පටන් ගත්තම ඒක හරිම කරදරයක්
sadness,අම්මෝ ඊයේ මාව වෑන් එකෙන් විසි කරලා එර් එකට අරන් යන්න සිද්ධ වුණා
neutral,සමාජය උද්දීපනය වෙලා නැත්නම් හෙට නොවෙන්න පුළුවන්
neutral,ඊළඟට රෑට ඔයාව දැක්කේ නෑ
empty,මගේ පරතරය අවුරුද්ද හරිම ඉක්මනට ගෙවෙනවා
worry,මගේ ශුභවාදී බව අහන්න ලැබීම ගැන මට කණගාටුයි අපි හැමෝටම දේවල් හොඳ වේවි කියලා
sadness,වරකු රස නැති සහ මිල අධික කොටස හරිම අඩුයි වරකු
love,නෑ මම අඬන්නේ නැහැ
sadness,මම හිතන්නේ සර් එකේ ඒක සිසිල් වෙලා කියලා හහ් ඒක මෙතන නැහැ තාත්තයි මමයි බඩු පැක් කරනකොට දවල් ඉඳන් මම දාඩිය දානවා නවත්තලා නැහැ
happiness,දැන් මට කරන්න බැරි දෙයක්
sadness,ඇඳේ වැතිරිලා ඉන්නවා වේලාසන වැඩියි
sadness,ආපසු මුදල් නැහැ නමුත් ගිණුම් නැවත ලබා ගන්නවා සොරා හැක් කරන්නේ නැහැ කියලා බලාපොරොත්තුවෙන් සතියක් වගේ ගත වෙනවා
happiness,මම දැන් ඒ වැඩේ කරනවා
worry,මට වෝබිස් නැතුව පාලුයි
enthusiasm,දරුණු ඉරුවාරදය නවත්තනවා නම් හොඳයි
neutral,මගේ ශුභවාදී දේවල් අපි හැමෝටම හොඳ වෙයි කියලා අහලා මට දුකයි
sadness,මට ඔයාව හැමදාම ඕන කියලා ඔයා කොහොමද ඒත්තු ගන්නේ මම හැමදාම දුන්න සංඥා මොනවද කියලා මම හිතන්නේ මට තව යාළුවෙක් නැති වුණා කියලා
sadness,ඇත්තටම නිදිමත නැහැ කම්මැලියි කියන එක තමයි ආයෙත් හරි වචනය වැඩිය වැඩ නැහැ
sadness,මගේ ජීවිතේ මම කරපු අමාරුම දේවල් වලින් එකක් වුණු මැක් එකේ මගේ කුණු හිස් කරන්න මට සිද්ධ වුණා පින්තූර නැති වෙලා
neutral,අසල ගෑස් වර්ක්ස් එකක අන්තිමට ලොකු පිපිරීමක් වුණා
sadness,මට නිදාගන්න ඕනේ නමුත් මට මහන්සිත් නැහැ
neutral,මම ගොඩක් අවුල් වෙලා
sadness,එයා මැරුණා ඉන්න මැජික් ජැක් ගැන මොකද මම ඒක කියෙව්වා
surprise,කේක් කෑල්ල අමතක වෙලා ගෙදර යනවා
worry,හ්ම් ඔව් ඒක මටම හොඳ සටහනක් වෙන්න ඇති මොකද ඊඊඊඊඊඊඊඊඊඊඊඊඊඊඊඊඊඊඊඊඊඊඊඊඊඊඊඊඊඊයේ රස්සාවක් ඕන නෑ
surprise,මම පාද සම්බන්ධ කර ගන්නවා පිලිපීනය
worry,අපි හැමෝටම දේවල් හොඳ වේවි
sadness,මම මෑතකදී ටොන් ගණනක් බර වැඩි කරගත්තා
enthusiasm,මම ඔර්ලන්ඩ් එකට යන්නම්
love,ඊයේ රෑ අන්තර්ජාලය නැහැ
sadness,කවුරුත් ඒක අල්ලගත්තා කියලා මම හිතුවේ නැහැ
surprise,කාමරකාරයෝ එක්ක චිලින්ගේ වැඩ කරන දවස සොම්බි ක්ලවුන් එනකම් ඉන්න බෑ සති ගානක් යනවා
worry,මට කණගාටුයි මම හිතන්නේ නැහැ මම කලින් වගේ පෙනුන දේට සාපේක්ෂව අඩුම තරමින් මම ඉවත් වෙලා ඉන්නවා කියලා
worry,මගේ යාළුවෙක්ගෙන් ඒක ඇහිලා තියෙනවා මෑතකදී මම බර වැඩි වුණා එයා දැනගෙන හිටියේ නැහැ
neutral,මම ගොඩක් අවුල් වෙලා
worry,මොකද ගුවන් සමාගම් සුපිරි කම්මැලියි
hate,මට නිදාගන්න බෑ
worry,අනුමාන කරන්න බෑ
worry,රිවීව් ගිණුම් සතියක් වගේ යනවා හොරා හැක් කරන්නේ නැහැ කියලා බලාපොරොත්තු වෙනවා නැත්නම් ඒක පර්මබන්
neutral,ඒක මාව අවුස්සනවා එරිකාට පස්සෙන් එන්න දෙන්නේ නැහැ
worry,ඒක මාව අවුස්සනවා මට එරිකාට පස්සෙන් එන්න දෙන්නෙ නෑ
fun,ඒක තියෙනවා මගේ යාළුවෙක්ගෙන් මට දැනගන්න ලැබුණා මම මෑතකදී බර ටොන් එකක් වැඩි වුණා එයා දැනගෙන හිටියේ නැහැ ඒ මම කියලා
sadness,මගේ අම්මලා මට ඡන්දෙ දෙන එක නවත්තන එක ගැන සහ කෙටිකතාව දිනන්නෙ නැති එක ගැන මට තවත් දැනෙන්න දෙන්න හදනවා මම ඇඬුවා වගේ
worry,මම අලුත් ට්විටර්ෆෝන් යාවත්කාලීනය බාගත කළා
empty,මම දැන් මගේ මාපටැඟිලි ඇඹරෙනවා
worry,මම ඔරිජිනල් එකේ ඉවර වෙන්න යනවා
worry,මගේ වළලුකර උළුක්කු වුණා ඇත්තටම හොඳටම වගේ බඩු ටිකක් ඉරා දැම්මා ඒක රිදෙනවා අද මගේ උපන්දින සති අන්තය
neutral,මට සමාවෙන්න මම කලින් වගේ පෙනුන දේට සාපේක්ෂව මම පැත්තකට වෙලා ඉන්නේ නැහැ
fun,අපි වෙනසට අකමැතියි ඒ නිසා අපි ජීවිත කාලය පුරාම රසිකයන් ඕ ඒ වෙනකොට අපි කොල්ලව මුණගැහිලා නැත්නම් මොකක් හරි දරුණු වැරැද්දක් වෙලා තියෙනවා
sadness,මම ඔට්ටු අල්ලනවා එස්ආර් එකේ සිසිල් වෙලා කියලා හහ් ඒක මෙතන නැහැ තාත්තයි මමයි බෑග් කරනකොට දවල් ඉඳන් මම දාඩිය දැම්මේ නෑ
love,මට දැනෙනවා තවත් බල්ලෙක් නැහැ
worry,නයිට් නයිට් එය පැය ගණනක් ගත වී ඇත
worry,මම හිතන්නේ මගේ උගුර ඇත්තටම රිදෙනවා
enthusiasm,රැකියාවෙන් නිවාඩු ගන්න බැරි වෙන්නවත් ගමනට සල්ලි තියෙන්නවත් බැරි වීම හරිම දුකයි
hate,ඇඳේ වැතිර ඉන්නවා ෆාආ අඩුම තරමේ මම කලින් වගේ හිටියාට සාපේක්ෂව
hate,මට සමාවෙන්න
worry,ඒක මට පිස්සු හැදෙනවා එරිකාට පස්සෙන් එන්න දෙන්නෙ නෑ
worry,බොරුකියා ඔයාට හැමදේටම බොරු කියන එක නවත්තන්න බෑ
worry,මට කණගාටුයි මම හිතන්නේ නැහැ මම කලින් වගේ පෙනුන දේට සාපේක්ෂව මම අඩුම තරමින් එළියට වෙලා ඉන්නවා කියලා
hate,ඔව් මගේ කොට්ටය විනිශ්චය කරන්න එපා
neutral,ඔයාව රවට්ටන්න මට සති විතරයි තියෙන්නේ
worry,සහ ඔවුන්ගේ පළමු හැඟීම් මාරු කරන සියලුම කාන්තාවන් ලිංගිකත්වය අඩු තර්ජනාත්මක මිනිසෙකු කෙරෙහි මාතෘත්වය ඔහු තරම්ම දුර්වලයි
worry,මම අලුත් ට්විටර්ෆෝන් යාවත්කාලීනය බාගත කළා
sadness,ට්විටාස්කෝප් එක මගේ මේස් දැනටමත් හොල්ලන්නේ නැහැ
sadness,මට ගේම් එක මග හැරුනා
worry,ඒ නිසා මට අලුත් හිමිකරුවෙක්
worry,මගේ අම්මලා ඡන්දය දීම නවත්තලා කෙටිකතාවක් දිනන්නේ නැති එක ගැන මට දැනෙන්න සලස්වන්න උත්සාහ කරනවා මම ඇඬුවා වගේ
hate,මට කේක් කෑල්ල අමතක වෙලා නිසා ගෙදර එන්න
surprise,සමලිංගිකයින්ට මම අද රෑ විතරයි හැදුවේ
surprise,මම පාද සම්බන්ධ කර ගන්නවා පිලිපීනය
worry,මම මෙච්චර මහන්සියි
worry,කෙල්ලෙක් මොට කෙනෙක් මගේ සිතුවිලි වල හරිම ලස්සනයි දැන් මට ආතතිකාරක කිහිපයක් සමඟ නියම දවසක් තිබුණා ගෙදර එන්න
surprise,ඒක හොඳයි
worry,මම වැඩ කරන තැන
happiness,මගේ ට්විටර් එක ආයෙත් හැක් කරලා තියෙනවා
sadness,ගුරුතුමා කිව්වා කැල්කියුලේටරය ගේන්න කියලා
worry,ගෑණු ළමයෙක් දැන් මගේ සිතුවිලි වල හරිම ලස්සන දවසක් ආතතිය ඇති කරන දේවල් කීපයක් එක්ක ගෙදර එන්න
neutral,අද උදේට වැඩ කරනවා
worry,ට්විටාස්කෝප් එක මගේ මේස් රොක් කරන්නේ නැහැ දැනටමත්
neutral,ටෲඩිස් බර්නෙට් එක උතුරට ගියා කවුරුත් යන්නේ නැති එක
sadness,ඇත්තටම නිදිමත නැහැ කම්මැලියි කියන එක තමයි ආයෙත් හරි වචනය වැඩිය වැඩ නැහැ
hate,ඔහ් ඒක ඇත්තටම වෙලාවක්
hate,ගැබිනි කාන්තාවන් දුම්පානය කරනවා දකිනකොට මට ඒක හරිම වගකීම් විරහිතයි ආත්මාර්ථකාමීයි
neutral,මම දන්නවා නමුත් මම කිව්වා වගේ මේ දේවල් ගැන විමර්ශනය කරන්න එයාලට කොච්චර කාලයක් ගතවෙයිද කියලා මට අදහසක් නැහැ
hate,මට සමාවෙන්න
neutral,මම දැන් ඒ ජරාව කරනවා මම නිවාඩුවේ ඉන්නේ ඔයා මට වැඩ කරන්න හිතුනා
neutral,මම බාගත කළා අලුත් ට්විටර්ෆෝන් යාවත්කාලීන කිරීම හිතුවේ අලුත් ට්වීට් වල ටයිප් කිරීමේ ගැටලුව විසඳනවා කියලා නමුත් නැහැ
neutral,හිටින්න ආවේ උදේ පාන්දර අන්තිම පරිච්ඡේදය කියවන්න කැමති නැති නිසා ඒක ඉවර වෙන්න මට ඕන නෑ
sadness,මගේ ට්විටර් එක ආයෙත් හැක් කරලා තියෙනවා
worry,ඇඳේ වැතිර ඉන්නවා ගොඩක් වේලාසනයි
worry,මගේ ශුභවාදී දේවල් අපි හැමෝටම හොඳ වෙයි කියලා අහන්න ලැබීම ගැන මට කණගාටුයි
sadness,ඊයේ රෑ මට කරන්න බැරි දෙයක්
hate,සමලිංගිකයින්ට නම් මම අද රෑ විතරයි හැදුවේ
empty,මගේ පරතරය අවුරුද්ද හරිම ඉක්මනට ගෙවෙනවා
sadness,නමුත් මට සුලු ගැන ගැටළු ඇති වුණා
worry,ට්විටාස්කෝප් එක මගේ මේස් දැනටමත් රොක් වෙලා නැහැ
sadness,මට මිලදී ගන්න වෙලාවක් නැහැ මට අලුත් බයින්ඩර් එකක් ඕනේ
sadness,මට දැන් ස්කොට් ඕනේ
sadness,ඔයා අලුත් ට්වීට් වලට ටයිප් කිරීමේ ගැටලුව විසඳනවා කියලා හිතලා
neutral,මම නිදාගන්න කියලා හිතාගෙන ඉන්නවා
worry,මගේ යාළුවෙක්ගෙන් ඒක ඇහිලා තියෙනවා මෑතකදී මම බර වැඩි වුණා එයා දැනගෙන හිටියේ නැහැ
hate,ආ හැමෝටම ඇරෝයෝ පවුල වෙනුවෙන් යාච්ඤා කරන්න
surprise,ම්ම් ඔව් ඒක මටම හොඳ සටහනක් වෙන්න ඇති මොකද ඊඊ
sadness,හිසරදයක් එක්ක ඇඳේ වැතිර ඉන්නවා අහ්හ්හ්හ්හ් ඔයාගෙ කෝල් එක එනකම් ඉන්න
neutral,මමත්
boredom,ඩොක්ටර්ස් බෙහෙත් වට්ටෝරු වැඩ කරන්නේ නෑ
sadness,කේක් කෑල්ල අමතක කරපු නිසා ආපහු ගෙදර යනවා
empty,පසුගිය ගිම්හානයේ ආරම්භය වගේ දේවල් ආපහු යන්න මම කැමතියි
neutral,මම දේවල් යන්න කැමතියි ගිය ගිම්හානයේ ආරම්භය වෙනකම්ම වගේ
worry,ඒ කතාව පෘතුගාලයේ ජීවත් වීම මතක් කරනවා
enthusiasm,මට ඒක මග හැරුණා
neutral,අසල ගෑස් වර්ක්ස් එකක අන්තිමට ලොකු පිපිරීමක් වුණා
empty,ඒක හරියට තඩ් ගහනවා
neutral,මට තවමත් මේසය කරන්න වෙනවා නමුත් එය මාරුවෙන් පසු බලා සිටිනු ඇත උණුසුම
sadness,එක පාරක් හහා දුප්පත් අබී තාමත් රිදෙනවා
sadness,මම ගිටාර් වලට ආදරෙයි ඒවා වාදනය කරනවා මම හිතන්නේ ඒවා සුපිරියටම ඇහෙනවා මම හොඳ නම්
sadness,ඩීසල් යාරිස් එම්පීජී දුකයි ඒක ඇමරිකාවේ නැහැ ඒක නියමයි
worry,ලේඩි ගාගා ට්වීට් කළා ඔයා දැනගන්න ඕන නිසා එයාගේ වීඩියෝ එක ලීක් වෙන එක ගැන එයාගේ හිතට දැනුනේ නෑ
worry,මම ගිටාර් වලට ආදරෙයි ඒවා වාදනය කරනවා මම හිතන්නේ මම හොඳ නම් ඒවා විශිෂ්ටයි
sadness,අනේ
sadness,ගැහැණු ළමයෙක් දැන් මගේ සිතුවිලි වල හරිම ලස්සනයි මට දැන් ෆේෂල් එකක් එක්ක නියම දවසක් ගත කරන්න පුළුවන් වුණා
empty,මම දන්නවා මම කලින් නරක පුරුද්දකට ඇහුම්කන් දුන්නා කියලා මම එයාගේ කොටසට බය වෙන්න පටන් ගත්තා
surprise,කාමරකරුවන් සමඟ චිලින්ගේ වැඩ කරන දිනය සොම්බි ක්ලවුන් සීආර් එනතුරු බලා සිටිය නොහැක සති ගණනක් ගතවනු ඇත
hate,කමක් නැහැ මේක බේරගන්න බැරි දෙයක් කියලා මම හිතනවා
sadness,සුසුම්ලමින් මම නිදාගන්න යනවා මට දැන් හරියන්නේ නැහැ
happiness,කවුරුත් ඒක අල්ලගෙන හිටියේ නෑ කියලා හිතුවේ නෑ
happiness,කවුරුත් ඒක අල්ලගත්තේ නැහැ
sadness,අනුමාන කරන්න බෑ
neutral,ගුවන් සේවා ඉතා දුර්වලයි
worry,මට සමාවෙන්න මම හිතන්නේ නැහැ මම අඩුම තරමේ කා එක්කවත් සසඳන විට
sadness,ගර්භනී කාන්තාවන් දුම්පානය කරනවා දකිනකොට මට ඒක හරිම වගකීම් විරහිතයි ආත්මාර්ථකාමීයි ඒක හොඳයි අන්තිමේදී බබා තමයි දුක් විඳින්නේ
hate,මගේ අම්මලා මට ඡන්දෙ දෙන එක නවත්තලා දිනන්නේ නැති එක ගැන තවත් දැනෙන්න සලස්වන්න හදනවා මම ඇඬුවා වගේ
fun,ඊයේ රෑ අන්තර්ජාලය නැහැ ළඟපාත ගෑස් වැඩ කෙළවරේ දැවැන්ත පිපිරීමක් සිදුවුණා ස්ටෑන්ඩ්බයි එකේ මොකද ගුවන් සේවා හරිම දුර්වලයි
worry,රැකියා කරන දවස
worry,ඔයා ආපහු ආවම මම මේ ගැන ට්වීට් කරනවා කියලා මට විශ්වාසයි ඒත් ආරංචි ගැන දැන් හරිම කතාබහක් තියෙනවා
worry,අනේ අම්මලා උත්සාහ කරනවා
worry,ගර්භනී කාන්තාවන් දුම්පානය කරනවා දකින විට මට වෛර කරනවා ඒක හරිම වගකීම් විරහිතයි ආත්මාර්ථකාමීයි අවසානයේ බබා දුක් විඳිනවා
hate,සර් එකේ සීතලයි කියලා මම ඔට්ටු අල්ලනවා හහ් ඒක මෙතන නැහැ තාත්තයි මමයි බෑග් පැක් කරනකොට දවල් ඉඳන් මම දාඩිය දානවා නවත්තලා නැහැ
sadness,වැඩ කරන දවස
neutral,ඒක පැය ගණනක් තිස්සේ හොඳටම ඇති
hate,මට නිදාගන්න ඕන ඒත් මහන්සිත් නෑ
worry,ගර්භනී කාන්තාවන් දුම්පානය කරනවා දකින විට මට වෛර කරනවා ඒක හරිම වගකීම් විරහිතයි ආත්මාර්ථකාමීයි
neutral,අපි හැමෝටම හොඳ වෙයි කියලා අහන්න ලැබීම ගැන මට කණගාටුයි
worry,වැඩසටහන් සඳහා තවත් කාලයක් ගත වෙනවා
worry,ආපසු ගෙවීම් නැහැ නමුත් ඔවුන් ගිණුම් ලබා ගන්නවා සතියක් වගේ ගත වෙනවා සොරා හැක් භාවිතා කරන්නේ නැහැ කියලා බලාපොරොත්තු වෙනවා නැත්නම් ඒක ස්ථිරයි
hate,අනේ ඔයා
worry,කේක් කෑල්ල අමතක වුණු නිසා ආපහු ගෙදර යනකොට
relief,ගැහැණු ළමයෙක් මොට කෙනෙක් දැන් මගේ සිතුවිලි වල හරිම අපූරු දවසක් තිබුණා ආතතිය ඇති කරන දේවල් කිහිපයක් එක්ක ගෙදර එන්න
worry,මට නිදාගන්න බෑ නමුත් මට චලනය වෙන්න අමාරුයි
worry,මට නිදාගන්න බෑ අද මම සෙල්ලම් කරපු බලු පැටියා ගැන මම හිතනවා
love,ආව් ඔයාට රහස ගැන මට කියන්න බැහැ
sadness,ඇත්තටම නිදිමත නැහැ කම්මැලියි කියන එක තමයි ආයෙත් හරි වචනය වැඩිය වැඩ නැහැ
hate,කවුරුත් ඒක අල්ලගෙන හිටියේ නැහැ කියලා මම හිතුවේ නැහැ
surprise,මම ගිටාර් වලට ආදරෙයි ඒවා වාදනය කරනවා මම හිතන්නේ ඒවා විශිෂ්ට ලෙස ශබ්ද කරනවා මම වඩා හොඳ නම් පමණි
neutral,මට කේක් කෑල්ල අමතක වෙලා නිසා ගෙදර ආපහු යනවා
neutral,කවුරුත් ඒක අල්ලගෙන හිටියේ නැහැ කියලා මම හිතුවේ නැහැ
worry,දැන් මම බලලා මානසික අවපීඩනයෙන් පෙළෙනවා
sadness,මම ගොඩක් මහන්සියි
sadness,මම නෙට් එකට වෛර කරනවා
worry,මම කලින් වගේ හිටියා
neutral,නයිට් එන්න පැය ගානක් ගියා
worry,කාමරකරුවන් සමඟ චිලින්ගේ වැඩ කරන දිනය සොම්බි ක්ලවුන් සීආර් එනතුරු බලා සිටිය නොහැක සති ගණනක් ගතවනු ඇත
sadness,මට දැන් ස්කොට් ඕනේ
worry,මගේ අම්මලා මට ඡන්දය දීම නවත්තලා දිනන්නේ නැති එක ගැන තවත් හැඟීමක් ඇති කරන්න හදනවා මම ඇඬුවා වගේ
worry,අනේ හරිම නරකයි මම හිතනවා ඒක හොඳ වෙයි කියලා මම හිතනවා මෑතකදී මට නින්දේ ගැටළු ඇති වුණා
sadness,ඇත්තටම නිදිමත නැහැ කම්මැලියි කියන එක තමයි ආයෙත් හරි වචනය වැඩි වැඩක් නැහැ
worry,මට ආතතිය ඇති කරන කිහිප දෙනෙකු සමඟ ඇත්තෙන්ම හොඳ දවසක් තිබුණා
neutral,ක්ලෙයාර් ලව් ෂෝ එක ඔෆිස් එකට ආවා උදේට රේඩියෝ එකක් නෑ
surprise,ඊව් අකමැතියි
worry,මම සිකුරාදා නයිට් ලයිට් එකේ පළවෙනි කතාමාලාවේ නියමු කොටස හරහා යන්න උත්සාහ කරනවා
fun,මට මෑතකදී ටොන් ගණනක් බර වැඩි වුණා කියලා මගේ අවධානයට ලක් වෙලා තියෙනවා ඔහු දැනගෙන හිටියේ නැහැ ඒ මම කියලා
worry,නෑ ඒ හැමෝම නිදාගෙන ඉන්නේ මොකද එයාලා නැගෙනහිර වෙරළේ ජීවත් වෙන්නේ
neutral,නින්ද යන්න බැහැ
neutral,තාම බැටළු පැටවෙකු නොමැති වීම කණගාටුවට කරුණක්
sadness,මම ගිටාර් වලට ආදරෙයි ඒවා වාදනය කරනවා මම හිතන්නේ ඒවා සුපිරියටම ඇහෙනවා මම හොඳ නම්
worry,සිකුරාදා රෑ ලයිට් වල පළමු කතාමාලාවේ නියමුවා හරහා යන්න මම උත්සාහ කරනවා
neutral,ඔයා දුක් විඳිනවා
boredom,අනේ අද දුකයි
sadness,ඔයා ඔයාගේ වැඩ ඔක්කොම ඉවර කරලා තව පැය ගණනක් වැඩ කරන වෙලාව ඉතුරු වෙලා තියෙද්දි ඔයා ඒකට කැමති නැද්ද
happiness,මම ගොඩක් තනිකඩයන් සඳහා කුක් තේරීම් ගැන ඇත්තටම සතුටු නැහැ
sadness,අප් එක එළියට ආවා මට සංදේශය ලැබුණේ නැහැ එය පුදුම සහගතයි
neutral,මගේ ශුභවාදී දේවල් අපි හැමෝටම හොඳ වෙයි කියලා අහලා මට දුකයි
worry,කේක් කෑල්ල අමතක වුණු නිසා ආපහු ගෙදර යනකොට
empty,මම දැන් මගේ මාපටැඟිලි ඇඹරෙනවා
worry,ඒක මාව අවුස්සනවා මට එරිකාට පස්සෙන් එන්න දෙන්නේ නැහැ
neutral,ටෲඩිස් බර්නෙට් එක උතුරට ගියා කවුරුත් යන්නේ නැති එක
worry,මගේ වළලුකර උළුක්කු වුණා ඇත්තටම හොඳටම වගේ බඩු ටිකක් ඉරා දැම්මා ඒක රිදෙනවා අද මගේ උපන්දින සති අන්තය
sadness,මම මෑතකදී ටොන් ගණනක් බර වැඩි කරගත්තා
worry,මගේ යාළුවෙක්ගෙන් ඒක ඇහුණා මම මෑතකදී බර වැඩි වුණා
neutral,ඇඳේ වැතිරිලා ඉන්නවා වේලාසන වැඩියි
sadness,තවමත් එය බැටළු පැටවෙකු නොමැති වීම කණගාටුවට කරුණක්
worry,මම මෙච්චර මහන්සියි
hate,අනේ ඔයා
sadness,නමුත් මට සුලු ගැන ගැටළු ඇති වුණා
worry,හ්ම් ඔව් ඒක මටම හොඳ සටහනක් වෙන්න ඇති මොකද ඊඊ කෙල්ලේ මම තාමත් ජිම් එකේ ඉන්නවා උදේ පාන්දර වැඩ කරනවා
love,ට්විටාස්කෝප් මගේ මේස් රොක් කරන්නේ නැහැ දැනටමත්
neutral,මට කේක් කෑල්ල අමතක වුණු නිසා ආපහු ගෙදර යනවා
worry,අපි හැමෝටම දේවල් හොඳ වේවි
worry,ලේඩි ගාගා ට්වීට් කළා ඔයා දැනගන්න ඕන නිසා එයාගේ වීඩියෝ එක ලීක් වෙන එක ගැන එයාගේ හිතට දැනුනේ නෑ
sadness,ම්ම් ඔව් ඒක මටම කියන්න හොඳ සටහනක් වෙන්න ඇති මොකද ඊඊඊඊඊ
relief,මගේ ඔලුව නිතරම හැදෙන එක නරක හිසරදයක් වෙන්න කලින් මට මේක බලන්න හිතෙන්නේ නෑ
sadness,ෆිලීගේ කටහඬ ඇහෙනවා මම ඒකට ආදරෙයි ම්ම් චීස් ස්ටීක් මගේ පෙම්වතා නැති වුණාට මම නිවාඩුවට ආදරෙයි
worry,මම හිතන්නේ ඒක සිසිල් වෙලා කියලා හහ් ඒක මෙතන නැහැ තාත්තයි තාත්තයි දවල් ඉඳන් දහවල් ඉඳන් මම දහඩිය දානවා නවත්තලා නැහැ මම බඩු පැක් කර කර හිටියා
worry,කෙල්ලෙක් මොට කෙනෙක් මගේ සිතුවිලි වල හරිම ලස්සනයි දැන් මට ආතතිකාරක කිහිපයක් සමඟ නියම දවසක් තිබුණා ගෙදර එන්න
worry,මගේ ඔළුව හොඳටම රිදෙනවා මට කෑ ගහන්න පුළුවන්
surprise,ඇඳේ වැතිර ඉන්නවා
worry,මට නිදාගන්න බෑ අද මම සෙල්ලම් කරපු බලු පැටියා ගැන මම හිතනවා
neutral,ම්ම් ඔව් ඒක මටම හොඳ සටහනක් වෙන්න ඇති මොකද ඊඊ මිල අධිකයි
surprise,මුදල් ආපසු ගෙවීමක් නැත නමුත් ඔවුන් ගිණුම් නැවත ලබා ගනී සතියක් වැනි කාලයක් ගතවේ සොරා හැක් භාවිතා නොකරනු ඇතැයි බලාපොරොත්තු වෙමි නැතහොත් එය ස්ථිරයි
neutral,තවදුරටත් අත්අඩංගුවට ගත්තු සංවර්ධනයක් නෑමට දුකයි
worry,මම ගිටාර් වලට ආදරෙයි ඒවා වාදනය කරනවා මම හිතන්නේ මම හොඳ නම් ඒවා විශිෂ්ටයි
worry,කෙල්ලෙක් මොට කෙනෙක් මගේ සිතුවිලි වල හරිම මෝඩයි දැන් මට ආතතිකාරක කිහිපයක් සමඟ ඇත්තෙන්ම හොඳ දවසක් තිබුණා ගෙදර එන්න
sadness,අනේ එක විනාඩියක්වත් පරක්කු නැහැ ඕ හොඳයි
worry,මම ගිටාර් වලට ආදරෙයි ඒවා වාදනය කරනවා මම හිතන්නේ මම හොඳ නම් ඒවා විශිෂ්ටයි
sadness,මේක බේරගන්න බෑ කියලා මම හිතනවා
sadness,නිදාගන්න එපා
fun,ඒක තියෙනවා මගේ යාළුවෙක්ගෙන් මට දැනගන්න ලැබුණා මම මෑතකදී බර ටොන් එකක් වැඩි වුණා එයා දැනගෙන හිටියේ නැහැ ඒ මම කියලා
worry,දැන් මට ඉරුවාරදය නවත්තන්න ඕන
worry,ට්විටාස්කෝප් එක මගේ මේස් රොක් කරන්නේ නැහැ
worry,මගේ ශුභවාදී බව අහන්න ලැබීම ගැන මට කණගාටුයි අපි හැමෝටම දේවල් හොඳ වේවි කියලා
sadness,අනේ මම හිතන්නේ මේක එහෙමයි ගොඩ ගන්න බෑ
sadness,ඇඳේ වැතිරෙනවා ගොඩක් කලින්
sadness,තවදුරටත් සංවර්ධනයක් අත්අඩංගුවට ගත්තේ නැහැ මට දුකයි
neutral,ඔයා කවදාවත් ඔයාගේ ඩීඑම් එකට උත්තර දුන්නේ නෑ මම ඔයාට ඔයාගේ තොරතුරු එව්වා
enthusiasm,මගේ යාළුවෙක්ගෙන් ඒක මගේ අවධානයට යොමු වෙලා තියෙනවා මම මෑතකදී බර වැඩි වුණා එයා දැනගෙන හිටියේ නැහැ ඒ මම කියලා
sadness,අපි
sadness,කේක් කෑල්ල අමතක වෙලා නිසා ආපහු ගෙදර යනවා
sadness,මම ගිටාර් වලට ආදරෙයි ඒවා වාදනය කරනවා මම හිතන්නේ ඒවා විශිෂ්ට ලෙස ශබ්ද කරනවා මම වඩා හොඳ නම් පමණි
worry,අපි හැමෝටම දේවල් හොඳ වේවි
worry,මම දෙයක් කෑවා මම දන්නේ නැහැ ඒක මොකක්ද කියලා මම කෑම ගැන දේවල් කියන්නේ ඇයිමම ගොඩක් මහන්සියි මම හිතන්නේ මට අනිවාර්යයෙන්ම කන් ආසාදනයක් හැදෙයි කියලා මම හිතනවා නින්දට යනවා උපුටා දැක්වීම උපුටා දැක්වීම වරක්
enthusiasm,යාලුවො එක්ක ඉක්මනින් කාලය ගත කරන්න කැමතියි
relief,ගැහැණු ළමයෙක් මොට කෙනෙක් දැන් මගේ සිතුවිලි වල හරිම අපූරු දවසක් තිබුණා ආතතිය ඇති කරන දේවල් කිහිපයක් එක්ක ගෙදර එන්න
worry,ගෑණු ළමයෙක් දැන් මගේ සිතුවිලි වල හරිම ලස්සන දවසක්
love,මම ඉක්මනින්ම නිදාගන්නවා
sadness,මට කේක් කෑල්ල අමතක වෙලා නිසා ගෙදර ආපහු යනවා
fun,කවුරුත් ඒක අල්ලගත්තා කියලා හිතුවේ නැහැ
happiness,අද රෑ මම ගෙදර ඉන්නවා
worry,මම ගිටාර් වලට ආදරෙයි ඒවා වාදනය කරනවා මම හිතන්නේ ඒවා විශිෂ්ටයි මම හොඳ නම්
neutral,නාන්න යන්න
neutral,ඒක පැය ගණනක් තිස්සේ හොඳටම ඇති
worry,මම තාම ජිම් එකේ යනවා
neutral,මෑතකදී මම ටොන් ගණනක් බර වැඩි කර ගත් ඔබේ මිතුරෙකුගෙන් එය මගේ අවධානයට ලක්ව ඇත ඔහු ඒ මම කියලා දැනගෙන හිටියේ නැහැ
worry,තාම ඒකේ බැටළු පැටවෙක් නැති එක කණගාටුවට කරුණක්
neutral,ලෝහ ආම්පන්න ඝන ගීතය සොරකම් කළා කියලා මට විශ්වාස කරන්න බැහැ මම ගොඩක් කලකිරුණා
sadness,මම ඔර්ලන්ඩ් යනවා
worry,අනේ කෙල්ලේ මම ගොඩක් කලකිරිලා ඉන්නවා ඒත් මට කියන්න ඕනේ මට මගේ කට්ටලය එකට ගන්න පුළුවන් වෙන්න ඊළඟ සති අන්තයේ මට ෆ්ලයර් එකක් ලැබුණා
love,ඇත්තටම නිදිමත නැහැ කම්මැලියි කියන එක තමයි නිවැරදි වචනය නැවතත් එතරම් වැඩක් නැහැ
sadness,පසුගිය මාසෙ ගිම්හානය නිසා ස්ට්රෝබෙරි චෙන්නායි වෙළඳපොළේ නැහැ
worry,මට හරිම අපහසුතාවයක් දැනෙනවා තවත් බල්ලෙක් නැහැ
sadness,ආපසු ගෙවීම් නැහැ නමුත් ඔවුන් ගිණුම් ලබා ගන්නවා සතියක් වගේ ගත වෙනවා සොරා හැක් භාවිතා කරන්නේ නැහැ කියලා බලාපොරොත්තු වෙනවා නැත්නම් ඒක ස්ථිරයි
neutral,මම නව ට්විටර්ෆෝන් යාවත්කාලීනය බාගත කළා අලුත් ට්වීට් වලට ටයිප් කරන එක එයාලා හැදුවා ඒත් නෑ
worry,ගුවන් සේවා සුපිරි කොරයි
sadness,මම සිකුරාදා රෑ ලයිට් වල පළවෙනි කතාමාලාවේ නියමුවා හරහා යන්න හදනවා අනේ දෙවියනේ ටිෂූ එක දාන්න
hate,හෙට එයාව නැචෝස් කරන්නම් එයා ඒවා හැදුවට වඩා හොඳයි
neutral,ඒගොල්ලෝ කිව්වා මම ඒක කරන්නම් කියලා
sadness,ඒක තියෙනවා මගේ යාළුවෙක්ගෙන් මට ආරංචි වුණා එයා ළඟදී බර වැඩි වුණා එයා දැනගෙන හිටියේ නැහැ ඒ මම කියලා
neutral,මට ආතතිය ඇති කරන කිහිප දෙනෙකු සමඟ ඇත්තෙන්ම හොඳ දවසක් තිබුණා
worry,ආපසු ගෙවීම් නැත නමුත් ඔවුන් ගිණුම් ලබා ගනී සතියක් වැනි කාලයක් ගතවේ සොරා හැක් භාවිතා නොකරනු ඇතැයි බලාපොරොත්තු වෙමි නැතහොත් එය ස්ථිරයි
neutral,මට බ්ලයි බස් එක මග හැරුණා
neutral,මම ආපහු එන්නම් මගේ සුභ පැතුම් දෙන්න
worry,මම ගිටාර් වලට ආදරෙයි ඒවා වාදනය කරනවා මම හිතන්නේ ඒවා විශිෂ්ටයි මම හොඳ නම්
neutral,ඒක මාව අවුස්සනවා එරිකාට පස්සෙන් එන්න දෙන්නේ නැහැ
surprise,කේක් කෑල්ල අමතක වෙලා ගෙදර යනවා
neutral,මට තවමත් මේසය කරන්න වෙනවා නමුත් එය මාරුවෙන් පසු බලා සිටිනු ඇත උණුසුම
worry,මට සිස්ටික් තියෙනවා ඇස්වල කඳුළු ආසාදනයක් නිසා මගේ ඇහේයි මූණෙයි ඉදිමිලා රිදෙනවා
neutral,එපිසෙන්ටර් වීලොක් ප්ලේස් සංචාරකයින්ට පමණයි
sadness,අනුමාන කරන්න බෑ කෙල්ලේ මම තාමත් ජිම් එකේ වැඩ කරනවා
sadness,ගෙදර යන ගමන් බාල වයස්කාර ගැහැණු ළමයින් සමඟ ගනුදෙනුවක් කරනවා කෙගර්ස්ඩෑම් ගැන කතා කරන අතරතුර බස් රථයේ ජින් බොනවා මට වයසයි
sadness,මට සමාවෙන්න අවම වශයෙන් සිකුරාදා
neutral,ඒක නම් කරන්න බෑ
surprise,තාම ඒකෙ බැටළු පැටවෙක් නැති එක කණගාටුවට කරුණක්
worry,ඒක මට කරදරයක්
sadness,මම සිකුරාදා රෑ ලයිට් වල පළවෙනි කතාමාලාවේ නියමුවා හරහා යන්න හදනවා අනේ දෙවියනේ ටිෂූ එක දාන්න
neutral,ගොඩක් පරක්කු වෙලා ඇති
sadness,ඇත්තටම නිදිමත නැහැ නැවතත් නිවැරදි වචනය එතරම් වැඩක් නැහැ
neutral,කැලි කැලිට ඉන්න බෑ මගේ සති අන්තය සැමරීමට වයින් වීදුරුවක් තියෙනවා කියලා හිතලා වැකා තවමත් හෙට වැඩ කරනවා
neutral,නින්ද යන්න බැහැ
neutral,මට කවදාවත් එපා කියන්න බෑ
neutral,ඇයි ගුවන් ටිකට්පත් මෙච්චර මිල අධික
worry,කිසිවෙකු යන්නේ නැහැ
sadness,අනේ කමක් නැහැ මම හිතන්නේ මේක බේරගන්න බෑ
neutral,මම හිතන්නේ ඒක සිසිල් වෙලා කියලා හහ් ඒක මෙතන නැහැ තාත්තයි මමයි බෑග් හදනකොට දවල් ඉඳන් මම දහවල් ඉඳන් දහඩිය දැම්මේ නැහැ
neutral,නින්ද යන්න බැහැ
worry,මම මගේ බල්ලට ගොඩක් ආදරෙයි
enthusiasm,දරුණු ඉරුවාරදය නවත්තනවා නම් හොඳයි
empty,ඒක මාව අවුස්සනවා එරිකාට පස්සෙන් එන්න දෙන්නෙත් නෑ
worry,ගැහැණු ළමයෙක් මගේ ශරීරයේ හරිම මෝඩයි දැන් මට හිතෙනවා ආතතිය ඇති කරන දේවල් කීපයක් එක්ක මට නියම දවසක් ගත කරන්න පුළුවන් කියලා ගෙදර එන්න
neutral,මම ආපහු ගෙදර යන නිසා කේක් කෑල්ල අමතක වුනාට
worry,මම ටැකෝසෝන් තැනට ගොඩක් පරක්කු වුණා
neutral,මගේ අම්මලා මට ඡන්දය දීම නවත්තලා කෙටි කාලයක් දිනන්නේ නැති එක ගැන දැනෙන්න හදන්නේ
enthusiasm,ගෙදර එන්න
neutral,ඒක නම් කරන්න බෑ
neutral,මම නව ට්විටර්ෆෝන් යාවත්කාලීනය බාගත කළා අලුත් ට්වීට් වලට ටයිප් කරන එක එයාලා හැදුවා ඒත් නෑ
relief,කිසිවෙකු යන්නේ නැහැ නයිට් එන්න පැය ගණනක් ගත වී ඇත
worry,මට සිස්ටික් තියෙනවා ඇස්වල කඳුළු ආසාදනයක් නිසා මගේ ඇහේයි මූණෙයි ඉදිමිලා රිදෙනවා
sadness,වැස්ස මැදින් ගෙදර යන්න එච්චර ආසාවක් නෑ
hate,ඇඳේ වැතිරිලා ඉන්නවා
neutral,මට ප්ලගර් කිරීම මග හැරෙනවා යැයි පවසයි
worry,තවදුරටත් අත්අඩංගුවට ගැනීමක් නැහැ මට දුකයි
worry,හ්ම් ඔව් ඒක මටම හොඳ සටහනක් වෙන්න ඇති මොකද ඊඊඊඊඊඊඊඊඊඊඊඊඊඊඊඊඊඊඊඊඊඊඊඊඊඊඊඊඊඊයේ රස්සාවක් ඕන නෑ
hate,අනේ ඔයා
worry,හොඳයි
worry,මම ඒ ජරාව හරියට කරනවා දැන් මම නිවාඩුවක් ගත කරනවා ඔයා මට වැඩ කරන්න කියලා කිව්වා
hate,ගැබිනි කාන්තාවන් දුම්පානය කරනවා දකිනකොට මට ඒක හරිම වගකීම් විරහිතයි ආත්මාර්ථකාමීයි
neutral,මට දුකයි
neutral,උදේ දෙතුන් පාරක් උදේ පාන්දරින්ම ආපහු යන්න
sadness,වැස්ස මැදින් ගෙදර යන්න එච්චර උනන්දුවක් නෑ
sadness,මම ඔරිජිනල් එකේ යන්නම්
worry,රිප් ලියනාඩෝ ඔයා නියම කුඩා ෆිඩ්ලර් කකුළුවෙක්
neutral,අද උදේට වැඩ කරනවා
happiness,මම හිතන්නේ මගේ උගුර ඇත්තටම රිදෙනවා
neutral,නිදන කාමර ගෘහ භාණ්ඩ සියල්ල පින්තාරු කිරීම අවසන්
worry,අනේ ඔයා කොහෙද යන්නේ
sadness,තවමත් බැටළු පැටවෙකු නොමැති වීම කණගාටුවට කරුණක්
worry,ඒක නම් එපා
neutral,නමුත් මට ඕන නෑ
worry,මේක බේරගන්න බැරි දෙයක් කියලා මම හිතනවා
neutral,ඒක මගේ හිතේ තියෙනවා
neutral,අහ්
happiness,ක්වයි නයිට් පැය ගානක් ගියා
worry,මේක බේරගන්න බැරි දෙයක් කියලා මම හිතනවා
neutral,නිදන කාමර ගෘහ භාණ්ඩ ඔක්කොම තීන්ත ගාලා ඉවරයි මට තාම මේසය හදන්න වෙනවා නමුත් ඒක මාරුවෙන් පස්සේ බලා ඉන්න වෙයි
worry,මම ගිටාර් වලට ආදරෙයි ඒවා වාදනය කරනවා මම හිතන්නේ මම හොඳ නම් ඒවා සුපිරියටම ඇහෙනවා
neutral,ආහ් මගේ කාමරය වටා පියාසර කරන ලොකු භයානක දෝෂයක්
worry,හ්ම්ම් ඔව් ඒක මටම හොඳ සටහනක් වෙන්න ඇති මොකද ඊඊ
neutral,එපිසෙන්ටර් වීලොක් ප්ලේස් සංචාරකයින්ට පමණයි
sadness,තවමත් අත්අඩංගුවට ගැනීමක් නැහැ මට දුකයි
surprise,ඒක මට පිස්සු හැදෙනවා මට එරිකාගේ පස්සෙන් එන්න දෙන්නේ නැහැ
neutral,ටෲඩිස් බර්නෙට් එක උතුරට ගියා කවුරුත් යන්නේ නැති එක
hate,හෙට වැඩ කරන්න ඕන නෑ නමුත් මට සල්ලි ලැබෙනවා
sadness,මම අලුත් ට්විටර්ෆෝන් යාවත්කාලීනය බාගත කළේ ඔවුන් අලුත් ට්වීට් සඳහා ටයිප් කිරීමේ ගැටලුව විසඳනවා කියලා හිතාගෙන නමුත් නැහැ ඔවුන් එසේ කළේ නැහැ
neutral,අපි හැමෝටම හොඳ වෙයි කියලා අහන්න ලැබීම ගැන මට කණගාටුයි
neutral,ගර්භනී කාන්තාවන් දුම්පානය කරනවා දකිනකොට මට ඒක හරිම වගකීම් විරහිතයි ආත්මාර්ථකාමීයි ඒක තමයි අන්තිමේදී බබා දුක් විඳින්නේ
sadness,ඇත්තටම නිදිමත නෑ කම්මැලියි කියන එක තමයි හරි වචනේ වැඩිය වැඩ නෑ
worry,මට මෑතකදී ටොන් එකක් බර වැඩි වුණා කියලා මගේ අවධානයට ලක් වෙලා තියෙනවා එයා දැනගෙන හිටියේ නැහැ ඒ මම කියලා
sadness,තවමත් බැටළු පැටවෙකු නොමැති වීම කණගාටුවට කරුණක්
worry,මට කේක් කෑල්ල අමතක වෙලා නිසා ගෙදර යන්න වෙනවා
worry,මම ඔරිජිනල් එකේ ඉන්නම්
worry,මම දැන් ඒ ජරාව කරනවා මම නිවාඩුවට ගිහින් ඔයා මාව වැඩට දැම්මා
worry,නමුත් දැන් මට දුරකථනයක් ගන්න සල්ලි නැහැ
neutral,අපි හැමෝටම හොඳ වෙයි කියලා අහන්න ලැබීම ගැන මට කණගාටුයි
sadness,අපි
surprise,ඊව් අකමැතියි
neutral,අපි හැමෝටම හොඳ වෙයි කියලා අහන්න ලැබීම ගැන මට කණගාටුයි
neutral,මම ගිටාර් වලට ආදරෙයි ඒවා වාදනය කරනවා මම හිතන්නේ ඒවා විශිෂ්ට ලෙස ශබ්ද කරනවා මම වඩා හොඳ නම් පමණක් නම්
neutral,තාත්තා සහ මම ඇසුරුම් කරනකොට දවල් ඉඳන් මම දහවල් ඉඳන් දහඩිය දැමීම නවත්තලා නැහැ
neutral,නෑ ඒ හැමෝම නිදාගෙන ඉන්නේ මොකද එයාලා නැගෙනහිර වෙරළේ ජීවත් වෙන්නේ
sadness,වැස්ස මැදින් ගෙදර යන්න එච්චර උනන්දුවක් නෑ
sadness,මට දැන් ස්කොට් ඕනේ
love,එකඟ වුණා
sadness,ඡන්දය දීම නවත්තලා කෙටිකතාවක් දිනන්නේ නැතුව ඉන්න එක ගැන මට තවත් දැනෙන්න දෙන්න මම ඇඬුවා වගේ
sadness,කවුද දන්නේ නෑ
hate,අනේ අද මම එච්චර ට්වීට් කළේ නැහැ
worry,කිසිවෙකු යන්නේ නැහැ
worry,මගේ අම්මලා ඡන්දය දීම නවත්තලා කෙටි කාලයක් දිනන්නේ නැති එක ගැන මට දැනෙන්න සලස්වන්න උත්සාහ කරනවා මම ඇඬුවා
enthusiasm,මගේ යාළුවෙක්ගෙන් ඒක මගේ අවධානයට යොමු වෙලා තියෙනවා මම මෑතකදී බර වැඩි වුණා එයා දැනගෙන හිටියේ නැහැ ඒ මම කියලා
worry,ඒක මට කරදරයක්
happiness,මගේ ට්විටර් එක ආයෙත් හැක් කරලා තියෙනවා
worry,අනුමාන කරන්න බෑ
neutral,මම දැන් යන්නෙ නෑ කෙල්ලේ මම තාමත් ජිම් එකේ වැඩ කරනවා
neutral,මගේ අම්මලා මට ඡන්දය දීම නවත්තලා කෙටි කාලයක් දිනන්නේ නැති එක ගැන දැනෙන්න හදන්නේ
worry,මම සිකුරාදා නයිට් ලයිට් එකේ පළවෙනි කතාමාලාවේ නියමු කොටස හරහා යන්න උත්සාහ කරනවා
worry,ඒක මාව අවුස්සනවා මට එරිකාට පස්සෙන් එන්න දෙන්නේ නැහැ
worry,අද ඉඳන් සංචාරකයින් සඳහා එපිසෙන්ටර් වීලොක් ස්ථාන ඒකක ඇම්ප්
happiness,ඒක නම් හරිම කරදරයක්
love,තවදුරටත් සංවර්ධනයක් අත් අඩංගුවට ගත්තේ නැහැ මට දුකයි
neutral,ඒ කුකීස් කන්න හොඳ නැහැ
hate,ම්ම් ඔව් ඒක මටම හොඳ සටහනක් වෙන්න ඇති මොකද ඊඊ සහකරු
sadness,ඇත්තටම නිදිමත නැහැ කම්මැලියි කියන එක තමයි හරි වචනය
sadness,මම නිදාගන්න ඕනේ නමුත් මම මට ඕන පරණ යාළුවෙක් ගැන හිතන්නේ නැහැ නමුත් එයා දැන් විවාහ වෙලා එයාට මාව ඕන අපකීර්තියට පත් කරන්න ඕන
neutral,ආපහු නිදිමත නැහැ ආයෙත් වැඩ වැඩියි
relief,මගේ ඔලුව නිතරම හැදෙන එක නරක හිසරදයක් වෙන්න කලින් මට මේක බලන්න හිතෙන්නේ නෑ
worry,කේක් කෑල්ල අමතක වෙලා නිසා ගෙදර ආපහු යනවා
fun,ගැබිනි කාන්තාවන් දුම්පානය කරනවා දකිනකොට මට ඒක හරිම වගකීම් විරහිතයි ආත්මාර්ථකාමීයි ඒක තමයි අන්තිමේදී බබා තමයි දුක් විඳින්නේ
worry,මොකද ගුවන් සේවා සුපිරි කොරයි
sadness,අනේ කමක් නෑ මම හිතන්නේ මේක ගොඩ ගන්න බෑ කියලා
worry,මම ගිටාර් වලට ආදරෙයි ඒවා වාදනය කරනවා මම හිතන්නේ ඒවා සුපිරියටම ඇහෙනවා
worry,ඇගේ කර්ම ලකුණු බවට පත් වුණේ ඇයි කියලා පුදුමයි
happiness,මට ඔයාගේ තොරතුරු ඕනේ
worry,මම ගොඩක් අවුල් සහගතයි
neutral,මට කේක් කෑල්ල අමතක වුණු නිසා ආපහු ගෙදර යනවා
sadness,මට මගේ බලු පැටියා නැතුව පාලුයි
neutral,නාන්න යන්න
worry,තවදුරටත් අත්අඩංගුවට ගැනීමක් නැහැ මට දුකයි
hate,මට නිදාගන්න බෑ
relief,මගේ ඔලුව නිතරම හැදෙන එක නරක හිසරදයක් වෙන්න කලින් මට මේක බලන්න හිතෙන්නේ නෑ
worry,ඇත්තටම මගේ සයිස් එකේ ඒවා ඉතුරු වෙලා නැහැ
sadness,වැඩක් නැහැ
worry,රිවීව් ගිණුම් සතියක් වගේ යනවා හොරා හැක් කරන්නේ නැහැ කියලා බලාපොරොත්තු වෙනවා නැත්නම් ඒක පර්මබන්
worry,නෑ ඒ හැමෝම නිදාගෙන ඉන්නේ මොකද එයාලා නැගෙනහිර වෙරළේ ජීවත් වෙන නිසා
neutral,ඇය මට පහර දෙන දේ ඇය දන්නවා නම් හොඳයි ඇය මගේ හදවත සොරකම් කළේ නැහැ කවදාවත් එය ආපසු දුන්නේ නැහැ ඉඳහිට ඇය වගේ ඉන්න කැමතියි බලන්න මට තියෙන දේ මට තියෙන කැස්සක් තියෙනවා මට අසනීප වෙන්න බෑ මට ඉස්සරහින් ලොකු සති අන්තයක් තියෙනවා
hate,වචන ලිංගිකත්වයට පස්සේ ඒක කවදාවත් පටන් ගත්තේ නෑ
surprise,අම්මේ අනුගාමිකයින් නැති කරගන්න එක දිගටම කරගෙන යන්න මේක හරිම දුකයි මට දවසක් ඕනේ ඒක තමයි මගේ ඉලක්කය
empty,මම ආපහු ගෙදර යන නිසා කේක් කෑල්ල අමතක වුනාට
sadness,මොකද වෙන්නෙ පැටියෝ
sadness,කේක් කෑල්ල අමතක වෙලා නිසා ආපහු ගෙදර යනවා
worry,ආව් ඔයාට රහස ගැන මට කියන්න බැහැ
surprise,මගේ අම්මලා මට ඡන්දෙ දෙන එක නවත්තන එක ගැන සහ කෙටිකතාව දිනන්නෙ නැති එක ගැන මට දැනෙන්න දෙන්න හදනවා මම ඇඬුවා වගේ
neutral,අනෙක් අයගේ ජීවිත පිළිබඳ ටැබ්ලොයිඩ් කියවීම සිතමින් මගේ බබා ගියාම මම මගේ එක්ක මොකද කරන්නේ
hate,අනේ ඒක එරික් හරි වෙන කෙනෙක් හරි ඔයාගේ කොණ්ඩේ සෙල්ලම් කරන්න ඕන වුණාම
happiness,මම ගොඩක් තනිකඩයන් සඳහා කුක් තේරීම් ගැන ඇත්තටම සතුටු නැහැ
sadness,මම සිකුරාදා රෑ ලයිට් වල පළවෙනි කතාමාලාවේ නියමුවා හරහා යන්න හදනවා අනේ දෙවියනේ ටිෂූ එක පාස් කරන්න
worry,මගේ ඔළුව හොඳටම රිදෙනවා මට කෑ ගහන්න පුළුවන්
worry,නෑ ඒගොල්ලෝ ඔක්කොම නිදි මොකද එයාලා නැගෙනහිර වෙරළේ ජීවත් වෙන්නේ
worry,මේක බේරගන්න බැරි දෙයක් කියලා මම හිතනවා
sadness,වැස්ස මැදින් ගෙදර යන්න එච්චර ආසාවක් නෑ
worry,මගේ අම්මලා ඡන්දය දීම නවත්තලා කෙටි කාලයක් දිනන්නේ නැති එක ගැන මට දැනෙන්න සලස්වන්න උත්සාහ කරනවා මම ඇඬුවා
neutral,හිටින්න ආවේ උදේ පාන්දර අන්තිම පරිච්ඡේදය කියවන්න කැමති නැති නිසා ඒක ඉවර වෙන්න මට ඕන නෑ
hate,නෑ ඒගොල්ලෝ හැමෝම නිදාගෙන ඉන්නේ මොකද එයාලා නැගෙනහිර වෙරළේ ජීවත් වෙන්නේ
sadness,මට මේ පීඩනය දැනෙනවා
neutral,මමත්
neutral,ඔව් මට හොඳටම නින්ද ගිහින් නැති නිසා මම අම්මාව ඇහැරෙව්වා මොකද මම ගායනා කරමින් හිටියා ඇය ඔයා ගැන පැහැදීමක් නෑ
worry,මම ගිටාර් වලට ආදරෙයි ඒවා වාදනය කරනවා මම හිතන්නේ මම වඩා හොඳ නම් ඒවා විශිෂ්ට ලෙස ශබ්ද කරනවා
surprise,ඇඳේ වැතිර ඉන්නවා වේලාසන වැඩියි
sadness,වැඩක් නැහැ
neutral,ගොඩක් පරක්කු වෙලා ඇති
love,මේක බේරගන්න බෑ කියලා මම හිතනවා
neutral,අනේ කමක් නෑ මේක ගොඩ ගන්න බෑ කියලා මම හිතනවා
sadness,එය බැටළු පැටවෙකු නොමැති වීම කණගාටුවට කරුණකි
neutral,මම දැන් ඒ ජරාව කරනවා මම නිවාඩුවේ ඉන්නේ ඔයා මට වැඩ කරන්න හිතුනා
sadness,මට කේක් කෑල්ල අමතක වුණු නිසා ගෙදර ආපහු යනවා
sadness,පළමු කොටසේ නියමුවා හරහා යන්න උත්සාහ කරනවා
neutral,මම වූඩූ ගමේ කොටසේ කෝප් එකේ අන්තිම කොටස් වෙනකම් සෙල්ලම් කළා මගේ සුපුරුදු සහකරු නැති වෙනකම්
surprise,මගේ යාළුවා මම මෑතකදී ටොන් ගණනක් බර වැඩි වුණා ඒ මම කියලා එයා දැනගෙන හිටියේ නැහැ
sadness,මට ගිටාර් ගොඩක් ආසයි ඒවා වාදනය කරන්නත් ඒවා සුපිරියටම ඇහෙනවා කියලා මම හිතනවා මම හොඳ නම් විතරයි
surprise,ගෙදරට ආපහු යනවා මොකද මම කේක් කෑල්ල අමතක කළා
neutral,මම ගොඩක් දුකයි
worry,මේක ගොඩගන්න බෑ කියලා මම හිතනවා
neutral,ම්ම් ඔව් ඒක මටම හොඳ සටහනක් වෙන්න ඇති මොකද ඊඊ ගමේ කොටසේ ගෙදර වැඩ කරනකොට මගේ සුපුරුදු සහකරු නැති වෙනකම්
sadness,රස්සාවක් ගොඩක් ඕනේ
neutral,කේක් කෑල්ල ලැබුණා
worry,පවර්පොයින්ට් එකක වැඩ කරන්න හැදුවත් ඵලක් වුණේ නැහැ
worry,අනේ හරිම නරකයි මම හිතනවා ඒක හොඳ වෙයි කියලා මම හිතනවා මෑතකදී මට නින්දේ ගැටළු ඇති වුණා
worry,අද හවස වැඩ තියෙනවා
neutral,ඔයාව රවට්ටන්න මට සති විතරයි තියෙන්නේ
worry,ආපසු මුදල් නැහැ නමුත් ඔවුන් ගිණුම් ලබා ගන්නවා සතියක් වගේ ගත වෙනවා සොරා හැක් කරන්නේ නැහැ කියලා බලාපොරොත්තු වෙනවා නැත්නම් ඒක ස්ථිරයි
worry,ඇඳේ වැතිර ඉන්නවා ගොඩක් වේලාසනයි
worry,හොඳයි පැවරුම් සඳහා වැඩි කාලයක් ගත වෙනවා
sadness,මට මේ පීඩනය දැනෙනවා
worry,මම අද රෑ තමයි සමලිංගිකයින්ට හැදුවේ
hate,රූමි එක්ක ඉන්න චිලින්ට සොම්බි ක්ලවුන් එනකම් ඉන්න බෑ ඒක සති ගානක් වෙනවා
neutral,මට ප්ලගර් කිරීම මග හැරෙනවා යැයි පවසයි
enthusiasm,මගේ යාළුවෙක්ගෙන් ඒක මගේ අවධානයට යොමු වෙලා තියෙනවා මම මෑතකදී බර වැඩි වුණා එයා දැනගෙන හිටියේ නැහැ ඒ මම කියලා
worry,තාම ඒකෙ බැටළු පැටවෙක් නැති එක කණගාටුවට කරුණක්
worry,මම ගොඩක් අවුල් සහගතයි
worry,කාලි කැඩිලා
boredom,ඇත්තටම නිදිමත නැහැ කම්මැලියි කියන එක තමයි හරි වචනය ආයෙත් වැඩි වැඩක් නැහැ
worry,ආපසු ගෙවීම් නැත නමුත් ඔවුන් ගිණුම් ලබා ගනී සතියක් වැනි කාලයක් ගතවේ සොරා හැක් භාවිතා නොකරනු ඇතැයි බලාපොරොත්තු වෙමි නැතහොත් එය ස්ථිරයි
worry,ගෙදරට ආපහු යන එක මොකද මට කේක් කෑල්ල අමතක වුණා
sadness,මම මෑතකදී ටොන් ගණනක් බර වැඩි කරගත්තා
love,නෑ මම අඬන්නේ නැහැ
happiness,මොකද ගුවන් සේවා සුපිරි කොරයි
neutral,අහ්
worry,සමලිංගිකයන්ට මම අද රෑ විතරයි හැදුවේ
neutral,තවදුරටත් අත්අඩංගුවට ගත්තු සංවර්ධනයක් නෑමට දුකයි
surprise,ඔයා දියවැඩියා රෝගියෙක් ඒ වගේම මගේ තාත්තා ඇම්ප් මටත් විශ්වාස නැහැ ඔයාට තාමත් දවස පුරාම සීනි කන්න අවසර තියෙනවද කියලා
surprise,ඇඳේ වැතිර ඉන්නවා වේලාසන වැඩියි
surprise,ඇත්තටම නිදිමත නැහැ කම්මැලියි කියන එක තමයි හරි වචනය ආයෙත් එච්චර වැඩක් නෑ
sadness,මම මගේ වයස පෙන්වමින් අලුත් කළා මගේ ටැග් ගිය සතියේ වැටුණා මගේ රක්ෂණ අලුත් කිරීමේ ඊමේල් එක අද වැටුණා මට වයසට යන්න ඕන නැහැ
neutral,මම අවධානය යොමු කළේ ටොම් ගැන ගොඩක් මම මගේ ආදරණීය බැරැක්ව දැක්කේ නැහැ අනේ නෑ මම දෙකටම ඡන්දය දෙන්න ඕනේ දුප්පත් ජනාධිපතිට ඡන්ද විතරයි තියෙන්නේ
hate,ඔයාලා යන එක ගැන මම කොච්චර උද්යෝගිමත්ද කියලා මම හිතුවා ඒත් ඊට පස්සේ මට තේරුණා ඔයාලා යනවා දකින්න කොච්චර දුකද කියලා
worry,මගේ ශුභවාදී බලාපොරොත්තුව තමයි හැමෝටම හොඳ වේවි කියලා අහලා මට දුකයි
sadness,ෆිලීගේ කටහඬ ඇහෙනවා මම ඒකට ආදරෙයි ම්ම් චීස් ස්ටීක් මගේ පෙම්වතා නැති වුණාට මම නිවාඩුවට ආදරෙයි
happiness,දැන් මට කරන්න බැරි දෙයක්
relief,හහහ අනිත් අය එක්ක ගායනා කළොත් ඒක භයානක නැහැ ඒක වැඩ කරන්න පුළුවන් කියලා මට විශ්වාසයි
sadness,එල්පීත් නෑ
enthusiasm,මම තාම ජිම් එකේ වැඩ කරනවා
sadness,නිදන කාමරේ ගෘහ භාණ්ඩ ඔක්කොම තීන්ත ගාලා ඉවරයි මට තාම මේසය හදන්න වෙනවා නමුත් ඒක මාරුවෙන් පස්සේ වෙයි හ්ම්ම් රස්නෙට යනවා
surprise,මට නරකක් දැනෙනවා දැන් මගේ අම්මා ගැන නරක ආරංචියක් ලැබුණා
hate,මගේ අම්මලා මට ඡන්දෙ දෙන එක නවත්තලා දිනන්නේ නැති එක ගැන තවත් දැනෙන්න සලස්වන්න හදනවා මම ඇඬුවා වගේ
worry,ගෙදර එන්න
fun,ගැබිනි කාන්තාවන් දුම්පානය කරනවා දකිනකොට මට ඒක හරිම වගකීම් විරහිතයි ආත්මාර්ථකාමීයි ඒක තමයි අන්තිමේදී බබා තමයි දුක් විඳින්නේ
worry,මම ගැබිනි කාන්තාවන් දුම්පානය කරනවා දකිනකොට මට වෛරයක් දැනෙනවා ඒක හරිම වගකීම් විරහිතයි ආත්මාර්ථකාමීයි ඒක තමයි අන්තිමේදී බබා දුක් විඳින කෙනා
worry,මම දෙයක් කෑවා මම දන්නේ නැහැ ඒක මොකක්ද කියලා මම කෑම ගැන දේවල් කියන්නේ ඇයිමම ගොඩක් මහන්සියි මම හිතන්නේ මට අනිවාර්යයෙන්ම කන් ආසාදනයක් හැදෙයි කියලා මම හිතනවා නින්දට යනවා උපුටා දැක්වීම උපුටා දැක්වීම වරක්
neutral,අනුමාන කරනවා ඒක නම් එපා කෙල්ලේ මම තාමත් ජිම් එකේ ඉන්නේ උදේ පාන්දර වැඩ කරනවා
happiness,මම දැන් ඒ වැඩේ කරනවා
neutral,අද උදේට වැඩ කරනවා
neutral,හහහ ඒක භයානක නැහැ වෙන එකක් නම්
hate,ගෙදරට ආපහු යනවා මොකද මම
sadness,ඒක මෙහෙ නෑ මමයි තාත්තයි බෑග් පැක් කරනකොට දවල් ඉඳන් මට දාඩිය දාල නෑ
worry,තවදුරටත් අත්අඩංගුවට ගැනීමක් නැහැ මට දුකයි
worry,මට නිදාගන්න බෑ අද මම සෙල්ලම් කරපු බලු පැටියා ගැන මම හිතනවා
hate,ඔව් මගේ කොට්ටය විනිශ්චය කරන්න එපා
worry,ඒක නෑ
sadness,මට ඔයාව හැමදාම ඕන කියලා ඔයා කොහොමද ඒත්තු ගන්නේ මම හැමදාම දුන්න සංඥා මොනවද කියලා මම හිතන්නේ මට තව යාළුවෙක් නැති වුණා කියලා
surprise,මම දකින විට මට වෛර කරනවා ගැබිනි කාන්තාවන් දුම්පානය කරනවා ඒක හරිම වගකීම් විරහිතයි ආත්මාර්ථකාමීයි ඒක තමයි අන්තිමේදී බබා දුක් විඳින කෙනා
worry,මම හොඳ නම්
neutral,උපායශීලී වැරැද්දක්
sadness,ගෑණු ළමයෙක් දැන් මගේ සිතුවිලි වල ඉන්නවා
hate,මට නිදාගන්න බෑ
neutral,මෙන්න මගේ ශුභවාදී දේවල් හැමෝටම හොඳ වෙයි කියලා අහන්න ලැබීම ගැන මට කණගාටුයි අපේ
hate,මගේ අම්මලා මට ඡන්දය දීම නවත්තලා දිනන්නේ නැති එක ගැන දැනෙන හැඟීම ඇති කරන්න හදනවා මම ඇඬුවා වගේ
worry,ඒක මට කරදරයක්
sadness,මට එයාගේ කොණ්ඩේ හැමෝම කොහොමද කියලා බලන්න ඕනේ
worry,මම ගිටාර් වලට ආදරෙයි ඒවා වාදනය කරනවා මම හිතන්නේ ඒවා විශිෂ්ටයි කියලා මම හිතනවා මම හොඳ නම් විතරයි
empty,ඒක මාව අවුස්සනවා මට එරිකා පස්සෙන් එන්න දෙන්නෙ නෑ
sadness,මට ගිටාර් ගොඩක් ආසයි ඒවා වාදනය කරන්නත් ඒවා සුපිරියටම ඇහෙනවා කියලා මම හිතනවා මම හොඳ නම් විතරයි
worry,මට මෑතකදී ටොන් ගණනක් බර වැඩි වුණා කියලා මගේ යාළුවෙක්ගෙන් මට ආරංචි වුණා ඒ මම කියලා එයා දැනගෙන හිටියේ නැහැ
neutral,ඊළඟට රෑට ඔයාව දැක්කේ නෑ
worry,මට මෑතකදී ටොන් එකක් බර වැඩි වුණා කියලා මගේ අවධානයට ලක් වෙලා තියෙනවා එයා දැනගෙන හිටියේ නැහැ ඒ මම කියලා
sadness,ඊයේ රෑ මට කරන්න බැරි දෙයක්
worry,ම්ම් ඔව් ඒක මටම හොඳ සටහනක් වෙන්න ඇති මොකද ඊඊ නරකයි
worry,මම ගිටාර් වලට ආදරෙයි ඒවා වාදනය කරනවා මම හිතන්නේ ඒවා විශිෂ්ටයි මම හොඳ නම්
empty,හේයි ඔයා පොඩි මගුලක් මම ඔයාට කෙටි පණිවිඩයක් යැව්වා
worry,ඒක නෑ
worry,ඒක මට පිස්සු හැදෙනවා එරිකාට පස්සෙන් එන්න දෙන්නෙ නෑ
sadness,මට කේක් කෑල්ල අමතක වුණු නිසා ගෙදර ආපහු යනවා
worry,මට ගොඩක් අවුල්
neutral,කැලි කැලිට ඉන්න බෑ මගේ සති අන්තය සැමරීමට වයින් වීදුරුවක් තියෙනවා කියලා හිතලා වැකා තවමත් හෙට වැඩ කරනවා
sadness,ඇත්තටම නිදිමත නැහැ කම්මැලියි කියන එක තමයි ආයෙත් හරි වචනය වැඩි වැඩ නැහැ
love,මම ගිටාර් වලට ආදරෙයි ඒවා වාදනය කරනවා මම හොඳ නම් ඒවා විශිෂ්ටයි කියලා මම හිතනවා
worry,මෑතකදී මම ටොන් ගණනක් බර වැඩි කර ගත් ඔබේ මිතුරෙකුගෙන් එය මගේ අවධානයට ලක්ව ඇත
sadness,අප් එක එළියට ආවා මට සංදේශය ලැබුණේ නැහැ එය පුදුම සහගතයි
empty,ඒක හරියට තඩ් ගහනවා
neutral,මක්නිසාද යත් එය තවමත් ලැජ්ජාවට පත් වී ඇත
surprise,කාමරකාරයෝ එක්ක චිලින්ගේ වැඩ කරන දවස සොම්බි ක්ලවුන් එනකම් ඉන්න බෑ සති ගානක් යනවා
surprise,ඇඳේ වැතිර ඉන්නවා
sadness,ගැහැණු ළමයෙක් දැන් මගේ සිතුවිලි වල හරිම ලස්සනයි මට දැන් ෆේෂල් එකක් එක්ක නියම දවසක් ගත කරන්න පුළුවන් වුණා
sadness,ඒක හරියට තඩ් තඩ් වගේ
sadness,මම හිතන්නේ සර් එකේ ඒක සිසිල් වෙලා කියලා හහ් ඒක මෙතන නැහැ තාත්තයි මමයි බඩු ගන්නකොට දවල් ඉඳන් මම දාඩිය දානවා නවත්තලා නැහැ
hate,වචන ලිංගිකත්වයට පස්සේ ඒක කවදාවත් පටන් ගත්තේ නෑ
worry,ඇඳේ වැතිර ඉන්නවා ගොඩක් වේලාසනයි
worry,ගර්භනී කාන්තාවන් දුම්පානය කරනවා දකින විට මට වෛර කරනවා ඒක වගකීම් විරහිතයි ආත්මාර්ථකාමීයි ඒක සාද් අවසානයේ බබා දුක් විඳිනවා කියලා මට දුකයි
neutral,ඒගොල්ලෝ කිව්වා මම ඒක කරන්නම් කියලා
worry,ඊයේ රෑ අන්තර්ජාලයක් නැහැ ළඟපාත ගෑස් එකක් අවසානයේ දැවැන්ත පිපිරීමක් ඇති වුණා
neutral,ආහ් මගේ කාමරය වටා පියාසර කරන ලොකු භයානක දෝෂයක්
neutral,මගේ නහය ගැලවිලා ගියා මට ඒක හොයාගන්න බෑ අද ඇම්ස්ටර්ඩෑම් ගිහින් අලුත් එකක් ගන්න ඕන
love,මම ගිටාර් වලට ආදරෙයි ඒවා වාදනය කරනවා මම හොඳ නම් ඒවා විශිෂ්ටයි කියලා මම හිතනවා
neutral,බොරුකියා
neutral,මම දෙමාපිය පාලනය බලාගෙන හිටියා
worry,මට හරිම අපහසුතාවයක් දැනෙනවා තවත් බල්ලෙක් නැහැ
worry,තව පැයක් නිදාගන්න ඕනේ
sadness,මම වෛර කරනවා පිළිකාව මට වෛර කරනවා මට වෛර කරනවා මට වෛර කරනවා
surprise,කාමරකාරයෝ එක්ක චිලින්ගේ වැඩ කරන දවස සොම්බි ක්ලවුන් එනකම් ඉන්න බෑ සති ගානක් යනවා
sadness,නිදන කාමරේ ගෘහ භාණ්ඩ ඔක්කොම තීන්ත ගාලා ඉවරයි මට තාම මේසය හදන්න වෙනවා නමුත් ඒක මාරුවෙන් පස්සේ වෙයි හ්ම්ම් රස්නෙට යනවා
sadness,අපි හැමෝටම දේවල් හොඳ වෙයි
sadness,ගෙදර යන ගමන් බාල වයස්කාර ගැහැණු ළමයින් සමඟ ගනුදෙනුවක් කරනවා කෙගර්ස්ඩෑම් ගැන කතා කරන අතරතුර බස් රථයේ ජින් බොනවා මට වයසයි
worry,පවර්පොයින්ට් එකක වැඩ කරන්න හැදුවත් ඵලක් වුණේ නැහැ
surprise,ඇඳේ වැතිර ඉන්නවා වේලාසන වැඩියි
worry,මගේ අම්මලා මට ඡන්දය දීම නවත්තලා දිනන්නේ නැති එක ගැන දැනෙන හැඟීම ඇති කරන්න හදනවා මම ඇඬුවා වගේ
worry,මම ටැකෝසෝන් ස්ථානයට ගොඩක් පරක්කු වෙලා හිටියා
neutral,ආව් ඔයා මාව අෆ්ලො කරන්නේ නැද්ද එහෙනම් මම අඬනවා
surprise,ඔයා දියවැඩියා රෝගියෙක් ඒ වගේම මගේ තාත්තා ඇම්ප් මටත් විශ්වාස නැහැ ඔයාට තාමත් දවස පුරාම සීනි කන්න අවසර තියෙනවද කියලා
love,මේක බේරගන්න බෑ කියලා මම හිතනවා
worry,ඇත්තටම මගේ සයිස් එකේ ඒවා ඉතුරු වෙලා නැහැ
happiness,මම ගොඩක් තනිකඩයන් සඳහා කුක් තේරීම් ගැන ඇත්තටම සතුටු නැහැ
empty,මට නිදාගන්න ඕනේ ඒත් මට මහන්සිත් නෑ
worry,මේ අසාත්මිකතා මට මේ අවුරුද්දේ කාලය කැමති නැහැ මේ නිසා මට කවදාවත් මේ ගැටලුව තිබුණේ නැහැ
worry,මේ අසාත්මිකතා මට මේ අවුරුද්දේ කාලය කැමති නැහැ මේ නිසා මට කවදාවත් මේ ගැටලුව තිබුණේ නැහැ
hate,මට සමාවෙන්න
sadness,කවුරුත් ඒක අල්ලගත්තා කියලා හිතුවේ නෑ
worry,තවදුරටත් කිසිදු අත්අඩංගුවට ගැනීමක් නැහැ මට දුකයි
sadness,මට සමාවෙන්න අවම වශයෙන් සිකුරාදා
sadness,රස්සාවක් ගොඩක් ඕනේ
worry,හ්ම්ම්ම් බැහැ
sadness,මම නව ට්විටර්ෆෝන් යාවත්කාලීනය බාගත කළේ ඔවුන් නව ට්වීට් සඳහා ටයිප් කිරීමේ ගැටලුව විසඳනවා යැයි සිතමින් නමුත් ඔවුන් එසේ කළේ නැත
worry,කෙල්ලෙක් දැන් මගේ සිතුවිලි වල හරිම මොට කෙනෙක් දැන් මට ආතතිකාරක කිහිපයක් එක්ක නියම දවසක් ගත කළා ගෙදර එන්න
relief,මට කේන්ති යනවා එරිකා පස්සෙන් එන්න දෙන්නෙත් නෑ
neutral,සිකුරාදා රෑ ලයිට් වල පළවෙනි කතාමාලාවේ නියමුවා හරහා යන්න මම උත්සාහ කරනවා
sadness,මම නව ට්විටර්ෆෝන් යාවත්කාලීනය බාගත කළේ ඔවුන් නව ට්වීට් සඳහා ටයිප් කිරීමේ ගැටලුව විසඳනවා යැයි සිතමින් නමුත් ඔවුන් එසේ කළේ නැත
neutral,මක්නිසාද යත් එය තවමත් ලැජ්ජාවට පත් වී ඇත
worry,නැත්නම් මාස ගානක් ගෙදර පූසන්ව හෝදන්නේ නෑ උන්ට වතුර එපා වෙනවා
sadness,ඡන්දය දීම නවත්තලා කෙටිකතාවක් දිනන්නේ නැතුව ඉන්න එක ගැන මට තවත් දැනෙන්න දෙන්න මම ඇඬුවා වගේ
neutral,මෙන්න මගේ ශුභවාදී දේවල් අපි හැමෝටම හොඳ වේවි කියලා අහන්න ලැබීම ගැන මට කණගාටුයි
hate,මගේ අම්මලා මට ඡන්දෙ දෙන එක නවත්තලා දිනන්නේ නැති එක ගැන තවත් දැනෙන්න සලස්වන්න හදනවා මම ඇඬුවා වගේ
sadness,මට එයාගේ කොණ්ඩේ හැමෝම කොහොමද කියලා බලන්න ඕනේ
sadness,මම නෙට් එකට වෛර කරනවා
boredom,ඕහ් ඔයාට රහස කියන්න බෑ
neutral,මට දුකයි
neutral,සමලිංගිකයන්ට මම අද රෑ විතරයි හැදුවේ
worry,සමහර වෙලාවට මට හිතෙනවා පසුගිය ගිම්හානයේ ආරම්භය වගේ දේවල් ආයෙත් ගියොත් හොඳයි කියලා
neutral,තවදුරටත් අත්අඩංගුවට ගැනීමක් නැහැ මට දුකයි
worry,මම සිකුරාදා නයිට් ලයිට් එකේ පළවෙනි කතාමාලාවේ නියමු කොටස හරහා යන්න උත්සාහ කරනවා
worry,ආහ් මම බලාපොරොත්තු වුණේ මට යන අතරමගදී දේවල් ටිකක් ඉගෙන ගන්න පුළුවන් වෙයි කියලා ඇයි ඔයායි මමයි වෙන වෙනම වැඩ කරන්නේ නැත්තේ ඒත්
worry,ඒක මට පිස්සු හැදෙනවා එරිකාට පස්සෙන් එන්න දෙන්නෙ නෑ
neutral,මට මිලදී ගන්න වෙලාවක් නැහැ මට අලුත් බයින්ඩර් එකක් ඕනේ
hate,කවුරුත් ඒක අල්ලගත්තේ නැහැ
relief,කිසිවෙකු යන්නේ නැහැ නයිට් එන්න පැය ගණනක් ගත වී ඇත
worry,අද මම ගෙදර ඉන්නවා මට ෆිල්ම් බලන්න බෑ
sadness,ඒක මෙහෙ නෑ මමයි තාත්තයි බෑග් පැක් කරනකොට දවල් ඉඳන් මට දාඩිය දාල නෑ
worry,ඒක හරිම වගකීම් විරහිතයි ආත්මාර්ථකාමීයි
neutral,ලෝහ ආම්පන්න ඝන ගීතය සොරකම් කළා කියලා මට විශ්වාස කරන්න බැහැ මම ගොඩක් කලකිරුණා
sadness,ගැබිනි කාන්තාවන් දුම්පානය කරනවා දකිනකොට මට ඒක හරිම වගකීම් විරහිතයි ආත්මාර්ථකාමීයි ඒක හොඳයි අන්තිමේදී බබා තමයි දුක් විඳින්නේ
hate,ගෙදරට ආපහු යනවා මොකද මම
worry,අද මම ගෙදර ඉන්නවා මට ෆිල්ම් බලන්න බෑ
worry,ගෑණු ළමයෙක් මගේ සිතුවිලි වල හරිම මෝඩයි
love,මට දැනෙනවා තවත් බල්ලෙක් නැහැ
neutral,අනේ ඔයාට රහස ගැන කියන්න බෑ
neutral,ගර්භනී කාන්තාවන් දුම්පානය කරනවා දකින විට මට වෛර කරනවා ඒක වගකීම් විරහිතයි ආත්මාර්ථකාමීයි ඒක සාද් අවසානයේ බබා දුක් විඳිනවා කියලා මට වෛර කරනවා
sadness,හ්ම් ඔව් ඒක මටම හොඳ සටහනක් වෙන්න ඇති මොකද ඊඊඊඊඊඊඊඊඊඊඊඊඊඊඊඊඊඊඊඊඊඊඊඊඊඊඊඊඊඊඊඊඊඊඊඊඊඊඊඊඊඊඊඊඊඊඊඊයේ රස්සාවක් ඕන නෑ
happiness,යෝජනාව අගය කරනවා දැන් සතියක් වෙනවා තාමත් මුදල් ආපසු ඉල්ලන්න කාලයයි
hate,මම ඔට්ටු අල්ලනවා එස්ආර් එකේ සිසිල් වෙලා කියලා හහ් ඒක මෙතන නැහැ තාත්තයි මමයි බෑග් කරනකොට දවල් ඉඳන් මම දාඩිය දැම්මේ නැහැ
sadness,මම සිකුරාදා රෑ ලයිට් වල පළවෙනි කතාමාලාවේ නියමුවා හරහා යන්න හදනවා අනේ දෙවියනේ ටිෂූ එක පාස් කරන්න
surprise,ට්විටාස්කෝප් එක මගේ මේස් රොක් කරන්නේ නැහැ දැනටමත් යනවා
love,කෙල්ලෙක් දැන් මගේ සිතුවිලි වල හරිම මොට කෙනෙක් මට ආතතිය ඇති කරන දේවල් කිහිපයක් සමඟ නියම දවසක් ගත කළා ගෙදර එන්න
sadness,ගර්භනී කාන්තාවන් දුම්පානය කරනවා දකිනකොට මට ඒක හරිම වගකීම් විරහිතයි ආත්මාර්ථකාමීයි ඒක හොඳයි අන්තිමේදී බබා තමයි දුක් විඳින්නේ
worry,නෑ ඒගොල්ලෝ ඔක්කොම නිදාගන්නේ මොකද එයාලා නැගෙනහිර වෙරළේ ජීවත් වෙන්නේ
sadness,ඇඳේ වැතිර ඉන්නවා ගොඩක් කලින්
sadness,පසුගිය ගිම්හානයේ ආරම්භයේදී තිබුණු ආකාරයට දේවල් ආපසු යන්න මම කැමතියි
neutral,ඒක පැය ගණනක් තිස්සේ හොඳටම ඇති
sadness,එයා මැරුණා ඉන්න මැජික් ජැක් ගැන මොකද මම ඒක කියෙව්වා
worry,අනේ ඔයා කොහෙද යන්නේ
sadness,අඬනවා ඒත් මට මහන්සිත් නෑ
sadness,මට සමාවෙන්න මම කලින් වගේ පෙනුනත් මම අඩුම තරමින් එළියට වෙලා ඉන්නේ නැහැ
worry,මම වූඩූ ගමේ කොටසේ කෝප් එකේ අන්තිම කොටස් වෙනකම් සෙල්ලම් කළා මගේ සුපුරුදු සහකරු නැති වෙනකම්
sadness,ඒක තේරෙන්නේ නෑ
surprise,මට ඒක මග හැරුණා
worry,ටයිපින් ගැටලුව විසඳනවා කියලා හිතලා මම අලුත් ට්විටර්ෆෝන් යාවත්කාලීනය බාගත කළා අලුත් ට්වීට් වලට ඒත් නෑ නෑ
neutral,තාම බැටළු පැටවෙකු නොමැති වීම කණගාටුවට කරුණක්
sadness,නෑ ඒ හැමෝම නිදාගෙන ඉන්නේ මොකද එයාලා නැගෙනහිර වෙරළ තීරයේ ජීවත් වෙනවා
worry,ඔයා කවදාවත් ඔයාගේ ඩීඑම් එකට උත්තර දුන්නේ නෑ මම ඔයාට තොරතුරු එව්වා
sadness,ගෙදර යන ගමන් බාල වයස්කාර ගැහැණු ළමයින් සමඟ ගනුදෙනුවක් කරනවා කෙගර්ස්ඩෑම් ගැන කතා කරන අතරතුර බස් රථයේ ජින් බොනවා මට වයසයි
neutral,මට සමාවෙන්න මම කලින් වගේ පෙනුන දේට සාපේක්ෂව මම පැත්තකට වෙලා ඉන්නේ නැහැ
sadness,අද රෑ ගෙදර ඉන්නවා
neutral,සුරතල් ගෙදරක ඉන්න අවුරුද්දක පැටියා මුළු පවුලටම ගොඩක් දුකෙන් මැරුණා
worry,නෑ ඒ හැමෝම නිදාගෙන ඉන්නේ මොකද එයාලා නැගෙනහිර වෙරළ තීරයේ ජීවත් වෙනවා
neutral,මට මිලදී ගන්න වෙලාවක් නැහැ මට අලුත් බයින්ඩර් එකක් ඕනේ
sadness,මට සමාවෙන්න අවම වශයෙන් සිකුරාදා
neutral,ඒක ඉවර වෙන්න ඕන නෑ
worry,මොකද ගුවන් සේවා හරිම දුර්වලයි
sadness,ගර්භනී කාන්තාවන් දුම්පානය කරනවා දකිනකොට මට වෛරයි
worry,මම මෙච්චර මහන්සියි
happiness,හිලින් එක්ක කාමරේ ඉන්න අයට සොම්බි ක්ලවුන් සීආර් එනකම් ඉන්න බෑ සති ගානක් යයි
sadness,ට්විටාස්කෝප් එක මගේ මේස් දැනටමත් රොක් කරන්නේ නැහැ
sadness,ඡන්දය දීම නවත්තලා කෙටිකතාවක් දිනන්නේ නැතුව ඉන්න එක ගැන මට තවත් දැනෙන්න දෙන්න මම ඇඬුවා වගේ
love,එය දීප්තිමත් විය ළඟපාත ගෑස් වැඩ අවසානයේ දැවැන්ත පිපිරීමක් සිදු විය
worry,මගේ වළලුකර උළුක්කු වුණා ඇත්තටම හොඳටම වගේ බඩු ටිකක් ඉරා දැම්මා ඒක රිදෙනවා අද මගේ උපන්දින සති අන්තය
worry,නයිට් නයිට් එය පැය ගණනක් ගත වී ඇත
hate,ඔයාලා යන එක ගැන මම කොච්චර උද්යෝගිමත්ද කියලා මම හිතුවා ඒත් ඊට පස්සේ මට තේරුණා ඔයාලා යනවා දකින්න කොච්චර දුකද කියලා
sadness,මට සමාවෙන්න මම කලින් වගේ පෙනුන දේට සාපේක්ෂව මම අඩුම තරමින් ඈත් වෙලා ඉන්නේ නැහැ
surprise,කේක් කෑල්ල අමතක වෙලා ගෙදර යනවා
worry,ගෑණු ළමයෙක් දැන් මගේ සිතුවිලි වල ඉන්නවා මට ආතතිකාරක කිහිපයක් සමඟ නියම දවසක් ගත කළා
worry,ඒ කුකීස් කන්න හොඳ නැහැ
worry,මට කිසිම දෙයක් කරන්න බෑ
hate,මට කේක් කෑල්ල අමතක වෙලා නිසා ගෙදර එන්න
worry,මගේ අම්මලා ඡන්දය දීම නවත්තලා කෙටිකතාවක් දිනන්නේ නැති එක ගැන මට දැනෙන්න සලස්වන්න උත්සාහ කරනවා මම ඇඬුවා වගේ
worry,මම එහෙම කළා ටැකෝසෝන් ස්ථානයට ගොඩක් පරක්කු වෙලා
neutral,හිටින්න ආවේ උදේ පාන්දර අන්තිම පරිච්ඡේදය කියවන්න කැමති නැති නිසා ඒක ඉවර වෙන්න මට ඕන නෑ
neutral,මගේ පොත හොයාගත්තා අද රෑ ඇත්ත කඩදාසි බැඳපු සඟරාවක් පටන් ගන්නකොට මගේ තොල් උඩින් කරදරකාරී ලපයක් තියෙනවා මට හර්පීස් තියෙනවා වගේ පේනවා
sadness,ඒක මාව අවුස්සනවා මට එරිකාට පස්සෙන් එන්න දෙන්නෙ නෑ
worry,ආපසු මුදල් නැහැ නමුත් ඔවුන් ගිණුම් ලබා ගන්නවා සතියක් වගේ යනවා සොරා හැක් භාවිතා කරන්නේ නැහැ කියලා බලාපොරොත්තු වෙනවා නැත්නම් ඒක ස්ථිරයි
worry,සතිය ඒ විදියටම තිබුණේ නැහැ
neutral,ඊව් ඩේලි පැය ගණන්
worry,ආව් ඔයාට රහස ගැන මට කියන්න බැහැ
fun,අපි වෙනසට අකමැතියි ඒ නිසා අපි ජීවිත කාලය පුරාම රසිකයන් ඕ ඒ වෙනකොට අපි කොල්ලව මුණගැහිලා නැත්නම් මොකක් හරි දරුණු වැරැද්දක් වෙලා තියෙනවා
surprise,සමලිංගිකයින්ට මම අද රෑ විතරයි හැදුවේ
neutral,අනේ ඒක නවත්තන්න යාලුවනේ
sadness,පසුගිය ගිම්හානයේ ආරම්භයේදී තිබුණු ආකාරයට දේවල් ආපසු යන්න මම කැමතියි
neutral,මම ආපහු එන්නම් මගේ සුභ පැතුම් දෙන්න
sadness,කරන්න කිසිම දෙයක් නැහැ
worry,බර්නෙට් එළියට එනවා කිසිවෙකු යන්නේ නැති උතුරට යන එක
worry,මම ටැකෝසෝන් තැනට ගොඩක් පරක්කු වෙලා හිටියා
worry,අසනීපයි
sadness,මට ඔයාව හැමදාම ඕන කියලා ඔයා කොහොමද ඒත්තු ගන්නේ මම හැමදාම දුන්න සංඥා මොනවද කියලා මම හිතන්නේ මට තව යාළුවෙක් නැති වුණා කියලා
sadness,අනේ මම හිතන්නේ මේක එහෙමයි ගොඩ ගන්න බෑ
empty,මම දන්නවා මම කලින් නරක පුරුද්දකට ඇහුම්කන් දුන්නා කියලා මම එයාගේ කොටසට බය වෙන්න පටන් ගත්තා
happiness,තාම බැටළු පැටවෙක් නැති එක කණගාටුවට කරුණක්
worry,අනේ හරිම නරකයි මම හිතනවා ඒක හොඳ වෙයි කියලා මම හිතනවා මෑතකදී මට නින්දේ ගැටළු ඇති වුණා
hate,ඊව් ඩේලි
hate,හෙට වැඩ කරන්න ඕන නෑ නමුත් මට සල්ලි ලැබෙනවා
love,අනේ නයිට් දැන් පැයකට වඩා වැඩියි
surprise,සමලිංගිකයන් සඳහා මම අද රෑ විතරයි හැදුවේ
worry,ඇත්තටම නිදිමත නැහැ කම්මැලියි ඒක තමයි හරි වචනය
sadness,පසුගිය ගිම්හානයේ ආරම්භයේදී තිබුණු ආකාරයට දේවල් ආපසු යන්න මම කැමතියි
sadness,ම්ම් ඔව් ඒක මටම කියන්න හොඳ සටහනක් වෙන්න ඇති මොකද ඊඊඊඊඊ
enthusiasm,මට ගේම් එක මග හැරුණා
neutral,ඒ නිසා ඔයාට නටන්න පුළුවන් කියලා හිතනවා
sadness,නෑ ඒ හැමෝම නිදාගෙන ඉන්නේ මොකද එයාලා නැගෙනහිර වෙරළ තීරයේ ජීවත් වෙන්නේ
worry,මම හොඳ නම්
happiness,හිලින් එක්ක කාමරේ ඉන්න අයට සොම්බි ක්ලවුන් සීආර් එනකම් ඉන්න බෑ සති ගානක් යයි
worry,දැන් මට ඉරුවාරදය නවත්තන්න ඕන
enthusiasm,මම ඔර්ලන්ඩ් එකට යන්නම්
sadness,අනේ නයිට් පැය ගානක් ගියා
neutral,ඇත්තටම නිදිමත නෑ කම්මැලියි කියන එක තමයි හරි වචනය ආයෙත් එච්චර වැඩක් නෑ
sadness,එක පාරක් හහා දුප්පත් අබී තාමත් රිදෙනවා
neutral,අපි හැමෝටම හොඳ වෙයි කියලා අහන්න ලැබීම ගැන මට කණගාටුයි
neutral,ඔහ් ගිගුරුම් සහිත වැස්සක් ඇයි එයාලා හැම විටම විදුලිය විසන්ධි කරන්න ඕනේ
relief,ගැහැණු ළමයෙක් මොට කෙනෙක් දැන් මගේ සිතුවිලි වල හරිම අපූරු දවසක් තිබුණා ආතතිය ඇති කරන දේවල් කිහිපයක් එක්ක ගෙදර එන්න
worry,හරිම කරකැවිල්ලක් දැනෙනවා
worry,අද ඉඳන් සංචාරකයින් සඳහා එපිසෙන්ටර් වීලොක් ස්ථාන ඒකක ඇම්ප්
sadness,මුදල් ආපසු ගෙවීමක් නැත නමුත් ඔවුන් ගිණුම් ලබා ගැනීමට සතියක් වගේ කාලයක් ගත වෙනවා සොරා හැක් භාවිතා කරන්නේ නැහැ කියලා බලාපොරොත්තු වෙනවා නැත්නම් ඒක ස්ථිරයි
worry,මුදල් ආපසු ගෙවීමක් නැහැ නමුත් ඔවුන් ගිණුම් නැවත ලබා ගන්නවා සොරා හැක් භාවිතා කරන්නේ නැහැ කියලා බලාපොරොත්තු වෙනවා නැත්නම් ඒක ස්ථිරයි
neutral,මම නිදාගන්න කියලා හිතාගෙන ඉන්නවා
hate,ආ හැමෝටම ඇරෝයෝ පවුල වෙනුවෙන් යාච්ඤා කරන්න
sadness,අනේ කමක් නැහැ මම හිතන්නේ මේක බේරගන්න බෑ
happiness,කවුරුත් ඒක අල්ලගත්තේ නැහැ
neutral,මට කේක් කෑල්ල අමතක වෙලා නිසා ගෙදර ආපහු යනවා
sadness,ඔව් සුෂි කන්න පිනොචියෝස් වලට යන්න ටිකක් දුර වැඩියි
relief,හහහ අනිත් අය එක්ක ගායනා කළොත් ඒක භයානක නැහැ ඒක වැඩ කරන්න පුළුවන් කියලා මට විශ්වාසයි
happiness,කවුරුත් ඒක අල්ලගත්තා කියලා හිතුවේ නැහැ
worry,මම ගැබිනි කාන්තාවන් දුම්පානය කරනවා දකිනකොට මට වෛරයක් දැනෙනවා ඒක හරිම වගකීම් විරහිතයි ආත්මාර්ථකාමීයි ඒක තමයි අන්තිමේදී බබා දුක් විඳින කෙනා
sadness,ඇඳේ වැතිරිලා ඉන්නවා ගොඩක් කලින්
surprise,ගෑණු ළමයෙක් දැන් මගේ සිතුවිලි වල හරිම මෝඩයි
worry,ආපසු මුදල් නැහැ නමුත් ඔවුන් ගිණුම් ලබා ගන්නවා සතියක් වගේ යනවා සොරා හැක් භාවිතා කරන්නේ නැහැ කියලා බලාපොරොත්තු වෙනවා නැත්නම් ඒක ස්ථිරයි
empty,ඒක මාව අවුස්සනවා එරිකාට පස්සෙන් එන්න දෙන්නෙත් නෑ
neutral,මට බැරි වුණු නිසා දුකයි කොල්ලො එක්ක සෙල්ලම් කරන්න
hate,හෙට වැඩ කරන්න ඕන නෑ නමුත් මට සල්ලි ලැබෙනවා
neutral,උදේ දෙතුන් පාරක් උදේ පාන්දරින්ම ආපහු යන්න
neutral,ඒක ඉවර වෙන්න ඕන නෑ
neutral,ගුවන් සේවා ඉතා දුර්වලයි
sadness,අනේ එක විනාඩියක්වත් පරක්කු නැහැ ඕ හොඳයි
sadness,ඇඳේ වැතිරෙනවා ගොඩක් කලින්
worry,අව්වේ විනෝද වුණා හ්ම්ම් ඒක සීතලයි
worry,ආපසු මුදල් නැහැ නමුත් ඔවුන් ගිණුම් ලබා ගන්නවා සතියක් වගේ ගත වෙනවා සොරා හැක් කරන්නේ නැහැ කියලා බලාපොරොත්තු වෙනවා නැත්නම් ඒක ස්ථිරයි
neutral,මම ටැකෝසෝන් ස්ථානයට ගොඩක් පරක්කු වෙලා හිටියා
enthusiasm,දැන් මට කිසිම දෙයක් කරන්න බෑ
happiness,යෝජනාව අගය කරනවා දැන් සතියක් වෙනවා තාමත් මුදල් ආපසු ඉල්ලන්න කාලයයි
worry,ඊව්ව් අකමැතියි
worry,ඔයා කවදාවත් ඔයාගේ ඩීඑම් එකට උත්තර දුන්නේ නෑ මම ඔයාට තොරතුරු එව්වා
worry,මට නිදාගන්න බෑ නමුත් මට චලනය වෙන්න අමාරුයි
neutral,මාර්ගයෙන් එහා පැත්තේ ඉන්න කාන්තාවට ගබ්සාවක් වුණා යාච්ඤාවක් කියන්න
hate,ගෙදරට ආපහු යනවා මොකද මම
neutral,ලෝහ ආම්පන්න ඝන ගීතය සොරකම් කළා කියලා මට විශ්වාස කරන්න බැහැ මම ගොඩක් කලකිරුණා
happiness,මම හිතන්නේ මගේ උගුර ඇත්තටම රිදෙනවා
happiness,ඔව් මම නැගිටින්න ඕනේ
hate,කවුරුත් හිතුවේ නැහැ තේරුනා
neutral,මට මෑතකදී ටොන් ගණනක් බර වැඩි වුණා කියලා මගේ අවධානයට ලක් වෙලා තියෙනවා ඔහු දැනගෙන හිටියේ නැහැ ඒ මම කියලා
neutral,ගුවන් ටිකට්පත් මෙච්චර මිල අධික ඇයි
sadness,තවමත් බැටළු පැටවෙකු නොමැති වීම කණගාටුවට කරුණක්
worry,මොකද ගුවන් සේවා හරිම දුර්වලයි
worry,අසනීපයි
neutral,අනේ කමක් නෑ මේක ගොඩ ගන්න බෑ කියලා මම හිතනවා
neutral,කේක් කෑල්ල ලැබුණා
neutral,මම හිතන්නේ ඒක සිසිල් වෙලා කියලා හහ් ඒක මෙතන නැහැ තාත්තයි මමයි බෑග් හදනකොට දවල් ඉඳන් මම දහවල් ඉඳන් දහඩිය දැම්මේ නැහැ
sadness,ෂින් ඒ විවාහ වුණු එක ගැන දුකයි ඇලෙක්ස්ට නෙවෙයි
worry,මට නිදාගන්න ඕනේ ඒත් මට මහන්සිත් නෑ
hate,මට කේක් කෑල්ල අමතක වෙලා නිසා ගෙදර එන්න
worry,මට වෝබිස් නැතුව පාලුයි
sadness,මට ඇත්තටම ගනුදෙනු කරන්න ඕන නෑ
sadness,අනුමාන කරන්න බෑ කෙල්ලේ මම තාමත් ජිම් එකේ වැඩ කරනවා
neutral,මම ඔට්ටු අල්ලනවා එස්ආර් එකේ සිසිල් වෙලා කියලා හහ් ඒක මෙතන නැහැ තාත්තයි මමයි බෑග් කරනකොට දවල් ඉඳන් මම දහවල් ඉඳන් දහඩිය දැම්මේ නැහැ
surprise,අනේ ඔයාට රහස ගැන කියන්න බෑ
neutral,අනෙක් අයගේ ජීවිත පිළිබඳ ටැබ්ලොයිඩ් කියවීම සිතමින් මගේ බබා ගියාම මම මගේ එක්ක මොකද කරන්නේ
sadness,මම අලුත් ට්විටර්ෆෝන් යාවත්කාලීනය බාගත කළේ ඔවුන් අලුත් ට්වීට් සඳහා ටයිප් කිරීමේ ගැටලුව විසඳනවා කියලා හිතාගෙන නමුත් නැහැ ඔවුන් එසේ කළේ නැහැ
worry,හොඳයි උදේ මිනිස්සු හිරු එළිය වැටෙනවා වසන්තයේ දැන් අපිට අපේ පළමු වසන්ත හිම කැට කුණාටුව ආවා මගේ කාර් එකට දැන් ඩිම්පල් තියෙනවා
neutral,රතු යක්ෂයෝ හරිම කණගාටුදායකයි අවම වශයෙන් කිව යුතුයි
worry,මට මෑතකදී ටොන් ගණනක් බර වැඩි වුණා කියලා මගේ යාළුවෙක්ගෙන් මට ආරංචි වුණා ඒ මම කියලා එයා දැනගෙන හිටියේ නැහැ
neutral,මම දෙමාපිය පාලනය බලාගෙන හිටියා
sadness,මට සමාවෙන්න අවම වශයෙන් සිකුරාදා
neutral,මට මෑතකදී බර වැඩි වෙලා ටොන් එකක් වැඩි වෙලා කියලා මගේ යාළුවෙක්ගෙන් ඒක ඇහුණා එයා දැනගෙන හිටියේ නෑ ඒ මම කියලා
worry,මම ගිටාර් වලට ආදරෙයි ඒවා වාදනය කරනවා මම හිතන්නේ මම හොඳ නම් ඒවා සුපිරියටම ඇහෙනවා
sadness,මම දන්නවා මම ඔයා නැතුව සාදයක් කරනවා
neutral,ම්ම් ඔව් ඒක මටම හොඳ සටහනක් වෙන්න ඇති මොකද ඊඊ මිල අධිකයි
worry,ඔයා කවදාවත් ඔයාගේ ඩීඑම් එකට උත්තර දුන්නේ නෑ මම ඔයාට තොරතුරු එව්වා
sadness,මම අද රෑ විතරයි හැදුවේ
worry,මගේ අම්මලා මට ඡන්දය දීම නවත්තලා දිනන්නේ නැති එක ගැන තවත් හැඟීමක් ඇති කරන්න හදනවා මම ඇඬුවා වගේ
worry,ගුවන් සේවා සුපිරි කොරයි
neutral,ම්ම් ඔව් ඒක මටම හොඳ සටහනක් වෙන්න ඇති මොකද ඊඊ ගමේ කොටසේ ගෙදර වැඩ කරනකොට මගේ සුපුරුදු සහකරු නැති වෙනකම්
worry,මගේ යාළුවෙක්ගෙන් ඒක ඇහිලා තියෙනවා මෑතකදී මම බර වැඩි වුණා එයා දැනගෙන හිටියේ නැහැ
sadness,ඇත්තටම නිදිමත නැහැ කම්මැලියි කියන එක තමයි ආයෙත් හරි වචනය වැඩි වැඩ නැහැ
sadness,මම එතන හිටියා නම් හොඳයි
surprise,මම දකින විට මට වෛර කරනවා ගැබිනි කාන්තාවන් දුම්පානය කරනවා ඒක හරිම වගකීම් විරහිතයි ආත්මාර්ථකාමීයි ඒක තමයි අන්තිමේදී බබා දුක් විඳින කෙනා
surprise,තාම ඒකෙ බැටළු පැටවෙක් නැති එක කණගාටුවට කරුණක්
neutral,මමත්
neutral,මල්ලි බ්ලූම් මේ සති අන්තයේ එල් පැසෝ හි විවෘත නොකරනු ඇත ඉල් ගඩොල් මිලදී ගෙන එය භුක්ති විඳින්න මට සහෝදරයන් බ්ලූම් කරන ආකාරය දැකගත හැකි වන තුරු
worry,මම ගිටාර් වලට ආදරෙයි ඒවා වාදනය කරනවා මම හිතන්නේ මම හොඳ නම් ඒවා සුපිරියටම ඇහෙනවා
sadness,මට සමාවෙන්න මම කලින් වගේ පෙනුන දේට සාපේක්ෂව මම අඩුම තරමින් ඈත් වෙලා ඉන්නේ නැහැ
sadness,ආපසු මුදල් නැහැ නමුත් ගිණුම් නැවත ලබා ගන්නවා සොරා හැක් කරන්නේ නැහැ කියලා බලාපොරොත්තුවෙන් සතියක් වගේ ගත වෙනවා
sadness,එබී බලන්න තවමත් මෙතන විනෝදජනක වෙලාවල් නිදාගන්න ඕනේ වැඩ කරන්න මෙතන ටිකක් සිසිල් ගැහැණු ළමයි ඉන්නවා නමුත් ඇයව මග හැරීම තරම් සිසිල් නැහැ
worry,මුදල් ආපසු ගෙවීමක් නැහැ නමුත් ගිණුම් නැවත ලබා ගැනීමට සතියක් ගත වෙනවා සොරා හැක් කරන්නේ නැහැ කියලා බලාපොරොත්තු වෙනවා නැත්නම් ඒක ස්ථිරයි
sadness,අනුමාන කරන්න බෑ කෙල්ලේ මම තාමත් ජිම් එකේ වැඩ කරනවා
worry,කේක් කෑල්ල අමතක වෙලා නිසා ගෙදර ආපහු යනවා
worry,හොඳයි පැවරුම් සඳහා වැඩි කාලයක් ගත වෙනවා
sadness,වරකු රස නැති සහ මිල අධික කොටස හරිම අඩුයි වරකු
worry,මට පීඩනකාරක කිහිපයක් එක්ක නියම දවසක් තිබුණා
worry,බොරු බොරු
neutral,මම අවධානය යොමු කළේ ටොම් ගැන ගොඩක් මම මගේ ආදරණීය බැරැක්ව දැක්කේ නැහැ අනේ නෑ මම දෙකටම ඡන්දය දෙන්න ඕනේ දුප්පත් ජනාධිපතිට ඡන්ද විතරයි තියෙන්නේ
neutral,අනේ ඒක නවත්තන්න යාලුවනේ
sadness,අද ගණිත පරීක්ෂණයක් කළා
sadness,මට සමාවෙන්න මම කලින් වගේ පෙනුන දේට සාපේක්ෂව මම අඩුම තරමින් ඈත් වෙලා ඉන්නේ නැහැ
worry,මට පීඩනකාරක කිහිපයක් එක්ක නියම දවසක් තිබුණා
neutral,ඊව් අකමැතියි
sadness,ගර්භනී කාන්තාවන් දුම්පානය කරනවා දකිනකොට මට වෛරයි
sadness,නමුත් මට සුලු ගැන ගැටළු ඇති වුණා
neutral,මට සමාවෙන්න මම කලින් වගේ පෙනුන දේට සාපේක්ෂව මම පැත්තකට වෙලා ඉන්නේ නැහැ
worry,ටයිපින් ගැටලුව විසඳනවා කියලා හිතලා මම අලුත් ට්විටර්ෆෝන් යාවත්කාලීනය බාගත කළා අලුත් ට්වීට් වලට ඒත් නෑ නෑ
worry,ඊව් ඩේලි
neutral,තවදුරටත් අත්අඩංගුවට ගත්තු සංවර්ධනයක් නෑමට දුකයි
worry,ආහ් මම බලාපොරොත්තු වුණේ මට යන අතරමගදී දේවල් ටිකක් ඉගෙන ගන්න පුළුවන් වෙයි කියලා ඇයි ඔයායි මමයි වෙන වෙනම වැඩ කරන්නේ නැත්තේ ඒත්
sadness,පළමු කොටසේ නියමුවා හරහා යන්න උත්සාහ කරනවා
sadness,මම අද රෑ විතරයි හැදුවේ
boredom,මගේ ශුභවාදී බව අහන්න ලැබීම ගැන මට කණගාටුයි අපි හැමෝටම දේවල් හොඳ වේවි කියලා
worry,ඇඳේ වැතිරිලා ඉන්නවා
hate,අනේ ඔයාට රහස කියන්න බෑ
neutral,උදේ දෙතුන් පාරක් උදේ පාන්දරින්ම ආපහු යන්න
worry,සෑම දෙයක්ම ගැන බොරු කියන්න බැහැ
sadness,මොකද ගුවන් සේවා හරිම දුර්වලයි
sadness,මට මගේ බලු පැටියා නැතුව පාලුයි
sadness,ට්විටාස්කෝප් එක මගේ මේස් දැනටමත් හොල්ලන්නේ නැහැ
worry,ඇඳේ වැතිර ඉන්නවා ගොඩක් වේලාසනයි
enthusiasm,ගැබිනි කාන්තාවන් දුම්පානය කරනවා දකිනකොට මට ඒක හරිම අසාධාරණයි
love,තවදුරටත් අත්අඩංගුවට ගත්තු සංවර්ධනයක් නෑ මට දුකයි
sadness,මම ඔරිජිනල් එකේ යන්නම්
happiness,මම දැන් ඒ වැඩේ කරනවා
neutral,ගර්භනී කාන්තාවන් දුම්පානය කරනවා දකිනකොට මට ඒක හරිම වගකීම් විරහිතයි ආත්මාර්ථකාමීයි ඒක තමයි අන්තිමේදී බබා දුක් විඳින්නේ
sadness,මගේ අම්මලා ඡන්දය දීම නවත්තන එක ගැන සහ කෙටි කාලයක් දිනන්නේ නැති එක ගැන මට දැනෙන්න සලස්වන්න හදනවා මම ඇඬුවා වගේ
relief,මගේ ඔලුව නිතරම හැදෙන එක නරක හිසරදයක් වෙන්න කලින් මට මේක බලන්න හිතෙන්නේ නෑ
sadness,මම ඔට්ටු අල්ලනවා එස්ආර් එකේ සිසිල් වෙලා කියලා හහ් ඒක මෙතන නැහැ තාත්තයි මමයි බෑග් කරනකොට දවල් ඉඳන් මම දාඩිය දැම්මේ නෑ
surprise,මට නරකක් දැනෙනවා දැන් මගේ අම්මා ගැන නරක ආරංචියක් ලැබුණා
neutral,මම බාගත කළා අලුත් ට්විටර්ෆෝන් යාවත්කාලීන කිරීම හිතුවේ අලුත් ට්වීට් වල ටයිප් කිරීමේ ගැටලුව විසඳනවා කියලා නමුත් නැහැ
worry,ආහ් නයිට් ඒක පැය ගණනක් ගත වෙලා තියෙනවා
worry,බර්නෙට් එළියට එනවා කිසිවෙකු යන්නේ නැති උතුරට යන එක
worry,කෙල්ලෙක් මොට කෙනෙක් මගේ සිතුවිලි වල හරිම මෝඩයි දැන් මට ආතතිකාරක කිහිපයක් සමඟ ඇත්තෙන්ම හොඳ දවසක් තිබුණා ගෙදර එන්න
neutral,මමත්
worry,කෙල්ලෙක් මොට කෙනෙක් මගේ සිතුවිලි වල හරිම ලස්සනයි දැන් මට ආතතිකාරක කිහිපයක් සමඟ නියම දවසක් තිබුණා ගෙදර එන්න
worry,අනේ දෙවියනේ ටිෂූ එක දාන්න
surprise,ඇත්තටම නිදිමත නැහැ කම්මැලියි කියන එක තමයි හරි වචනය ආයෙත් එච්චර වැඩක් නෑ
neutral,උපායශීලී වැරැද්දක්
neutral,මෙන්න මගේ ශුභවාදී දේවල් හැමෝටම හොඳ වෙයි කියලා අහන්න ලැබීම ගැන මට කණගාටුයි අපේ
worry,මගේ අම්මලා ඡන්දය දීම නවත්තලා කෙටිකතාවක් දිනන්නේ නැති එක ගැන මට දැනෙන්න සලස්වන්න උත්සාහ කරනවා මම ඇඬුවා වගේ
surprise,ඇඳේ වැතිර ඉන්නවා වේලාසන වැඩියි
worry,කෙල්ලෙක් මොට කෙනෙක් මගේ සිතුවිලි වල හරිම ලස්සනයි දැන් මට ආතතිකාරක කිහිපයක් සමඟ නියම දවසක් තිබුණා ගෙදර එන්න
sadness,ගර්භනී කාන්තාවන් දුම්පානය කරනවා දකිනකොට මට වෛරයි
worry,රිවීව් ගිණුම් සතියක් වගේ යනවා හොරා හැක් කරන්නේ නැහැ කියලා බලාපොරොත්තු වෙනවා නැත්නම් ඒක පර්මබන්
worry,මම ගිටාර් වලට ආදරෙයි ඒවා වාදනය කරනවා මම හිතන්නේ ඒවා සුපිරියටම ඇහෙනවා
worry,වැඩසටහන් සඳහා තවත් කාලයක් ගත වෙනවා
neutral,ඒක මගේ හිතේ තියෙනවා
enthusiasm,රැකියාවෙන් නිවාඩු ගන්න බැරි වෙන්නවත් ගමනට සල්ලි තියෙන්නවත් බැරි වීම හරිම දුකයි
sadness,කුණාටුව ඇවිත් විදුලිය නැති වෙලා
worry,රිෆන්ඩ් නෑ ඒත් ඒවා රිප්ට් කරනවා
hate,සිකුරාදා රෑ ලයිට් වල පළමු කතාමාලාවේ නියමුවා හරහා යන්න මම උත්සාහ කරනවා අනේ දෙවියනේ ටිෂූ එක පහු කරන්න
sadness,මගේ ශුභවාදී බව අහන්න ලැබීම ගැන මට කණගාටුයි අපි හැමෝටම දේවල් හොඳ වෙයි
worry,මම වැඩ කරන තැන
worry,මම මුදල් ආපසු ගෙවන්නේ නැහැ නමුත් ඔවුන් ගිණුම් නැවත ලබා ගන්නවා සොරා හැක් කරන්නේ නැහැ කියලා බලාපොරොත්තු වෙනවා නැත්නම් ඒක ස්ථිරයි
neutral,මම දැන් යන්නෙ නෑ කෙල්ලේ මම තාමත් ජිම් එකේ වැඩ කරනවා
neutral,ඊව් ඩේලි පැය ගණන්
worry,මුදල් ආපසු ගෙවීමක් නැහැ නමුත් ගිණුම් නැවත ලබා ගැනීමට සතියක් ගත වෙනවා සොරා හැක් කරන්නේ නැහැ කියලා බලාපොරොත්තු වෙනවා නැත්නම් ඒක ස්ථිරයි
love,එකඟ වුණා
sadness,නෑ ඒගොල්ලෝ ඔක්කොම නිදාගෙන ඉන්නේ මොකද එයාලා නැගෙනහිර වෙරළේ ජීවත් වෙන්නේ
neutral,මට ප්ලගර් කිරීම මග හැරෙනවා යැයි පවසයි
sadness,ඇත්තටම නිදිමත නැහැ කම්මැලියි කියන එක තමයි හරි වචනය
neutral,අනුමාන කරනවා ඒක නම් එපා කෙල්ලේ මම තාමත් ජිම් එකේ ඉන්නේ උදේ පාන්දර වැඩ කරනවා
sadness,කේක් කෑල්ල අමතක කරපු නිසා ආපහු ගෙදර යනවා
sadness,මම සිකුරාදා රෑ ලයිට් වල පළවෙනි කතාමාලාවේ නියමුවා හරහා යන්න හදනවා අනේ දෙවියනේ ටිෂූ එක දාන්න
hate,ඒක මට පිස්සු හැදෙනවා එරිකාට පස්සෙන් එන්න දෙන්නෙ නෑ
hate,වචන ලිංගිකත්වයට පස්සේ ඒක කවදාවත් පටන් ගත්තේ නෑ
sadness,ලූක් විශ්වාසයි
sadness,එය බැටළු පැටවෙකු නොමැති වීම කණගාටුවට කරුණකි
neutral,අවසානයේ බබා තමයි දුක් විඳින්නේ
neutral,බොරු කියනවා
neutral,නින්ද යන්න බැහැ
empty,ඒක මාව අවුස්සනවා මට එරිකා පස්සෙන් එන්න දෙන්නෙ නෑ
neutral,ඒක ඉවර වෙන්න ඕන නෑ
worry,ඒක මට කරදරයක්
neutral,මට නිදාගන්න ඕනේ නමුත් මට මහන්සිත් නැහැ
sadness,අනේ කමක් නැහැ මම හිතන්නේ මේක බේරගන්න බෑ
hate,අනේ ඔයාට රහස කියන්න බෑ
worry,ගුවන් සේවා ඉතා දුර්වලයි
worry,ආහ් මම බලාපොරොත්තු වුණේ මට යන අතරමගදී දේවල් ටිකක් ඉගෙන ගන්න පුළුවන් වෙයි කියලා ඇයි ඔයායි මමයි වෙන වෙනම වැඩ කරන්නේ නැත්තේ ඒත්
sadness,කේක් කෑල්ල අමතක කරපු නිසා ආපහු ගෙදර යනවා
happiness,ඔව් මම නැගිටින්න ඕනේ
worry,මම සිකුරාදා නයිට් ලයිට් එකේ පළවෙනි කතාමාලාවේ නියමු කොටස හරහා යන්න උත්සාහ කරනවා
worry,කෙල්ලෙක් දැන් මගේ සිතුවිලි වල හරිම මොට කෙනෙක් දැන් මට ආතතිකාරක කිහිපයක් එක්ක නියම දවසක් ගත කළා ගෙදර එන්න
worry,අවසානයේ බබා තමයි දුක් විඳින්නේ
sadness,තාමත් ඒකට බැටළු පැටවෙක් නැති එක කණගාටුවට කරුණක්
surprise,මට නරකක් දැනෙනවා දැන් මගේ අම්මා ගැන නරක ආරංචියක් ලැබුණා
worry,මෙන්න මගේ ශුභවාදී බව අහන්න ලැබීම ගැන මට කණගාටුයි
hate,නින්දට ගියා ඒත් ලොකු භීතිකාවක් නිසා ඇඳෙන් නැගිට්ටා දැන් මට නිදාගන්න පුළුවන්ද කියලා මට විශ්වාස නෑ
happiness,නයිට් එන්න පැය ගණනක් ගත වී ඇත
surprise,අම්මේ අනුගාමිකයින් නැති කරගන්න එක දිගටම කරගෙන යන්න මේක හරිම දුකයි මට දවසක් ඕනේ ඒක තමයි මගේ ඉලක්කය
neutral,ඒක ගල් සීතලයි පිස්සුවක්
worry,කවුරුත් ඒක අල්ලගෙන හිටියේ නැහැ
surprise,මම මගේ කකුල පුරාම බියර් හැලුවා ගෙදර මගේ බියර් භාගයක් නාස්ති කළා දැන් මට හුරුබුහුටි ගැහැණු ළමයෙක් මුණගැහුණා හොඳ සංවාදයක්
worry,හ්ම් ඔව් ඒක මටම හොඳ සටහනක් වෙන්න ඇති මොකද ඊඊඊඊඊඊඊඊඊඊඊඊඊඊඊඊඊඊඊඊඊඊඊඊඊඊඊඊඊඊයේ රස්සාවක් ඕන නෑ
worry,මගේ අම්මලා මට ඡන්දය දීම නවත්තලා දිනන්නේ නැති එක ගැන දැනෙන්න දෙන්න හදනවා මම ඇඬුවා වගේ
sadness,මගේ ට්විටර් එක ආයෙත් හැක් කරලා තියෙනවා
love,වයිකොනෙඩුමාරන් එල්ටීටීඊ වගේ යාළුවෝ එක්ක වැරදි වෙලාවක වැරදි උපදෙස් ඕන වුණේ නෑ වැරදි වෙලාවට වැරදි උපදෙස් ඕන තරම් මරණ වලට හේතු වුණා ඒ වගේම නැති වුණු හේතුවක් නිසා
worry,ගෑණු ළමයෙක් දැන් මගේ සිතුවිලි වල හරිම ලස්සන දවසක් ආතතිය ඇති කරන දේවල් කීපයක් එක්ක ගෙදර එන්න
sadness,එය බැටළු පැටවෙකු නොමැති වීම කණගාටුවට කරුණකි
worry,ඒ කතාව පෘතුගාලයේ ජීවත් වීම මතක් කරනවා
sadness,අද රෑ බාර් එකේ ඇඟිල්ලක් කැඩුනා කියලා මම හිතනවා ස්ටෙපින් එකට ස්තූතියි බීමත් කෙල්ල මගේ හැමතැනම ස්ටෙපින් කළාට
worry,නෑ ඒ හැමෝම නිදාගෙන ඉන්නේ මොකද එයාලා නැගෙනහිර වෙරළේ ජීවත් වෙන නිසා
worry,ම්ම් ඔව් ඒක මටම හොඳ සටහනක් වෙන්න ඇති මොකද ඊඊඊඊඊ
sadness,මම ටැකෝසෝන් එකට ගොඩක් කිට්ටුවෙන් හිටියා
love,තවදුරටත් අත්අඩංගුවට ගත්තු සංවර්ධනයක් නෑ මට දුකයි
hate,මගේ අම්මලා මට ඡන්දෙ දෙන එක නවත්තලා දිනන්නේ නැති එක ගැන තවත් දැනෙන්න සලස්වන්න හදනවා මම ඇඬුවා වගේ
sadness,ෂින් ඒ විවාහ වුණු එක ගැන දුකයි ඇලෙක්ස්ට නෙවෙයි
empty,ඒක හරියට තඩ් ගහනවා
neutral,සමාජය උද්දීපනය වෙලා නැත්නම් හෙට නොවෙන්න පුළුවන්
worry,මම මෙච්චර මහන්සියි
neutral,ගර්භනී කාන්තාවන් දුම්පානය කරනවා දකිනකොට මට වෛරයි ඒක හරිම වගකීම් විරහිතයි ආත්මාර්ථකාමීයි ඒක හොඳයි අන්තිමට බබා තමයි දුක් විඳින්නේ
love,එය දීප්තිමත් විය ළඟපාත ගෑස් වැඩ අවසානයේ දැවැන්ත පිපිරීමක් සිදු විය
neutral,මෙන්න මගේ ශුභවාදී දේවල් හැමෝටම හොඳ වෙයි කියලා අහන්න ලැබීම ගැන මට කණගාටුයි අපේ
sadness,අපි
worry,මුදල් ආපසු ගෙවීමක් නැහැ නමුත් ඔවුන් ගිණුම් නැවත ලබා ගන්නවා සොරා හැක් භාවිතා කරන්නේ නැහැ කියලා බලාපොරොත්තු වෙනවා නැත්නම් ඒක ස්ථිරයි
love,ආව් ඔයාට රහස ගැන මට කියන්න බැහැ
neutral,මට ඉක්මනින් නිදාගන්න ඕනේ
relief,බොරුකියාඔයාට හැමදේටම බොරු කියන්න බෑ
sadness,උත්තරයෙන් එළියට එනවා බර්නෙට් එක උතුරට කිසිවෙකු යන්නේ නැහැ
surprise,ඒක මාව අවුස්සනවා මට එරිකා පසුපස යන්න දෙන්නේ නැහැ
sadness,මම ගොඩක් මහන්සියි
worry,මගේ යාළුවෙක්ගෙන් මට ඇහුණා මෑතකදී මම බර වැඩි වුණා කියලා එයා දැනගෙන හිටියේ නැහැ ඒ මම කියලා
empty,ඒක හරියට තඩ් ගහනවා
sadness,වැස්ස මැදින් ගෙදර යන්න එච්චර ආසාවක් නෑ
worry,මට වෝබිස් නැතුව පාලුයි
worry,අවසානයේ බබා තමයි දුක් විඳින්නේ
sadness,ගර්භනී කාන්තාවන් දුම්පානය කරනවා දකිනකොට මට ඒක හරිම වගකීම් විරහිතයි ආත්මාර්ථකාමීයි ඒක හොඳයි අන්තිමේදී බබා තමයි දුක් විඳින්නේ
love,තවදුරටත් සංවර්ධනයක් අත් අඩංගුවට ගත්තේ නැහැ මට දුකයි
neutral,ඔයාව රවට්ටන්න මට සති විතරයි තියෙන්නේ
hate,මෑතකදී මම ටොන් ගණනක් බර වැඩි කර ගත් ඔබේ මිතුරෙකුගෙන් එය මගේ අවධානයට ලක්ව ඇත ඔහු ඒ මම කියලා දැන සිටියේ නැත
worry,අසනීපයි
neutral,අනේ ඒක නවත්තන්න යාලුවනේ
neutral,මම දන්නවා නමුත් මම කිව්වා වගේ මේ දේවල් ගැන විමර්ශනය කරන්න එයාලට කොච්චර කාලයක් ගතවෙයිද කියලා මට අදහසක් නැහැ
neutral,ඔව් මට හොඳටම නින්ද ගිහින් නැති නිසා මම අම්මාව ඇහැරෙව්වා මොකද මම ගායනා කරමින් හිටියා ඇය ඔයා ගැන පැහැදීමක් නෑ
sadness,ඒක තේරෙන්නේ නෑ
worry,ඒක මාව අවුස්සනවා මට එරිකාට පස්සෙන් එන්න දෙන්නේ නැහැ
worry,මම මුදල් ආපසු ගෙවන්නේ නැහැ නමුත් ඔවුන් ගිණුම් නැවත ලබා ගන්නවා සොරා හැක් කරන්නේ නැහැ කියලා බලාපොරොත්තු වෙනවා නැත්නම් ඒක ස්ථිරයි
hate,මගේ ට්විටර් එක ආයෙත් හැක් කරලා
love,ඊයේ රෑ අන්තර්ජාලය නැහැ
neutral,ඒගොල්ලෝ කිව්වා මම ඒක කරන්නම් කියලා
sadness,මම දන්නවා මම ඔයා නැතුව සාදයක් කරනවා
surprise,මියාවේ හෝ වොට් වල මගේ හොඳම මිතුරන් කොහෙද
empty,මම දන්නවා මම කලින් නරක පුරුද්දකට ඇහුම්කන් දුන්නා කියලා මම එයාගේ කොටසට බය වෙන්න පටන් ගත්තා
enthusiasm,යාලුවො එක්ක ඉක්මනින් කාලය ගත කරන්න කැමතියි
neutral,නාන්න යන්න
surprise,සමලිංගිකයන් සඳහා මම අද රෑ විතරයි හැදුවේ
neutral,කවුරුත් ඒක අල්ලගෙන හිටියේ නැහැ
sadness,නිදාගන්න එපා
sadness,අද ගණිත පරීක්ෂණයක් කළා
worry,සතිය ඒ විදියටම තිබුණේ නැහැ
sadness,මට ලස්සන වෙරළක් ගැන සිහිනයක් තිබුණා මම අවදි වන විට වෙරළක් තිබුණේ නැහැ
worry,මට හරිම අපහසුතාවයක් දැනෙනවා තවත් බල්ලෙක් නැහැ
worry,මම ටැකෝසෝන් තැනට ගොඩක් පරක්කු වෙලා හිටියා
happiness,ඒක නම් හරිම කරදරයක්
enthusiasm,යාලුවො එක්ක ඉක්මනින් කාලය ගත කරන්න කැමතියි
neutral,ඒක මාව අවුස්සනවා එරිකාට පස්සෙන් එන්න දෙන්නේ නැහැ
neutral,මට කේක් කෑල්ල අමතක වුණු නිසා ආපහු ගෙදර යනවා
worry,මම හිතන්නේ ඒ වෝග් එක මට ටිකක් රිදෙනවා කියලා
hate,හෙට වැඩ කරන්න ඕන නෑ නමුත් මට සල්ලි ලැබෙනවා
anger,ආපසු මුදල් නැත නමුත් ඔවුන් ගිණුම් නැවත ලබා ගන්නවා සොරා හැක් භාවිතා කරන්නේ නැහැ කියලා බලාපොරොත්තු වෙනවා නැත්නම් ඒක ස්ථිරයි
sadness,මම ටැකෝසෝන් එකට ගොඩක් කිට්ටුවෙන් හිටියා
worry,මම හිතන්නේ ඒ වෝග් එක මට ටිකක් රිදෙනවා කියලා
sadness,මම දන්නවා මම ඔයා නැතුව සාදයක් කරනවා
worry,මගේ ශුභවාදී දේවල් අපි හැමෝටම හොඳ වේවි කියලා අහන්න ලැබීම ගැන මට කණගාටුයි
neutral,මම අද රෑ විතරයි සමලිංගිකයින්ට හැදුවේ
neutral,ඒක මාව අවුස්සනවා එරිකාට පස්සෙන් එන්න දෙන්නේ නැහැ
hate,ම්ම් ඔව් ඒක මටම හොඳ සටහනක් වෙන්න ඇති මොකද ඊඊ සහකරු
worry,මට කණගාටුයි මම කලින් බලපු දේට සාපේක්ෂව මම අඩුම තරමින් එළියට වෙලා ඉන්නවා කියලා මම හිතන්නේ නැහැ හරියට
worry,හ්ම් ඔව් ඒක මටම හොඳ සටහනක් වෙන්න ඇති මොකද ඊඊ කෙල්ලේ මම තාමත් ජිම් එකේ ඉන්නවා උදේ පාන්දර වැඩ කරනවා
sadness,කේක් කෑල්ල අමතක වෙලා නිසා ගෙදර ආපහු යනවා
worry,නෑ ඒගොල්ලෝ ඔක්කොම නිදාගන්නේ මොකද එයාලා නැගෙනහිර වෙරළේ ජීවත් වෙන්නේ
empty,ඒක මාව අවුස්සනවා එරිකාට පස්සෙන් එන්න දෙන්නෙත් නෑ
worry,මට කේක් කෑල්ල අමතක වෙලා නිසා ගෙදර යන්න වෙනවා
empty,ඇඳ ඒක හෙට ඉස්කෝලෙ යන්න බලාපොරොත්තු වෙනවා ඒත් දැන් මට එච්චර සනීපයක් නෑ
happiness,නයිට් එන්න පැය ගණනක් ගත වී ඇත
hate,මම නිවාඩුවක් යනවා
sadness,මට දැන් ස්කොට් ඕනේ
worry,ට්විටාස්කෝප් එක රොක් වෙන්නේ නැහැ මගේ මේස් දැනටමත් ගිහින් ඉවරයි
neutral,මම ඉක්මනින් නිදාගත්තා
sadness,තාමත් ඒකට බැටළු පැටවෙක් නැති එක කණගාටුවට කරුණක්
worry,ගැහැණු ළමයෙක් දැන් මගේ සිතුවිලි වල හරිම මෝඩයි
worry,මම තාම ජිම් එකේ යනවා
sadness,ඔයා අලුත් ට්වීට් වලට ටයිප් කිරීමේ ගැටලුව විසඳනවා කියලා හිතලා
worry,නෑ ඒ හැමෝම නිදාගෙන ඉන්නේ මොකද එයාලා නැගෙනහිර වෙරළේ ජීවත් වෙන්නේ
love,මම ගිටාර් වලට ආදරෙයි ඒවා වාදනය කරනවා මම හිතන්නේ මම හොඳ නම් ඒවා විශිෂ්ටයි කියලා
worry,අනේ අම්මලා උත්සාහ කරනවා
neutral,මම අද රෑ විතරයි හැදුවේ
worry,ගර්භනී කාන්තාවන් දුම්පානය කරනවා දකින විට මට වෛර කරනවා ඒක වගකීම් විරහිතයි ආත්මාර්ථකාමීයි ඒක සාද් අවසානයේ බබා දුක් විඳිනවා කියලා මට දුකයි
sadness,අහ්හ් ඊළඟ රළුකමට යන්න මට මේ මෝඩ ගීතය පරාජය කළ යුතුයි
neutral,ඒක ඉවර වෙන්න ඕන නෑ
hate,ට්විටාස්කෝප් එක මගේ මේස් රොක් කරන්නේ නැහැ දැනටමත් යනවා
empty,ඒක හරියට තඩ් ගහනවා
worry,මගේ කාමර සගයා මාව නොසලකා හැරීමට කැමතියි
worry,ම්ම් ඔව් ඒක මටම කියන්න හොඳ සටහනක් වෙන්න ඇති
enthusiasm,මට ගේම් එක මග හැරුණා
hate,ආ හැමෝටම ඇරෝයෝ පවුල වෙනුවෙන් යාච්ඤා කරන්න
happiness,මට ඔයාගේ තොරතුරු ඕනේ
neutral,අසල ගෑස් වර්ක්ස් එකක අන්තිමට ලොකු පිපිරීමක් වුණා
sadness,මට සමාවෙන්න මම කලින් වගේ පෙනුනත් මම අඩුම තරමින් එළියට වෙලා ඉන්නේ නැහැ
worry,වැඩසටහන් සඳහා තවත් කාලයක් ගත වෙනවා
worry,ඊව්ව් අකමැතියි
surprise,මට සමාවෙන්න මම හිතන්නේ නෑ මම කලින් වගේ පෙනුන විදියට අඩුම තරමේ මම පැත්තකට වෙලා ඉන්නේ නෑ කියලා
worry,මට සමාවෙන්න මම හිතන්නේ නැහැ මම අඩුම තරමේ කා එක්කවත් සසඳන විට
empty,අද ඉඳන් විතරයි
sadness,මම නිදාගන්න ඕනේ නමුත් මම මට ඕන පරණ යාළුවෙක් ගැන හිතන්නේ නැහැ නමුත් එයා දැන් විවාහ වෙලා එයාට මාව ඕන අපකීර්තියට පත් කරන්න ඕන
neutral,මගේ අම්මලා මට ඡන්දය දීම නවත්තලා කෙටි කාලයක් දිනන්නේ නැති එක ගැන දැනෙන්න හදන්නේ
worry,නමුත් දැන් මට දුරකථනයක් ගන්න සල්ලි නැහැ
sadness,එල්පීත් නෑ
love,වයිකොනෙඩුමාරන් එල්ටීටීඊ වගේ යාළුවෝ එක්ක වැරදි වෙලාවක වැරදි උපදෙස් ඕන වුණේ නෑ වැරදි වෙලාවට වැරදි උපදෙස් ඕන තරම් මරණ වලට හේතු වුණා ඒ වගේම නැති වුණු හේතුවක් නිසා
boredom,අනුමාන කරන්න බෑ කෙල්ලේ මම තාමත් ජිම් එකේ ඉන්නවා උදේ පාන්දර වැඩ කරනවා
worry,අනේ අම්මලා උත්සාහ කරනවා
worry,මට කණගාටුයි මම හිතන්නේ නැහැ මම කලින් වගේ පෙනුන දේට සාපේක්ෂව අඩුම තරමින් මම ඉවත් වෙලා ඉන්නවා කියලා
neutral,මම ගිටාර් වලට ආදරෙයි ඒවා වාදනය කරනවා මම හිතන්නේ ඒවා සුපිරියටම ඇහෙනවා මම හොඳ නම් විතරයි
worry,හරිම කරකැවිල්ලක් දැනෙනවා
worry,මගේ යාළුවෙක්ගෙන් මට ඇහුණා මෑතකදී මම බර වැඩි වුණා කියලා එයා දැනගෙන හිටියේ නැහැ ඒ මම කියලා
surprise,නෑ එයාලා හැමෝම නිදාගන්නේ මොකද එයාලා නැගෙනහිර වෙරළේ ජීවත් වෙන්නේ
neutral,මම කලින් වගේ පෙනුන විදියට වඩා අඩුම තරමේ මම එළියට වෙලා ඉන්නේ නැහැ කියලා මම හිතනවා
neutral,මම දේවල් යන්න කැමතියි ගිය ගිම්හානයේ ආරම්භය වෙනකම්ම වගේ
worry,නෑ ඒගොල්ලෝ ඔක්කොම නිදාගන්නේ මොකද එයාලා නැගෙනහිර වෙරළේ ජීවත් වෙන්නේ
worry,සිකුරාදා රෑ ලයිට් වල පළමු කතාමාලාවේ නියමුවා හරහා යන්න මම උත්සාහ කරනවා
neutral,නයිට් එන්න පැය ගානක් ගියා
hate,ටේලර් ස්විෆ්ට් සහ ජෝ ජොනාස් හොඳටම එකට පෙනුනා එයාලා වෙන් වුණාට පස්සේ මට දුකයි
surprise,ඇත්තටම නිදිමත නැහැ කම්මැලියි කියන එක තමයි හරි වචනය ආයෙත් එච්චර වැඩක් නෑ
happiness,නයිට් එන්න පැය ගණනක් ගත වී ඇත
neutral,මට සමාවෙන්න මට එරිකා පස්සෙන් එන්න දෙන්නෙ නෑ
surprise,මගේ යාළුවා මම මෑතකදී ටොන් ගණනක් බර වැඩි වුණා ඒ මම කියලා එයා දැනගෙන හිටියේ නැහැ
relief,කිසිවෙකු යන්නේ නැහැ නයිට් එන්න පැය ගණනක් ගත වී ඇත
neutral,සුරතල් ගෙදරක ඉන්න අවුරුද්දක පැටියා මුළු පවුලටම ගොඩක් දුකෙන් මැරුණා
surprise,ඒක මාව අවුස්සනවා මට එරිකා පසුපස යන්න දෙන්නේ නැහැ
sadness,ඔව් සුෂි කන්න පිනොචියෝස් වලට යන්න ටිකක් දුර වැඩියි
worry,මට මෑතකදී ටොන් ගණනක් බර වැඩි වුණා කියලා මගේ යාළුවෙක්ගෙන් මට ආරංචි වුණා ඒ මම කියලා එයා දැනගෙන හිටියේ නැහැ
worry,මගේ ට්විටර් එක ආයෙත් හැක් කරලා
sadness,ආව් ඉදිරියට සහ ඉහළට දැන් ඔව් තවමත් යන්න දුකයි මම ඔට්ටු අල්ලනවා
surprise,ඒක මට පිස්සු හැදෙනවා මට එරිකාගේ පස්සෙන් එන්න දෙන්නේ නැහැ
worry,රැකියා කරන දවස
worry,ඇත්තටම නිදිමත නැහැ කම්මැලියි ඒක තමයි හරි වචනය
sadness,පසුගිය මාසෙ ගිම්හානය නිසා ස්ට්රෝබෙරි චෙන්නායි වෙළඳපොළේ නැහැ
worry,මම හොඳ නම්
enthusiasm,තවත් අත්අඩංගුවට ගැනීමක් නැහැ මට දුකයි
worry,මම ගිටාර් වලට ආදරෙයි ඒවා වාදනය කරනවා මම හිතන්නේ ඒවා විශිෂ්ටයි කියලා මම හිතනවා මම හොඳ නම් විතරයි
worry,ගෑණු ළමයෙක් දැන් මගේ සිතුවිලි වල හරිම ලස්සන දවසක්
neutral,මට මෑතකදී බර වැඩි වෙලා ටොන් එකක් වැඩි වෙලා කියලා මගේ යාළුවෙක්ගෙන් ඒක ඇහුණා එයා දැනගෙන හිටියේ නෑ ඒ මම කියලා
neutral,කවුරුත් ඒක අල්ලගෙන හිටියේ නැහැ
sadness,මට ගිටාර් ගොඩක් ආසයි ඒවා වාදනය කරන්නත් ඒවා සුපිරියටම ඇහෙනවා කියලා මම හිතනවා මම හොඳ නම් විතරයි
worry,මට වෝබිස් නැතුව පාලුයි
sadness,ඩීසල් යාරිස් එම්පීජී දුකයි ඒක ඇමරිකාවේ නැහැ ඒක නියමයි
neutral,වැඩ කරන දිනය
neutral,නිදන කාමර ගෘහ භාණ්ඩ ඔක්කොම තීන්ත ගාලා ඉවරයි මට තාම මේසය හදන්න වෙනවා නමුත් ඒක මාරුවෙන් පස්සේ බලා ඉන්න වෙයි
sadness,මගේ අම්මලා මට ඡන්දෙ දෙන එක නවත්තන එක ගැන සහ කෙටිකතාව දිනන්නෙ නැති එක ගැන මට තවත් දැනෙන්න දෙන්න හදනවා මම ඇඬුවා වගේ
worry,ඒ නිසා මට අලුත් හිමිකරුවෙක්
worry,නිදාගන්න යනවා සාමකාමී නැහැ
worry,සිකුරාදා රෑ ලයිට් එක දානවා අනේ දෙවියනේ
neutral,කාලය වෙනස් මම එදිනෙදා දේවල් වලින් පුරවගෙන ඉන්නේ ඒ නිසා මම ඉක්මනින්ම ට්වීට් කරලා නැහැ පැය කිහිපයකින් නිදාගන්න ඕනේ
worry,මම ගිටාර් වලට ආදරෙයි ඒවා වාදනය කරනවා මම හිතන්නේ මම වඩා හොඳ නම් ඒවා විශිෂ්ට ලෙස ශබ්ද කරනවා
worry,මේ අසාත්මිකතා මට මේ අවුරුද්දේ කාලය කැමති නැහැ මේ නිසා මට කවදාවත් මේ ගැටලුව තිබුණේ නැහැ
neutral,මගේ කොණ්ඩේ කොච්චර හොඳ රැලි සහිත පෙනුමක් තිබුණත් ඒක මගේ අත් ආවරණය කර ඇති කර්ලර් එකෙන් ලැබෙන පිළිස්සීමට සාධාරණීකරණය නොකරන බව තීරණය කළා මම ඒක උළුක්කු කරනවා
surprise,මියාවේ හෝ වොට් වල මගේ හොඳම මිතුරන් කොහෙද
sadness,ඔයා දිනුම් රකීම් සුසුම් හෙළනවා
worry,නැත්නම් මාස ගානක් ගෙදර පූසන්ව හෝදන්නේ නෑ උන්ට වතුර එපා වෙනවා
sadness,මට දැන් ස්කොට් ඕනේ
sadness,ඇඳේ වැතිරිලා ඉන්නවා ගොඩක් කලින්
worry,කේක් කෑල්ල අමතක වුණු නිසා ආපහු ගෙදර යනකොට
enthusiasm,සුභ උපන්දිනයක් වේවා ඔයාට නියම දවසක් ලැබේවා කියලා බලාපොරොත්තු වෙනවා ඊළඟ රෑ ඔයාව දැක්කෙ නෑ
neutral,හහහ ඒක භයානක නැහැ වෙන එකක් නම්
worry,හ්ම් ඔව් ඒක මටම හොඳ සටහනක් වෙන්න ඇති මොකද ඊඊ කෙල්ලේ මම තාමත් ජිම් එකේ ඉන්නවා උදේ පාන්දර වැඩ කරනවා
neutral,මගේ අම්මලා මට ඡන්දය දෙන එක නවත්තලා දිනන්නෙ නැති එක ගැන තවත් දැනෙන්න දෙන්න හදනවා මම ඇඬුවා වගේ
hate,මම මෑතකදී බර ටොන් එකක් වැඩි කරගත්තා
happiness,තාම බැටළු පැටවෙක් නැති එක කණගාටුවට කරුණක්
neutral,හිටින්න ආවේ උදේ පාන්දර අන්තිම පරිච්ඡේදය කියවන්න කැමති නැති නිසා ඒක ඉවර වෙන්න මට ඕන නෑ
worry,අනේ අම්මලා උත්සාහ කරනවා
hate,මම ඔට්ටු අල්ලනවා එස්ආර් එකේ සිසිල් වෙලා කියලා හහ් ඒක මෙතන නැහැ තාත්තයි මමයි බෑග් කරනකොට දවල් ඉඳන් මම දාඩිය දැම්මේ නැහැ
sadness,අන්තර්ජාලය නැහැ
relief,බොරු කියනවා
sadness,උත්තරයෙන් එළියට එනවා බර්නෙට් එක උතුරට කිසිවෙකු යන්නේ නැහැ
worry,කේක් කෑල්ල අමතක වුණු නිසා ආපහු ගෙදර යනකොට
neutral,නයිට් එන්න
love,හහහා අනිත් අය මට ගායනා කළොත් ඒක භයානක නැහැ ඒක වැඩ කරන්න පුළුවන් කියලා මට විශ්වාසයි
worry,මම ටැකෝසෝන් තැනට ගොඩක් පරක්කු වුණා
sadness,මම වෛර කරනවා පිළිකාව මට වෛර කරනවා මට වෛර කරනවා මට වෛර කරනවා
worry,ගර්භනී කාන්තාවන් දුම්පානය කරනවා දකින විට මට වෛර කරනවා ඒක හරිම වගකීම් විරහිතයි ආත්මාර්ථකාමීයි ඒක හොඳයි අන්තිමේදී බබා තමයි දුක් විඳින්නේ
sadness,නයිට් එන්න පැය ගණනක් ගත වී ඇත
worry,කේක් කෑල්ල අමතක වුණු නිසා ආපහු ගෙදර යනකොට
neutral,මට බ්ලයි බස් එක මග හැරුණා
worry,සිකුරාදා රෑ ලයිට් වල පළමු කතාමාලාවේ නියමුවා හරහා යන්න මම උත්සාහ කරනවා
worry,රිප් ලියනාඩෝ ඔයා නියම කුඩා ෆිඩ්ලර් කකුළුවෙක්
enthusiasm,මම ඔර්ලන්ඩ් එකට යන්නම්
worry,ආපසු ගෙවීම් නැත නමුත් ඔවුන් ගිණුම් ලබා ගනී සතියක් වැනි කාලයක් ගතවේ සොරා හැක් භාවිතා නොකරනු ඇතැයි බලාපොරොත්තු වෙමි නැතහොත් එය ස්ථිරයි
worry,නෑ ඒ හැමෝම නිදාගෙන ඉන්නේ මොකද එයාලා නැගෙනහිර වෙරළ තීරයේ ජීවත් වෙනවා
worry,අව්වේ විනෝද වුණා හ්ම්ම් ඒක සීතලයි
worry,මම ගිටාර් වලට ආදරෙයි ඒවා වාදනය කරනවා මම හිතන්නේ මම හොඳ නම් ඒවා සුපිරියටම ඇහෙනවා
worry,මම ටැකෝසෝන් තැනට ගොඩක් පරක්කු වෙලා හිටියා
worry,මට කණගාටුයි මම කලින් වගේ පෙනුන දේට සාපේක්ෂව මම අඩුම තරමින් එළියට වෙලා ඉන්නේ නැහැ
sadness,ට්විටාස්කෝප් එක මගේ මේස් දැනටමත් රොක් කරන්නේ නැහැ
sadness,ඔව් සුෂි කන්න පිනොචියෝස් වලට යන්න ටිකක් දුර වැඩියි
surprise,සමලිංගිකයින්ට මම අද රෑ විතරයි හැදුවේ
sadness,නෑ ඒගොල්ලෝ ඔක්කොම නිදාගෙන ඉන්නේ මොකද එයාලා නැගෙනහිර වෙරළේ ජීවත් වෙන්නේ
surprise,මම ගොඩක් අවුල්
sadness,මට කණගාටුයි මම හිතන්නේ නැහැ මම කලින් වගේ පෙනුන දේට සාපේක්ෂව මම අඩුම තරමින් එළියට වෙලා ඉන්නවා කියලා
worry,මම හිතන්නේ මගේ උගුර ඇත්තටම රිදෙනවා
neutral,කේක් කෑල්ල ලැබුණා
sadness,අම්මෝ ඊයේ මාව වෑන් එකෙන් විසි කරලා එර් එකට අරන් යන්න සිද්ධ වුණා
worry,ට්විටාස්කෝප් එක මගේ මේස් දැනටමත් හෙල්ලිලා යනවා
surprise,මම මගේ කකුල පුරාම බියර් හැලුවා ගෙදර මගේ බියර් භාගයක් නාස්ති කළා දැන් මට හුරුබුහුටි ගැහැණු ළමයෙක් මුණගැහුණා හොඳ සංවාදයක්
worry,බොරු බොරු
neutral,මගේ දත් සහ හිස රිදෙනවා
sadness,ඩීසල් යාරිස් එම්පීජී දුකයි ඒක ඇමරිකාවේ නැහැ ඒක නියමයි
sadness,නෑ ඒගොල්ලෝ ඔක්කොම නිදාගෙන ඉන්නේ මොකද එයාලා නැගෙනහිර වෙරළේ ජීවත් වෙන්නේ
fun,අනේ මට ඇත්තටම මගේ මුහුණ පේන්නේ නැහැ යාලුවනේ
neutral,මම දවස් ගානක් ටෝච්වුඩ් බලන්න ලෑස්තියි එයාලා මොනවා හරි ඇහුවද කියලා බලන්න
sadness,පසුගිය මාසෙ ගිම්හානය නිසා ස්ට්රෝබෙරි චෙන්නායි වෙළඳපොළේ නැහැ
sadness,ඊයේ රෑ මට කරන්න බැරි දෙයක්
neutral,ඒක මගේ හිතේ තියෙනවා
sadness,මගේ ශුභවාදී බව අහන්න ලැබීම ගැන මට කණගාටුයි අපි හැමෝටම දේවල් හොඳ වෙයි
empty,පසුගිය ගිම්හානයේ ආරම්භය වගේ දේවල් ආපහු යන්න මම කැමතියි
hate,අනේ ඒක එරික් හරි වෙන කෙනෙක් හරි ඔයාගේ කොණ්ඩේ සෙල්ලම් කරන්න ඕන වුණාම
sadness,නෑ ඒ හැමෝම නිදාගෙන ඉන්නේ මොකද එයාලා නැගෙනහිර වෙරළ තීරයේ ජීවත් වෙන්නේ
hate,දෙවියනේ මට නිදාගන්න ඕන
neutral,ගොඩක් පරක්කු වෙලා ඇති
sadness,අම්මෝ ඊයේ මාව වෑන් එකෙන් විසි කරලා එර් එකට අරන් යන්න සිද්ධ වුණා
worry,ඉතින් මම හිතන්නේ මගේ පුතාට උණ ඇති වෙන්න ඇති මොකද මම දැන් කුණු වමනයක් පිරිසිදු කළා දුප්පත් පම්ක්පින්
neutral,මගේ අම්මලා මට ඡන්දය දෙන එක නවත්තලා දිනන්නෙ නැති එක ගැන තවත් දැනෙන්න දෙන්න හදනවා මම ඇඬුවා වගේ
worry,මම තාම ජිම් එකේ යනවා
worry,ඇත්තටම වේදනාව බ්ලෙච්
worry,මගේ කාමර සගයා මාව නොසලකා හැරීමට කැමතියි
sadness,අනේ
neutral,ඇත්තටම නිදිමත නැහැ නැවතත් නිවැරදි වචනය එතරම් වැඩක් නැහැ
anger,අනේ කමක් නෑ මේක බේරගන්න බෑ කියලා මම හිතනවා
sadness,උත්තරයෙන් එළියට එනවා බර්නෙට් එක උතුරට කිසිවෙකු යන්නේ නැහැ
sadness,මම නෙට් එකට වෛර කරනවා
worry,ම්ම් ඔව් ඒක මටම හොඳ සටහනක් වෙන්න ඇති මොකද ඊඊ මම එතන හිටියා නම් කියලා හිතෙනවා
anger,ගැහැණු ළමයෙක් දැන් මගේ සිතුවිලි වල හරිම මෝඩයි
worry,මට කණගාටුයි මම හිතන්නේ නැහැ මම කලින් වගේ පෙනුන දේට සාපේක්ෂව අඩුම තරමින් මම ඉවත් වෙලා ඉන්නවා කියලා
enthusiasm,මම තාම ජිම් එකේ වැඩ කරනවා
neutral,මම නව ට්විටර්ෆෝන් යාවත්කාලීනය බාගත කළා අලුත් ට්වීට් වලට ටයිප් කරන එක එයාලා හැදුවා ඒත් නෑ
worry,ගෑණු ළමයෙක් දැන් මගේ සිතුවිලි වල ඉන්නවා මට ආතතිකාරක කිහිපයක් සමඟ නියම දවසක් ගත කළා
happiness,යෝජනාව අගය කරනවා දැන් සතියක් වෙනවා තාමත් මුදල් ආපසු ඉල්ලන්න කාලයයි
worry,මම එහෙම කළා ටැකෝසෝන් ස්ථානයට ගොඩක් පරක්කු වෙලා
sadness,ඒක තේරෙන්නේ නෑ
worry,අනේ කමක් නෑ මට හිතෙන්නේ මේක ගොඩ ගන්න බෑ කියලා
surprise,ගෑණු ළමයෙක් දැන් මගේ සිතුවිලි වල හරිම මෝඩයි
sadness,මට ලස්සන වෙරළක් ගැන සිහිනයක් තිබුණා මම අවදි වන විට වෙරළක් තිබුණේ නැහැ
empty,ඒක මාව අවුස්සනවා මට එරිකා පස්සෙන් එන්න දෙන්නෙ නෑ
sadness,පසුගිය ගිම්හානයේ ආරම්භය තිබුණු ආකාරයට දේවල් නැවත යන්න මම කැමතියි
worry,මට පීඩනකාරක කිහිපයක් එක්ක නියම දවසක් තිබුණා
worry,ට්විටාස්කෝප් එක මගේ මේස් රොක් කරන්නේ නැහැ
boredom,අනේ අද දුකයි
worry,ඉක්මනින් නින්ද ගියා
worry,නයිට් නයිට් එය පැය ගණනක් ගත වී ඇත
sadness,අඬනවා ඒත් මට මහන්සිත් නෑ
sadness,අන්තර්ජාලය නැහැ
neutral,තාත්තා සහ මම ඇසුරුම් කරනකොට දවල් ඉඳන් මම දහවල් ඉඳන් දහඩිය දැමීම නවත්තලා නැහැ
worry,ඇගේ රැඳවුම්කරුවන්ට හුස්ම හිර කළා
sadness,අඬනවා ඒත් මට මහන්සිත් නෑ
surprise,කාමරකාරයෝ එක්ක චිලින්ගේ වැඩ කරන දවස සොම්බි ක්ලවුන් එනකම් ඉන්න බෑ සති ගානක් යනවා
surprise,ඒක මට පිස්සු හැදෙනවා මට එරිකාගේ පස්සෙන් එන්න දෙන්නේ නැහැ
worry,මට මෑතකදී ටොන් ගණනක් බර වැඩි වුණා කියලා මගේ යාළුවෙක්ගෙන් මට ආරංචි වුණා ඒ මම කියලා එයා දැනගෙන හිටියේ නැහැ
worry,අනේ කෙල්ලේ මම ගොඩක් කලකිරිලා ඉන්නවා ඒත් මට කියන්න ඕනේ මට මගේ කට්ටලය එකට ගන්න පුළුවන් වෙන්න ඊළඟ සති අන්තයේ මට ෆ්ලයර් එකක් ලැබුණා
worry,ඔයා හොඳින්ද
neutral,මට මෑතකදී ටොන් ගණනක් බර වැඩි වුණා කියලා මගේ අවධානයට ලක් වෙලා තියෙනවා ඔහු දැනගෙන හිටියේ නැහැ ඒ මම කියලා
love,අනේ නයිට් දැන් පැයකට වඩා වැඩියි
happiness,මම ගොඩක් තනිකඩයන් සඳහා කුක් තේරීම් ගැන ඇත්තටම සතුටු නැහැ
sadness,කමක් නෑ මේක ගොඩගන්න බෑ කියලා මම හිතනවා
neutral,මම හිතන්නේ ඒක සිසිල් වෙලා කියලා හහ් ඒක මෙතන නැහැ තාත්තයි මමයි බෑග් හදනකොට දවල් ඉඳන් මම දහවල් ඉඳන් දහඩිය දැම්මේ නැහැ
neutral,මම ගිටාර් වලට ආදරෙයි ඒවා වාදනය කරනවා මම හිතන්නේ ඒවා සුපිරියටම ඇහෙනවා මම හොඳ නම් විතරයි
neutral,මට බැරි වුණු නිසා දුකයි කොල්ලො එක්ක සෙල්ලම් කරන්න
surprise,මට සමාවෙන්න මම හිතන්නේ නෑ මම කලින් වගේ පෙනුන විදියට අඩුම තරමේ මම පැත්තකට වෙලා ඉන්නේ නෑ කියලා
worry,ගුවන් සේවා සුපිරි කොරයි
sadness,ට්විටාස්කෝප් එක මගේ මේස් දැනටමත් රොක් කරන්නේ නැහැ
sadness,වැඩක් නැහැ
empty,හේයි ඔයා පොඩි මගුලක් මම ඔයාට කෙටි පණිවිඩයක් යැව්වා
neutral,මම අද රෑ විතරයි හැදුවේ
sadness,මම තාම ජිම් එකේ වැඩ කරනවා
neutral,මල්ලි බ්ලූම් මේ සති අන්තයේ එල් පැසෝ හි විවෘත නොකරනු ඇත ඉල් ගඩොල් මිලදී ගෙන එය භුක්ති විඳින්න මට සහෝදරයන් බ්ලූම් කරන ආකාරය දැකගත හැකි වන තුරු
sadness,නිදාගන්න එපා
neutral,මම දවස් ගානක් ටෝච්වුඩ් බලන්න ලෑස්තියි එයාලා මොනවා හරි ඇහුවද කියලා බලන්න
worry,මට කණගාටුයි මම කලින් බලපු දේට සාපේක්ෂව මම අඩුම තරමින් එළියට වෙලා ඉන්නවා කියලා මම හිතන්නේ නැහැ හරියට
neutral,නිදන කාමර ගෘහ භාණ්ඩ සියල්ල පින්තාරු කිරීම අවසන්
surprise,තාම ඒකෙ බැටළු පැටවෙක් නැති එක කණගාටුවට කරුණක්
worry,කෙල්ලෙක් මොට කෙනෙක් මගේ සිතුවිලි වල හරිම ලස්සනයි දැන් මට ආතතිකාරක කිහිපයක් සමඟ නියම දවසක් තිබුණා ගෙදර එන්න
empty,මම ආපහු ගෙදර යන නිසා කේක් කෑල්ල අමතක වුනාට
worry,ගෙදර තනියම කරන්න වැඩි දෙයක් නැහැ
neutral,මෑතකදී මම ටොන් ගණනක් බර වැඩි කර ගත් ඔබේ මිතුරෙකුගෙන් එය මගේ අවධානයට ලක්ව ඇත ඔහු ඒ මම කියලා දැනගෙන හිටියේ නැහැ
love,මට දැන් හොඳටම ඇහැරිලා ඉන්නේ අසනීපෙන් අද දවල් ටිකක් නිදාගන්න
neutral,මට සමාවෙන්න මට එරිකා පස්සෙන් එන්න දෙන්නෙ නෑ
sadness,මම ඔට්ටු අල්ලනවා එස්ආර් එකේ සිසිල් වෙලා කියලා හහ් ඒක මෙතන නැහැ තාත්තයි මමයි බෑග් කරනකොට දවල් ඉඳන් මම දාඩිය දැම්මේ නෑ
neutral,ඇඳේ වැතිරිලා ඉන්නවා වේලාසන වැඩියි
neutral,මම ටැකෝසෝන් ස්ථානයට ගොඩක් පරක්කු වෙලා හිටියා
worry,ගිණුම් කරන ආකාරය තව ටිකක් එකතු කරනවා කෙටි කාලීනව පීඩනය හොඳයි නමුත් හොඳින් මුහුණ දෙන්න
sadness,අනේ
worry,මගේ ශුභවාදී දේවල් අපි හැමෝටම හොඳ වෙයි කියලා අහන්න ලැබීම ගැන මට කණගාටුයි
surprise,මම ගොඩක් අවුල්
sadness,කරන්න කිසිම දෙයක් නැහැ
hate,මම මෑතකදී බර ටොන් එකක් වැඩි කරගත්තා
worry,අනේ කෙල්ලේ මම ගොඩක් කලකිරිලා ඉන්නවා ඒත් මට කියන්න ඕනේ මට මගේ කට්ටලය එකට ගන්න පුළුවන් වෙන්න ඊළඟ සති අන්තයේ මට ෆ්ලයර් එකක් ලැබුණා
worry,අද හවස වැඩ තියෙනවා
neutral,රතු යක්ෂයෝ හරිම කණගාටුදායකයි අවම වශයෙන් කිව යුතුයි
worry,බොරුකියා ඔයාට හැමදේටම බොරු කියන එක නවත්තන්න බෑ
neutral,මගේ කොණ්ඩේ කොච්චර හොඳ රැලි සහිත පෙනුමක් තිබුණත් ඒක මගේ අත් ආවරණය කර ඇති කර්ලර් එකෙන් ලැබෙන පිළිස්සීමට සාධාරණීකරණය නොකරන බව තීරණය කළා මම ඒක උළුක්කු කරනවා
fun,ඇත්තටම නිදිමත නෑ කම්මැලියි කියන එක තමයි ආයෙත් හරි වචනය වැඩිය වැඩ නෑ
hate,අනේ අද මම එච්චර ට්වීට් කළේ නැහැ
worry,මගේ අම්මලා මට ඡන්දය දීම නවත්තලා දිනන්නේ නැති එක ගැන දැනෙන්න දෙන්න හදනවා මම ඇඬුවා වගේ
worry,කාලි කැඩිලා
neutral,මම වූඩූ ගමේ කොටසේ කෝප් එකේ අන්තිම කොටස් වෙනකම් සෙල්ලම් කළා මගේ සුපුරුදු සහකරු නැති වෙනකම්
neutral,නිදන කාමර ගෘහ භාණ්ඩ සියල්ල පින්තාරු කිරීම අවසන්
enthusiasm,රැකියාවෙන් නිවාඩු ගන්න බැරි වෙන්නවත් ගමනට සල්ලි තියෙන්නවත් බැරි වීම හරිම දුකයි
sadness,ම්ම් ඔව් ඒක මටම කියන්න හොඳ සටහනක් වෙන්න ඇති මොකද ඊඊඊඊඊ
worry,බොරුකියා ඔයාට හැමදේටම බොරු කියන එක නවත්තන්න බෑ
sadness,ඇත්තටම නිදිමත නැහැ කම්මැලියි කියන එක තමයි ආයෙත් හරි වචනය වැඩි වැඩ නැහැ
love,ට්විටාස්කෝප් මගේ මේස් රොක් කරන්නේ නැහැ දැනටමත්
worry,සමහර වෙලාවට මට හිතෙනවා පසුගිය ගිම්හානයේ ආරම්භය වගේ දේවල් ආයෙත් ගියොත් හොඳයි කියලා
neutral,මම දේවල් යන්න කැමතියි ගිය ගිම්හානයේ ආරම්භය වෙනකම්ම වගේ
sadness,මම සිකුරාදා රෑ ලයිට් වල පළවෙනි කතාමාලාවේ නියමුවා හරහා යන්න හදනවා අනේ දෙවියනේ ටිෂූ එක දාන්න
empty,මම ටැකෝසෝන් එකට ගොඩක් කිට්ටුවෙන් හිටියා
sadness,මම නව ට්විටර්ෆෝන් යාවත්කාලීනය බාගත කළේ ඔවුන් නව ට්වීට් සඳහා ටයිප් කිරීමේ ගැටලුව විසඳනවා කියලා හිතාගෙන නමුත් නැහැ ඔවුන් එසේ කළේ නැහැ
happiness,තාම බැටළු පැටවෙක් නැති එක කණගාටුවට කරුණක්
sadness,මට කේක් කෑල්ල අමතක වෙලා නිසා ගෙදර ආපහු යනවා
sadness,මොකද වෙන්නෙ පැටියෝ
surprise,ඒක මට පිස්සු හැදෙනවා මට එරිකාගේ පස්සෙන් එන්න දෙන්නේ නැහැ
worry,ට්විටාස්කෝප් එක රොක් වෙන්නේ නැහැ මගේ මේස් දැනටමත් ගිහින් ඉවරයි
hate,ඔයා කවදාවත් ඔයාගේ ඩීඑම් එකට උත්තර දුන්නේ නැහැ මම ඔයාට ඔයාගේ තොරතුරු එව්වා
neutral,ඔයා කවදාවත් ඔයාගේ ඩීඑම් එකට උත්තර දුන්නේ නැහැ මම ඔයාට ඔයාගේ තොරතුරු එව්වා
worry,ඒක නෑ
sadness,කේක් කෑල්ල අමතක වෙලා නිසා ගෙදර ආපහු යනවා
neutral,මම ඉක්මනින් නිදාගත්තා
sadness,මම දන්නවා මම ඔයා නැතුව සාදයක් කරනවා
worry,මම අලුත් ට්විටර්ෆෝන් යාවත්කාලීනය බාගත කළා
hate,ආ හැමෝටම ඇරෝයෝ පවුල වෙනුවෙන් යාච්ඤා කරන්න
worry,මගේ අම්මලා මට ඡන්දය දීම නවත්තලා දිනන්නේ නැති එක ගැන දැනෙන හැඟීම ඇති කරන්න හදනවා මම ඇඬුවා වගේ
sadness,අද ගණිත පරීක්ෂණයක් කළා
empty,ඇත්තටම ඇත්තටම කම්මැලියි මම නිදාගන්නවා කියලා මම හිතනවා
boredom,ඇත්තටම නිදිමත නැහැ කම්මැලියි කියන එක තමයි හරි වචනය ආයෙත් වැඩි වැඩක් නැහැ
sadness,උත්තරයෙන් එළියට එනවා බර්නෙට් එක උතුරට කිසිවෙකු යන්නේ නැහැ
sadness,අද රෑ බාර් එකේ ඇඟිල්ලක් කැඩුනා කියලා මම හිතනවා ස්ටෙපින් එකට ස්තූතියි බීමත් කෙල්ල මගේ හැමතැනම ස්ටෙපින් කළාට
neutral,ඇයි ගුවන් ටිකට්පත් මෙච්චර මිල අධික
worry,අපි හැමෝටම දේවල් හොඳ වේවි
worry,මම ඒ ජරාව හරියට කරනවා දැන් මම නිවාඩුවක් ගත කරනවා ඔයා මට වැඩ කරන්න කියලා කිව්වා
neutral,මෑතකදී මම ටොන් ගණනක් බර වැඩි කර ගත් ඔබේ මිතුරෙකුගෙන් එය මගේ අවධානයට ලක්ව ඇත ඔහු දැන සිටියේ නැහැ ඒ මම කියලා
relief,කිසිවෙකු යන්නේ නැහැ නයිට් එන්න පැය ගණනක් ගත වී ඇත
worry,හ්ම්ම්ම් බැහැ
sadness,ඇඳේ වැතිරෙනවා ගොඩක් කලින්
relief,බොරු කියනවා
sadness,කුණාටුව ඇවිත් විදුලිය නැති වෙලා
neutral,මම ගිටාර් වලට ආදරෙයි ඒවා වාදනය කරනවා මම හිතන්නේ ඒවා විශිෂ්ට ලෙස ශබ්ද කරනවා මම වඩා හොඳ නම් පමණක් නම්
sadness,ඔයා දිනුම් රකීම් සුසුම් හෙළනවා
worry,අසනීපයි
neutral,අද රෑ ආලෝ හරිම දුකයි නිහඬයි හිස්යි
worry,මම ගිටාර් වලට ආදරෙයි ඒවා වාදනය කරනවා මම හිතන්නේ ඒවා විශිෂ්ටයි මම හොඳ නම් විතරයි
neutral,අනෙක් අයගේ ජීවිත පිළිබඳ ටැබ්ලොයිඩ් කියවීම සිතමින් මගේ බබා ගියාම මම මගේ එක්ක මොකද කරන්නේ
neutral,මට කේක් කෑල්ල අමතක වුණු නිසා ආපහු ගෙදර යනවා
worry,ඔයාට රහස කියන්න බෑ
worry,මගේ ශුභවාදී දේවල් අපි හැමෝටම හොඳ වේවි කියලා අහන්න ලැබීම ගැන මට කණගාටුයි
enthusiasm,මගේ යාළුවෙක්ගෙන් ඒක මගේ අවධානයට යොමු වෙලා තියෙනවා මම මෑතකදී බර වැඩි වුණා එයා දැනගෙන හිටියේ නැහැ ඒ මම කියලා
hate,කමක් නැහැ මේක බේරගන්න බැරි දෙයක් කියලා මම හිතනවා
neutral,මම දෙමාපිය පාලනය බලාගෙන හිටියා
worry,මගේ ශුභවාදී බලාපොරොත්තුව තමයි හැමෝටම හොඳ වේවි කියලා අහලා මට දුකයි
worry,මම කලින් වගේ හිටියා
neutral,නමුත් මට ඕන නෑ
neutral,තාත්තා සහ මම ඇසුරුම් කරනකොට දවල් ඉඳන් මම දහවල් ඉඳන් දහඩිය දැමීම නවත්තලා නැහැ
hate,ඔව් මගේ කොට්ටය විනිශ්චය කරන්න එපා
neutral,නිදන කාමර ගෘහ භාණ්ඩ ඔක්කොම තීන්ත ගාලා ඉවරයි මට තාම මේසය හදන්න වෙනවා නමුත් ඒක මාරුවෙන් පස්සේ බලා ඉන්න වෙයි
worry,සෑම දෙයක්ම ගැන බොරු කියන්න බැහැ
hate,රූමි එක්ක ඉන්න චිලින්ට සොම්බි ක්ලවුන් එනකම් ඉන්න බෑ ඒක සති ගානක් වෙනවා
boredom,ඇත්තටම නිදිමත නැහැ කම්මැලියි කියන එක තමයි හරි වචනය ආයෙත් වැඩි වැඩක් නැහැ
neutral,මගේ ශුභවාදී දේවල් අපි හැමෝටම හොඳ වෙයි කියලා අහලා මට දුකයි
worry,මම අද රෑ තමයි සමලිංගිකයින්ට හැදුවේ
worry,මම ගිටාර් වලට ආදරෙයි ඒවා වාදනය කරනවා මම හිතන්නේ ඒවා සුපිරියටම ඇහෙනවා
worry,ගැහැණු ළමයෙක් දැන් මගේ සිතුවිලි වල හරිම මෝඩයි
worry,මට මෑතකදී ටොන් එකක් බර වැඩි වුණා කියලා මගේ අවධානයට ලක් වෙලා තියෙනවා එයා දැනගෙන හිටියේ නැහැ ඒ මම කියලා
neutral,මෑතකදී මම ටොන් ගණනක් බර වැඩි කර ගත් ඔබේ මිතුරෙකුගෙන් එය මගේ අවධානයට ලක්ව ඇත ඔහු ඒ මම කියලා දැනගෙන හිටියේ නැහැ
hate,ඇඳේ වැතිර ඉන්නවා ෆාආ අඩුම තරමේ මම කලින් වගේ හිටියාට සාපේක්ෂව
worry,ගිණුම් කරන ආකාරය තව ටිකක් එකතු කරනවා කෙටි කාලීනව පීඩනය හොඳයි නමුත් හොඳින් මුහුණ දෙන්න
neutral,මම දවස් ගානක් ටෝච්වුඩ් බලන්න ලෑස්තියි එයාලා මොනවා හරි ඇහුවද කියලා බලන්න
surprise,මම මගේ කකුල පුරාම බියර් හැලුවා ගෙදර මගේ බියර් භාගයක් නාස්ති කළා දැන් මට හුරුබුහුටි ගැහැණු ළමයෙක් මුණගැහුණා හොඳ සංවාදයක්
happiness,අද රෑ මම ගෙදර ඉන්නවා
worry,ලේඩි ගාගා ට්වීට් කළා ඔයා දැනගන්න ඕන නිසා එයාගේ වීඩියෝ එක ලීක් වෙන එක ගැන එයාගේ හිතට දැනුනේ නෑ
fun,ඊයේ රෑ අන්තර්ජාලය නැහැ ළඟපාත ගෑස් වැඩ කෙළවරේ දැවැන්ත පිපිරීමක් සිදුවුණා ස්ටෑන්ඩ්බයි එකේ මොකද ගුවන් සේවා හරිම දුර්වලයි
boredom,අනුමාන කරන්න බෑ කෙල්ලේ මම තාමත් ජිම් එකේ ඉන්නවා උදේ පාන්දර වැඩ කරනවා
fun,ඊයේ රෑ අන්තර්ජාලය නැහැ ළඟපාත ගෑස් වැඩ කෙළවරේ දැවැන්ත පිපිරීමක් සිදුවුණා ස්ටෑන්ඩ්බයි එකේ මොකද ගුවන් සේවා හරිම දුර්වලයි
worry,නැත්නම් මාස ගානක් ගෙදර පූසන්ව හෝදන්නේ නෑ උන්ට වතුර එපා වෙනවා
sadness,අප් එක එළියට ආවා මට සංදේශය ලැබුණේ නැහැ එය පුදුම සහගතයි
worry,තවදුරටත් කිසිදු අත්අඩංගුවට ගැනීමක් නැහැ මට දුකයි
sadness,අහ්හ් ඊළඟ රළුකමට යන්න මට මේ මෝඩ ගීතය පරාජය කළ යුතුයි
worry,ඒක පිස්සුවක්
worry,නෑ ඒගොල්ලෝ ඔක්කොම නිදාගන්නේ මොකද එයාලා නැගෙනහිර වෙරළේ ජීවත් වෙන්නේ
worry,නිදාගන්න යනවා සාමකාමී නැහැ
neutral,මම ටැකෝසෝන් ස්ථානයට ගොඩක් පරක්කු වෙලා හිටියා
neutral,මම ගිටාර් වලට ආදරෙයි ඒවා වාදනය කරනවා මම හිතන්නේ ඒවා සුපිරියටම ඇහෙනවා මම හොඳ නම් විතරයි
sadness,එබී බලන්න තවමත් මෙතන විනෝදජනක වෙලාවල් නිදාගන්න ඕනේ වැඩ කරන්න මෙතන ටිකක් සිසිල් ගැහැණු ළමයි ඉන්නවා නමුත් ඇයව මග හැරීම තරම් සිසිල් නැහැ
surprise,මගේ අම්මලා මට ඡන්දෙ දෙන එක නවත්තන එක ගැන සහ කෙටිකතාව දිනන්නෙ නැති එක ගැන මට දැනෙන්න දෙන්න හදනවා මම ඇඬුවා වගේ
neutral,මුදල් ආපසු ගෙවීමක් නැත නමුත් ඔවුන් එසේ කරනවා ගිණුම් නැවත ලබා ගැනීමට සතියක් වගේ යනවා සොරා හැක් භාවිතා කරන්නේ නැහැ කියලා බලාපොරොත්තු වෙනවා නැත්නම් ඒක ස්ථිරයි
neutral,අද රෑ ආලෝ හරිම දුකයි නිහඬයි හිස්යි
relief,මගේ ඔලුව නිතරම හැදෙන එක නරක හිසරදයක් වෙන්න කලින් මට මේක බලන්න හිතෙන්නේ නෑ
sadness,අනේ කමක් නෑ මම හිතන්නේ මේක ගොඩ ගන්න බෑ කියලා
worry,ගෑණු ළමයෙක් දැන් මගේ සිතුවිලි වල හරිම ලස්සන දවසක්
surprise,මගේ අම්මලා ඡන්දය දීම නවත්තලා කෙටි කාලයක් දිනන්නේ නැති එක ගැන මට දැනෙන්න සලස්වන්න හදනවා
worry,මට මෑතකදී ටොන් ගණනක් බර වැඩි වුණා කියලා මගේ යාළුවෙක්ගෙන් මට ආරංචි වුණා ඒ මම කියලා එයා දැනගෙන හිටියේ නැහැ
worry,අද හවස වැඩ තියෙනවා
worry,නරක යාළුවෙක්
neutral,මම කලින් වගේ පෙනුන විදියට වඩා අඩුම තරමේ මම එළියට වෙලා ඉන්නේ නැහැ කියලා මම හිතනවා
sadness,මම මගේ වයස පෙන්වමින් අලුත් කළා මගේ ටැග් ගිය සතියේ වැටුණා මගේ රක්ෂණ අලුත් කිරීමේ ඊමේල් එක අද වැටුණා මට වයසට යන්න ඕන නැහැ
empty,මගේ පරතරය අවුරුද්ද හරිම ඉක්මනට ගෙවෙනවා
sadness,අනේ එක විනාඩියක්වත් පරක්කු නැහැ ඕ හොඳයි
sadness,එල්පීත් නෑ
worry,මගේ ඔළුව හොඳටම රිදෙනවා මට කෑ ගහන්න පුළුවන්
hate,මගේ අම්මලා මට ඡන්දය දීම නවත්තලා දිනන්නේ නැති එක ගැන දැනෙන හැඟීම ඇති කරන්න හදනවා මම ඇඬුවා වගේ
sadness,එබී බලන්න තවමත් මෙතන විනෝදජනක වෙලාවල් නිදාගන්න ඕනේ වැඩ කරන්න මෙතන ටිකක් සිසිල් ගැහැණු ළමයි ඉන්නවා නමුත් ඇයව මග හැරීම තරම් සිසිල් නැහැ
neutral,ඇත්තටම නිදිමත නෑ කම්මැලියි කියන එක තමයි හරි වචනය ආයෙත් එච්චර වැඩක් නෑ
worry,ඔයා ආපහු ආවම මම මේ ගැන ට්වීට් කරනවා කියලා මට විශ්වාසයි ඒත් ආරංචි ගැන දැන් හරිම කතාබහක් තියෙනවා
worry,මම මගේ බල්ලට ගොඩක් ආදරෙයි
hate,අනේ ඔයාට රහස කියන්න බෑ
sadness,අනේ නයිට් පැය ගානක් ගියා
sadness,කේක් කෑල්ල අමතක වෙලා නිසා ආපහු ගෙදර යනවා
sadness,පසුගිය ගිම්හානයේ ආරම්භය තිබුණු ආකාරයට දේවල් නැවත යන්න මම කැමතියි
neutral,ආහ් මගේ කාමරය වටා පියාසර කරන ලොකු භයානක දෝෂයක්
love,මට දැනෙනවා තවත් බල්ලෙක් නැහැ
worry,මම ගිටාර් වලට ආදරෙයි ඒවා වාදනය කරනවා මම හිතන්නේ මම හොඳ නම් ඒවා විශිෂ්ටයි
worry,ගර්භනී කාන්තාවන් දුම්පානය කරනවා දකින විට මට වෛර කරනවා ඒක හරිම වගකීම් විරහිතයි ආත්මාර්ථකාමීයි
worry,මම ගැබිනි කාන්තාවන් දුම්පානය කරනවා දකිනකොට මට වෛරයක් දැනෙනවා ඒක හරිම වගකීම් විරහිතයි ආත්මාර්ථකාමීයි ඒක තමයි අන්තිමේදී බබා දුක් විඳින කෙනා
sadness,මගේ අම්මලා මට ඡන්දෙ දෙන එක නවත්තන එක ගැන සහ කෙටිකතාව දිනන්නෙ නැති එක ගැන තවත් හැඟීමක් ඇති කරන්න හදනවා මම ඇඬුවා වගේ
sadness,කේක් කෑල්ල අමතක වෙලා නිසා ආපහු ගෙදර යනවා
worry,හොඳයි
hate,මම ඔට්ටු අල්ලනවා එස්ආර් එකේ සිසිල් වෙලා කියලා හහ් ඒක මෙතන නැහැ තාත්තයි මමයි බෑග් කරනකොට දවල් ඉඳන් මම දාඩිය දැම්මේ නැහැ
relief,හහහ අනිත් අය එක්ක ගායනා කළොත් ඒක භයානක නැහැ ඒක වැඩ කරන්න පුළුවන් කියලා මට විශ්වාසයි
sadness,මගේ අම්මලා මට ඡන්දෙ දෙන එක නවත්තන එක ගැන සහ කෙටිකතාව දිනන්නෙ නැති එක ගැන මට තවත් දැනෙන්න දෙන්න හදනවා මම ඇඬුවා වගේ
worry,ආව් ඔයාට රහස ගැන මට කියන්න බෑ
worry,මගේ අම්මලා මට ඡන්දය දීම නවත්තලා දිනන්නේ නැති එක ගැන තවත් හැඟීමක් ඇති කරන්න හදනවා මම ඇඬුවා වගේ
worry,ඇඳේ වැතිර ඉන්නවා ගොඩක් කලින්
worry,මම ගිටාර් වලට ආදරෙයි ඒවා වාදනය කරනවා මම හිතන්නේ මම වඩා හොඳ නම් ඒවා විශිෂ්ට ලෙස ශබ්ද කරනවා
worry,මම දෙයක් කෑවා මම දන්නේ නැහැ ඒක මොකක්ද කියලා මම කෑම ගැන දේවල් කියන්නේ ඇයිමම ගොඩක් මහන්සියි මම හිතන්නේ මට අනිවාර්යයෙන්ම කන් ආසාදනයක් හැදෙයි කියලා මම හිතනවා නින්දට යනවා උපුටා දැක්වීම උපුටා දැක්වීම වරක්
empty,මම ටැකෝසෝන් එකට ගොඩක් කිට්ටුවෙන් හිටියා
worry,සිකුරාදා රෑ ලයිට් එක දානවා අනේ දෙවියනේ
neutral,සුරතල් ගෙදරක ඉන්න අවුරුද්දක පැටියා මුළු පවුලටම ගොඩක් දුකෙන් මැරුණා
sadness,මට ගේම් එක මග හැරුනා
neutral,නයිට් එන්න
worry,එය තවමත් කණගාටුදායකයි
anger,ආපසු මුදල් නැත නමුත් ඔවුන් ගිණුම් නැවත ලබා ගන්නවා සොරා හැක් භාවිතා කරන්නේ නැහැ කියලා බලාපොරොත්තු වෙනවා නැත්නම් ඒක ස්ථිරයි
worry,අනේ දෙවියනේ ටිෂූ එක දාන්න
neutral,මෑතකදී මම ටොන් ගණනක් බර වැඩි කර ගත් ඔබේ මිතුරෙකුගෙන් එය මගේ අවධානයට ලක්ව ඇත ඔහු ඒ මම කියලා දැනගෙන හිටියේ නැහැ
sadness,නිදන කාමරේ ගෘහ භාණ්ඩ ඔක්කොම තීන්ත ගාලා ඉවරයි මට තාම මේසය හදන්න වෙනවා නමුත් ඒක මාරුවෙන් පස්සේ වෙයි හ්ම්ම් රස්නෙට යනවා
love,අනේ මම හිතන්නේ මේක එහෙමයි ගොඩ ගන්න බෑ
love,එය දීප්තිමත් විය ළඟපාත ගෑස් වැඩ අවසානයේ දැවැන්ත පිපිරීමක් සිදු විය
hate,මගේ අම්මලා මට ඡන්දෙ දෙන එක නවත්තලා දිනන්නේ නැති එක ගැන තවත් දැනෙන්න සලස්වන්න හදනවා මම ඇඬුවා වගේ
worry,ආව් ඔයාට රහස ගැන මට කියන්න බෑ
worry,ඊයේ රෑ අන්තර්ජාලයක් නැහැ ළඟපාත ගෑස් එකක් අවසානයේ දැවැන්ත පිපිරීමක් ඇති වුණා
sadness,අනේ නයිට් පැය ගානක් ගියා
sadness,මගේ ජීවිතේ මම කරපු අමාරුම දේවල් වලින් එකක් වුණු මැක් එකේ මගේ කුණු හිස් කරන්න මට සිද්ධ වුණා පින්තූර නැති වෙලා
neutral,ගොඩක් පරක්කු වෙලා ඇති
sadness,මගේ අම්මලා මට ඡන්දෙ දෙන එක නවත්තන එක ගැන සහ කෙටිකතාව දිනන්නෙ නැති එක ගැන තවත් හැඟීමක් ඇති කරන්න හදනවා මම ඇඬුවා වගේ
relief,බොරුකියාඔයාට හැමදේටම බොරු කියන්න බෑ
neutral,මුදල් ආපසු ගෙවීමක් නැත නමුත් ඔවුන් එසේ කරනවා ගිණුම් නැවත ලබා ගැනීමට සතියක් වගේ යනවා සොරා හැක් භාවිතා කරන්නේ නැහැ කියලා බලාපොරොත්තු වෙනවා නැත්නම් ඒක ස්ථිරයි
worry,ම්ම් ඔව් ඒක මටම හොඳ සටහනක් වෙන්න ඇති මොකද ඊඊ මම එතන හිටියා නම් කියලා හිතෙනවා
hate,රූමි එක්ක ඉන්න චිලින්ට සොම්බි ක්ලවුන් එනකම් ඉන්න බෑ ඒක සති ගානක් වෙනවා
neutral,ආහ් මගේ කාමරය වටා පියාසර කරන ලොකු භයානක දෝෂයක්
surprise,ගෑණු ළමයෙක් දැන් මගේ සිතුවිලි වල හරිම මෝඩයි
neutral,ඊළඟට රෑට ඔයාව දැක්කේ නෑ
enthusiasm,යාලුවො එක්ක ඉක්මනින් කාලය ගත කරන්න කැමතියි
surprise,මියාවේ හෝ වොට් වල මගේ හොඳම මිතුරන් කොහෙද
worry,බර්නෙට් එළියට එනවා කිසිවෙකු යන්නේ නැති උතුරට යන එක
surprise,නෑ එයාලා හැමෝම නිදාගන්නේ මොකද එයාලා නැගෙනහිර වෙරළේ ජීවත් වෙන්නේ
sadness,මම සිකුරාදා රෑ ලයිට් වල පළවෙනි කතාමාලාවේ නියමුවා හරහා යන්න හදනවා අනේ දෙවියනේ ටිෂූ එක දාන්න
sadness,කරන්න කිසිම දෙයක් නැහැ
neutral,අනුමාන කරනවා ඒක නම් එපා කෙල්ලේ මම තාමත් ජිම් එකේ ඉන්නේ උදේ පාන්දර වැඩ කරනවා
hate,මම නිවාඩුවක් යනවා
neutral,මම අවධානය යොමු කළේ ටොම් ගැන ගොඩක් මම මගේ ආදරණීය බැරැක්ව දැක්කේ නැහැ අනේ නෑ මම දෙකටම ඡන්දය දෙන්න ඕනේ දුප්පත් ජනාධිපතිට ඡන්ද විතරයි තියෙන්නේ
worry,ගෑණු ළමයෙක් දැන් මගේ සිතුවිලි වල ඉන්නවා මට ආතතිකාරක කිහිපයක් සමඟ නියම දවසක් ගත කළා
worry,මම ඔරිජිනල් එකේ ඉන්නම්
relief,නෑ එයාලා ඔක්කොම නිදාගෙන ඉන්නේ මොකද එයාලා නැගෙනහිර වෙරළේ ජීවත් වෙන්නේ
sadness,ඩීසල් යාරිස් එම්පීජී දුකයි ඒක ඇමරිකාවේ නැහැ ඒක නියමයි
sadness,මම එතන හිටියා නම් හොඳයි
neutral,නින්ද යන්න බැහැ
surprise,ඇත්තටම නිදිමත නැහැ කම්මැලියි ඒක තමයි හරි වචනය
surprise,ඇත්තටම නිදිමත නැහැ කම්මැලියි කියන එක තමයි හරි වචනය ආයෙත් එච්චර වැඩක් නෑ
neutral,මාර්ගයෙන් එහා පැත්තේ ඉන්න කාන්තාවට ගබ්සාවක් වුණා යාච්ඤාවක් කියන්න
sadness,ආපසු මුදල් නැහැ නමුත් ගිණුම් නැවත ලබා ගන්නවා සොරා හැක් කරන්නේ නැහැ කියලා බලාපොරොත්තුවෙන් සතියක් වගේ ගත වෙනවා
anger,ආපසු මුදල් නැත නමුත් ඔවුන් ගිණුම් නැවත ලබා ගන්නවා සොරා හැක් භාවිතා කරන්නේ නැහැ කියලා බලාපොරොත්තු වෙනවා නැත්නම් ඒක ස්ථිරයි
surprise,මම පාද සම්බන්ධ කර ගන්නවා පිලිපීනය
sadness,මගේ අම්මලා මට ඡන්දෙ දෙන එක නවත්තන එක ගැන සහ කෙටිකතාව දිනන්නෙ නැති එක ගැන මට තවත් දැනෙන්න දෙන්න හදනවා මම ඇඬුවා වගේ
worry,ට්විටාස්කෝප් එක මගේ මේස් රොක් කරන්නේ නැහැ දැනටමත්
worry,සෑම දෙයක්ම ගැන බොරු කියන්න බැහැ
sadness,ඊයේ රෑ මට කරන්න බැරි දෙයක්
neutral,ම්ම් ඔව් ඒක මටම හොඳ සටහනක් වෙන්න ඇති මොකද ඊඊ ගමේ කොටසේ ගෙදර වැඩ කරනකොට මගේ සුපුරුදු සහකරු නැති වෙනකම්
worry,මම ගිටාර් වලට ආදරෙයි ඒවා වාදනය කරනවා මම හිතන්නේ ඒවා විශිෂ්ටයි මම හොඳ නම් විතරයි
worry,කාමරකරුවන් සමඟ චිලින්ගේ වැඩ කරන දිනය සොම්බි ක්ලවුන් සීආර් එනතුරු බලා සිටිය නොහැක සති ගණනක් ගතවනු ඇත
happiness,අද රෑ මම ගෙදර ඉන්නවා
happiness,ඒක නම් එච්චර අමාරුවක්
worry,ලේඩි ගාගා ට්වීට් කළා ඔයා දැනගන්න ඕන නිසා එයාගේ වීඩියෝ එක ලීක් වෙන එක ගැන එයාගේ හිතට දැනුනේ නෑ
worry,මම වැඩ කරන තැන
neutral,කැලි කැලිට ඉන්න බෑ මගේ සති අන්තය සැමරීමට වයින් වීදුරුවක් තියෙනවා කියලා හිතලා වැකා තවමත් හෙට වැඩ කරනවා
anger,අනේ කමක් නෑ මේක බේරගන්න බෑ කියලා මම හිතනවා
neutral,මගේ කොණ්ඩේ කොච්චර හොඳ රැලි සහිත පෙනුමක් තිබුණත් ඒක මගේ අත් ආවරණය කර ඇති කර්ලර් එකෙන් ලැබෙන පිළිස්සීමට සාධාරණීකරණය නොකරන බව තීරණය කළා මම ඒක උළුක්කු කරනවා
worry,ආපසු ගෙවීම් නැත නමුත් ඔවුන් ගිණුම් ලබා ගනී සතියක් වැනි කාලයක් ගතවේ සොරා හැක් භාවිතා නොකරනු ඇතැයි බලාපොරොත්තු වෙමි නැතහොත් එය ස්ථිරයි
hate,දෙවියනේ මට නිදාගන්න ඕන
worry,මම හොඳ නම්
worry,සිකුරාදා රෑ ලයිට් එක දානවා අනේ දෙවියනේ
worry,මෑතකදී මම ටොන් ගණනක් බර වැඩි කර ගත් ඔබේ මිතුරෙකුගෙන් එය මගේ අවධානයට ලක්ව ඇත
worry,මොකද ගුවන් සේවා සුපිරි කොරයි
worry,මම ගිටාර් වලට ආදරෙයි ඒවා වාදනය කරනවා මම හිතන්නේ ඒවා විශිෂ්ටයි මම හොඳ නම්
empty,අද ඉඳන් විතරයි
hate,මට නිදාගන්න ඕන ඒත් මහන්සිත් නෑ
worry,නෑ ඒගොල්ලෝ ඔක්කොම නිදි මොකද එයාලා නැගෙනහිර වෙරළේ ජීවත් වෙන්නේ
neutral,නමුත් මට ඕන නෑ
worry,ඊව්ව් අකමැතියි
sadness,අනේ නෑ මම ටයර් එකක් ගැහුවොත් ඔයාට ඇත්තටම බැට්මෑන් දුම් ටිකක් යවන්න වෙනවා
surprise,මම ගොඩක් අවුල්
worry,ට්විටාස්කෝප් එක මගේ මේස් දැනටමත් හෙල්ලිලා යනවා
anger,ආපසු මුදල් නැත නමුත් ඔවුන් ගිණුම් නැවත ලබා ගන්නවා සොරා හැක් භාවිතා කරන්නේ නැහැ කියලා බලාපොරොත්තු වෙනවා නැත්නම් ඒක ස්ථිරයි
sadness,චාලීන් මගේ ආදරේ මට ඔයාව මතක් වෙනවා
neutral,මම ගොඩක් දුකයි
boredom,ඒක මම කියලා එයා දැනගෙන හිටියේ නැහැ
sadness,වැඩ කරන දවස
neutral,සුභ උපන්දිනයක් වේවා ඔයාට නියම දවසක් ලැබේවා කියලා බලාපොරොත්තු වෙනවා ඊළඟ රෑ ඔයාව දැක්කෙ නෑ
worry,මට නිදාගන්න ඕනේ ඒත් මට මහන්සිත් නෑ
sadness,පසුගිය මාසෙ ගිම්හානය නිසා ස්ට්රෝබෙරි චෙන්නායි වෙළඳපොළේ නැහැ
neutral,මම නව ට්විටර්ෆෝන් යාවත්කාලීනය බාගත කළේ ඔවුන් නව ට්වීට් සඳහා ටයිප් කිරීමේ ගැටලුව විසඳනවා කියලා හිතාගෙන නමුත් නැහැ ඔවුන් එසේ කළේ නැහැ
neutral,ක්ලෙයාර් ලව් ෂෝ එක ඔෆිස් එකට ආවා උදේට රේඩියෝ එකක් නෑ
sadness,මම තාම ජිම් එකේ වැඩ කරනවා
neutral,මට ප්ලගර් කිරීම මග හැරෙනවා යැයි පවසයි
worry,නෑ ඒගොල්ලෝ ඔක්කොම නිදි මොකද එයාලා නැගෙනහිර වෙරළේ ජීවත් වෙන්නේ
sadness,එක පාරක් හහා දුප්පත් අබී තාමත් රිදෙනවා
worry,අද මම ගෙදර ඉන්නවා මට ෆිල්ම් බලන්න බෑ
neutral,ඒක නම් කරන්න බෑ
neutral,මම ඔට්ටු අල්ලනවා එස්ආර් එකේ සිසිල් වෙලා කියලා හහ් ඒක මෙතන නැහැ තාත්තයි මමයි බෑග් කරනකොට දවල් ඉඳන් මම දහවල් ඉඳන් දහඩිය දැම්මේ නැහැ
fun,ඇත්තටම නිදිමත නෑ කම්මැලියි කියන එක තමයි ආයෙත් හරි වචනය වැඩිය වැඩ නෑ
neutral,මම ඉක්මනින් නිදාගත්තා
worry,මම හිතන්නේ ඒක සිසිල් වෙලා කියලා හහ් ඒක මෙතන නැහැ තාත්තයි තාත්තයි දවල් ඉඳන් දහවල් ඉඳන් මම දහඩිය දානවා නවත්තලා නැහැ මම බඩු පැක් කර කර හිටියා
neutral,මම අලුත් ට්විටර්ෆෝන් යාවත්කාලීනය බාගත කළේ ඔවුන් අලුත් ට්වීට් සඳහා ටයිප් කිරීමේ ගැටලුව විසඳනවා කියලා හිතාගෙන නමුත් නැහැ ඔවුන් එසේ කළේ නැහැ
worry,ගර්භනී කාන්තාවන් දුම්පානය කරනවා දකින විට මට වෛර කරනවා ඒක හරිම වගකීම් විරහිතයි ආත්මාර්ථකාමීයි ඒක හොඳයි අන්තිමේදී බබා තමයි දුක් විඳින්නේ
hate,කමක් නැහැ මේක බේරගන්න බැරි දෙයක් කියලා මම හිතනවා
neutral,ඔයා කවදාවත් ඔයාගේ ඩීඑම් එකට උත්තර දුන්නේ නැහැ මම ඔයාට ඔයාගේ තොරතුරු එව්වා
worry,ආපසු ගෙවීම් නැත නමුත් ඔවුන් ගිණුම් ලබා ගනී සතියක් වැනි කාලයක් ගතවේ සොරා හැක් භාවිතා නොකරනු ඇතැයි බලාපොරොත්තු වෙමි නැතහොත් එය ස්ථිරයි
fun,ඊයේ රෑ අන්තර්ජාලය නැහැ ළඟපාත ගෑස් වැඩ කෙළවරේ දැවැන්ත පිපිරීමක් සිදුවුණා ස්ටෑන්ඩ්බයි එකේ මොකද ගුවන් සේවා හරිම දුර්වලයි
neutral,මම දන්නවා නමුත් මම කිව්වා වගේ මේ දේවල් ගැන විමර්ශනය කරන්න එයාලට කොච්චර කාලයක් ගතවෙයිද කියලා මට අදහසක් නැහැ
sadness,අහ්හ් ඊළඟ රළුකමට යන්න මට මේ මෝඩ ගීතය පරාජය කළ යුතුයි
surprise,ඒක මාව අවුස්සනවා මට එරිකාට පස්සෙන් එන්න දෙන්නේ නැහැ
sadness,මම ඔරිජිනල් එකේ යන්නම්
neutral,මම ඔට්ටු අල්ලනවා එස්ආර් එකේ සිසිල් වෙලා කියලා හහ් ඒක මෙතන නැහැ තාත්තයි මමයි බෑග් කරනකොට දවල් ඉඳන් මම දහවල් ඉඳන් දහඩිය දැම්මේ නැහැ
neutral,ගර්භනී කාන්තාවන් දුම්පානය කරනවා දකින විට මට වෛර කරනවා ඒක වගකීම් විරහිතයි ආත්මාර්ථකාමීයි ඒක සාද් අවසානයේ බබා දුක් විඳිනවා කියලා මට වෛර කරනවා
neutral,ඔයා කවදාවත් ඔයාගේ ඩීඑම් එකට උත්තර දුන්නේ නෑ මම ඔයාට ඔයාගේ තොරතුරු එව්වා
neutral,මම දන්නවා නමුත් මම කිව්වා වගේ මේ දේවල් ගැන විමර්ශනය කරන්න එයාලට කොච්චර කාලයක් ගතවෙයිද කියලා මට අදහසක් නැහැ
empty,ඇත්තටම ඇත්තටම කම්මැලියි මම නිදාගන්නවා කියලා මම හිතනවා
neutral,මාර්ගයෙන් එහා පැත්තේ ඉන්න කාන්තාවට ගබ්සාවක් වුණා යාච්ඤාවක් කියන්න
neutral,ගර්භනී කාන්තාවන් දුම්පානය කරනවා දකිනකොට මට වෛරයි ඒක හරිම වගකීම් විරහිතයි ආත්මාර්ථකාමීයි ඒක හොඳයි අන්තිමට බබා තමයි දුක් විඳින්නේ
neutral,මුදල් ආපසු ගෙවීමක් නැත නමුත් ඔවුන් එසේ කරනවා ගිණුම් නැවත ලබා ගැනීමට සතියක් වගේ යනවා සොරා හැක් භාවිතා කරන්නේ නැහැ කියලා බලාපොරොත්තු වෙනවා නැත්නම් ඒක ස්ථිරයි
worry,ගෙදර යන්න ඕන
worry,කාලි කැඩිලා
worry,මගේ අම්මලා ඡන්දය දීම නවත්තලා කෙටි කාලයක් දිනන්නේ නැති එක ගැන මට දැනෙන්න සලස්වන්න උත්සාහ කරනවා මම ඇඬුවා
worry,ගෙදරට ආපහු යන එක මොකද මට කේක් කෑල්ල අමතක වුණා
neutral,ම්ම්ම් ගොඩක් හොඳ දවසක් තාමත් යූඩීඑස් එකේ අන්තිම දවස හොඳටම කලින්
neutral,කාලය වෙනස් මම එදිනෙදා දේවල් වලින් පුරවගෙන ඉන්නේ ඒ නිසා මම ඉක්මනින්ම ට්වීට් කරලා නැහැ පැය කිහිපයකින් නිදාගන්න ඕනේ
love,තවදුරටත් අත්අඩංගුවට ගත්තු සංවර්ධනයක් නෑ මට දුකයි
neutral,කාලය වෙනස් මම එදිනෙදා දේවල් වලින් පුරවගෙන ඉන්නේ ඒ නිසා මම ඉක්මනින්ම ට්වීට් කරලා නැහැ පැය කිහිපයකින් නිදාගන්න ඕනේ
love,වයිකොනෙඩුමාරන් එල්ටීටීඊ වගේ යාළුවෝ එක්ක වැරදි වෙලාවක වැරදි උපදෙස් ඕන වුණේ නෑ වැරදි වෙලාවට වැරදි උපදෙස් ඕන තරම් මරණ වලට හේතු වුණා ඒ වගේම නැති වුණු හේතුවක් නිසා
worry,වැඩ කරන්න හිතෙන්නේ නැහැ මම හිතන්නේ මම මේක නිතර නිතර ට්වීට් කරනවා
surprise,මම ගොඩක් අවුල්
neutral,අනුමාන කරනවා ඒක නම් එපා කෙල්ලේ මම තාමත් ජිම් එකේ ඉන්නේ උදේ පාන්දර වැඩ කරනවා
sadness,කවුද දන්නේ නෑ
neutral,ඒ නිසා ඔයාට නටන්න පුළුවන් කියලා හිතනවා
neutral,නයිට් එන්න
neutral,මගේ නහය ගැලවිලා ගියා මට ඒක හොයාගන්න බෑ අද ඇම්ස්ටර්ඩෑම් ගිහින් අලුත් එකක් ගන්න ඕන
neutral,මම අලුත් ට්විටර්ෆෝන් යාවත්කාලීනය බාගත කළේ ඔවුන් අලුත් ට්වීට් සඳහා ටයිප් කිරීමේ ගැටලුව විසඳනවා කියලා හිතාගෙන නමුත් නැහැ ඔවුන් එසේ කළේ නැහැ
love,මුදල් ආපසු ගෙවීමක් නැත නමුත් ඔවුන් ගිණුම් ලබා ගන්නවා සතියක් වගේ ගත වෙනවා සොරා හැක් භාවිතා කරන්නේ නැහැ කියලා බලාපොරොත්තු වෙනවා නැත්නම් එය ස්ථිරයි
surprise,මගේ අම්මලා ඡන්දය දීම නවත්තලා කෙටි කාලයක් දිනන්නේ නැති එක ගැන මට දැනෙන්න සලස්වන්න හදනවා
sadness,අනේ එක විනාඩියක්වත් පරක්කු නැහැ ඕ හොඳයි
hate,කමක් නැහැ මේක බේරගන්න බැරි දෙයක් කියලා මම හිතනවා
empty,ඒක මාව අවුස්සනවා එරිකාට පස්සෙන් එන්න දෙන්නෙත් නෑ
boredom,ඒක මම කියලා එයා දැනගෙන හිටියේ නැහැ
neutral,ඒක ඉවර වෙන්න ඕන නෑ
surprise,ගෙදර එන්න
happiness,කවුරුත් ඒක අල්ලගෙන හිටියේ නෑ කියලා හිතුවේ නෑ
neutral,ඇත්තටම නිදිමත නැහැ කම්මැලියි කියන එක තමයි නිවැරදි වචනය නැවතත් වැඩි වැඩක් නැහැ
neutral,හූස්ටන් ටිකට්පත් තියෙන කෙනෙක් එක්ක අපිට හුවමාරු කරගන්න ඕන නමුත් කවුරුත් එහෙම කරන්නේ නැහැ
neutral,මට කේක් කෑල්ල අමතක වුණු නිසා ආපහු ගෙදර යනවා
worry,නිදාගන්න යනවා සාමකාමී නැහැ
surprise,මට ගන්න වෙලාවක් නැහැ මට අලුත් බයින්ඩර් එකක් ඕනේ
empty,මම දැන් මගේ මාපටැඟිලි ඇඹරෙනවා
sadness,නෑ නයිට් ඒක පැය ගණනක් ගෙවිලා ගිහින් තියෙනවා
sadness,ගර්භනී කාන්තාවන් දුම්පානය කරනවා දකිනකොට මට ඒක හරිම වගකීම් විරහිතයි ආත්මාර්ථකාමීයි ඒක හොඳයි අන්තිමේදී බබා තමයි දුක් විඳින්නේ
worry,ඒක පිස්සුවක්
neutral,ඒක ගල් සීතලයි පිස්සුවක්
love,හහහා අනිත් අය මට ගායනා කළොත් ඒක භයානක නැහැ ඒක වැඩ කරන්න පුළුවන් කියලා මට විශ්වාසයි
fun,මට නිදාගන්න ඕනේ නමුත් මට මහන්සිත් නෑ
sadness,ඩොක්ස් බෙහෙත් වට්ටෝරු වැඩ කරන්නේ නෑ කියලා
neutral,ම්ම් ඔව් ඒක මටම හොඳ සටහනක් වෙන්න ඇති මොකද ඊඊ මිල අධිකයි
surprise,ම්ම් ඔව් ඒක මටම හොඳ සටහනක් වෙන්න ඇති මොකද ඊඊ
worry,මම හිතන්නේ ඒක සිසිල් වෙලා කියලා හහ් ඒක මෙතන නැහැ තාත්තයි තාත්තයි දවල් ඉඳන් දහවල් ඉඳන් මම දහඩිය දානවා නවත්තලා නැහැ මම බඩු පැක් කර කර හිටියා
worry,ඉතින් මම හිතන්නේ මගේ පුතාට උණ ඇති වෙන්න ඇති මොකද මම දැන් කුණු වමනයක් පිරිසිදු කළා දුප්පත් පම්ක්පින්
neutral,අනේ ඔයාට රහස ගැන කියන්න බෑ
worry,අද මම ගෙදර ඉන්නවා මට ෆිල්ම් බලන්න බෑ
worry,සිකුරාදා නයිට් ලයිට් වල පළවෙනි සීසන් එකේ පයිලට් එක හරහා යන්න හදනවා දෙයියනේ දෙවියනේ ටිෂූ එක පාස් කරන්න
worry,ඊව්ව් අකමැතියි
boredom,අනුමාන කරන්න බෑ කෙල්ලේ මම තාමත් ජිම් එකේ ඉන්නවා උදේ පාන්දර වැඩ කරනවා
happiness,හිලින් එක්ක කාමරේ ඉන්න අයට සොම්බි ක්ලවුන් සීආර් එනකම් ඉන්න බෑ සති ගානක් යයි
worry,කවුරුත් ඒක අල්ලගෙන හිටියේ නැහැ
relief,මම ගිටාර් වලට ආදරෙයි ඒවා වාදනය කරනවා මම හොඳ නම් ඒවා විශිෂ්ටයි කියලා මම හිතනවා
hate,මම යනවා
worry,ම්ම් ඔව් ඒක මටම හොඳ සටහනක් වෙන්න ඇති මොකද ඊඊඊඊඊ
hate,දෙවියනේ මට නිදාගන්න ඕන
sadness,කමක් නෑ කමක් නෑ
surprise,කේක් කෑල්ල අමතක වෙලා ගෙදර යනවා
neutral,අනේ කමක් නෑ මේක ගොඩගන්න බෑ කියලා මම හිතනවා
sadness,ඇත්තටම නිදිමත නැහැ කම්මැලියි කියන එක තමයි හරි වචනය
sadness,ඩොක්ස් බෙහෙත් වට්ටෝරු වැඩ කරන්නේ නෑ කියලා
love,ඇත්තටම නිදිමත නැහැ කම්මැලියි කියන එක තමයි නිවැරදි වචනය නැවතත් එතරම් වැඩක් නැහැ
worry,මම වූඩූ ගමේ කොටසේ කෝප් එකේ අන්තිම කොටස් වෙනකම් සෙල්ලම් කළා මගේ සුපුරුදු සහකරු නැති වෙනකම්
neutral,නයිට් එන්න පැය ගණනක් ගත වී ඇත
sadness,ගර්භනී කාන්තාවන් දුම්පානය කරනවා දකිනකොට මට වෛරයි
worry,ගුවන් සේවා ඉතා දුර්වලයි
neutral,මට කවදාවත් එපා කියන්න බෑ
worry,රැට් රොක්ඩ් නැෂ්විල් ටොනිට් එක දෙයක් නරක නැහැ ඒගොල්ලන්ට තාමත් විනෝදජනක සංදර්ශනයක් තියෙනවා පර්සි ඒ හොට් බැට් බෝයි පෙනුම
relief,බොරුකියාඔයාට හැමදේටම බොරු කියන්න බෑ
worry,ගෙදර තනියම කරන්න වැඩි දෙයක් නැහැ
happiness,කවුරුත් ඒක අල්ලගෙන හිටියේ නෑ කියලා හිතුවේ නෑ
worry,මට සිස්ටික් තියෙනවා ඇස්වල කඳුළු ආසාදනයක් නිසා මගේ ඇහේයි මූණෙයි ඉදිමිලා රිදෙනවා
worry,සිකුරාදා නයිට් ලයිට් වල පළවෙනි සීසන් එකේ පයිලට් එක හරහා යන්න හදනවා දෙයියනේ දෙවියනේ ටිෂූ එක පාස් කරන්න
surprise,මම ටැකෝසෝන් ස්ථානයට ගොඩක් පරක්කු වෙලා හිටියා
sadness,ගැබිනි කාන්තාවන් දුම්පානය කරනවා දකිනකොට මට ඒක හරිම වගකීම් විරහිතයි ආත්මාර්ථකාමීයි ඒක හොඳයි අන්තිමේදී බබා තමයි දුක් විඳින්නේ
neutral,මගේ දත් සහ හිස රිදෙනවා
neutral,මම හිතන්නේ ඒක සිසිල් වෙලා කියලා හහ් ඒක මෙතන නැහැ තාත්තයි මමයි බෑග් හදනකොට දවල් ඉඳන් මම දහවල් ඉඳන් දහඩිය දැම්මේ නැහැ
boredom,ඩොක්ටර්ස් බෙහෙත් වට්ටෝරු වැඩ කරන්නේ නෑ
happiness,කවුරුත් ඒක අල්ලගත්තේ නැහැ
sadness,ගෙදර යන ගමන් බාල වයස්කාර ගැහැණු ළමයින් සමඟ ගනුදෙනුවක් කරනවා කෙගර්ස්ඩෑම් ගැන කතා කරන අතරතුර බස් රථයේ ජින් බොනවා මට වයසයි
sadness,මම ගොඩක් මහන්සියි
worry,මට නිදාගන්න බෑ නමුත් මට චලනය වෙන්න අමාරුයි
surprise,ඒක මාව අවුස්සනවා මට එරිකා පසුපස යන්න දෙන්නේ නැහැ
surprise,මම පාද සම්බන්ධ කර ගන්නවා පිලිපීනය
neutral,මම දැන් යන්නෙ නෑ කෙල්ලේ මම තාමත් ජිම් එකේ වැඩ කරනවා
sadness,මට සමාවෙන්න අවම වශයෙන් සිකුරාදා
neutral,එපිසෙන්ටර් වීලොක් ප්ලේස් සංචාරකයින්ට පමණයි
neutral,මම අද රෑ විතරයි සමලිංගිකයින්ට හැදුවේ
worry,අනේ දෙවියනේ ටිෂූ එක දාන්න
neutral,උපායශීලී වැරැද්දක්
worry,හොඳයි පැවරුම් සඳහා වැඩි කාලයක් ගත වෙනවා
sadness,කමක් නෑ කමක් නෑ
neutral,ම්ම් ඔව් ඒක මටම හොඳ සටහනක් වෙන්න ඇති මොකද ඊඊ මිල අධිකයි
enthusiasm,මට ගේම් එක මග හැරුණා
sadness,මම ටැකෝසෝන් ස්ථානයට ගොඩක් පරක්කු වුණා
neutral,කවුරුත් ඒක අල්ලගෙන හිටියේ නැහැ කියලා මම හිතුවේ නැහැ
worry,ඔයා හොඳින්ද
surprise,මගේ අම්මලා මට ඡන්දෙ දෙන එක නවත්තන එක ගැන සහ කෙටිකතාව දිනන්නෙ නැති එක ගැන මට දැනෙන්න දෙන්න හදනවා මම ඇඬුවා වගේ
worry,ඔයා හොඳින්ද
sadness,මට ලස්සන වෙරළක් ගැන සිහිනයක් තිබුණා මම අවදි වන විට වෙරළක් තිබුණේ නැහැ
sadness,කරන්න කිසිම දෙයක් නැහැ
worry,ගිණුම් කරන ආකාරය තව ටිකක් එකතු කරනවා කෙටි කාලීනව පීඩනය හොඳයි නමුත් හොඳින් මුහුණ දෙන්න
neutral,මම ගොඩක් අවුල් වෙලා
worry,මම ටැකෝසෝන් ස්ථානයට ගොඩක් ළඟින් හිටියා
neutral,මම දේවල් යන්න කැමතියි ගිය ගිම්හානයේ ආරම්භය වෙනකම්ම වගේ
worry,මම වැඩ කරන තැන
worry,මේ අසාත්මිකතා මට මේ අවුරුද්දේ කාලය කැමති නැහැ මේ නිසා මට කවදාවත් මේ ගැටලුව තිබුණේ නැහැ
sadness,මම නෙට් එකට වෛර කරනවා
worry,ඒක නෑ
hate,අනේ ඒක එරික් හරි වෙන කෙනෙක් හරි ඔයාගේ කොණ්ඩේ සෙල්ලම් කරන්න ඕන වුණාම
worry,හ්ම්ම්ම් බැහැ
sadness,ඒක තේරෙන්නේ නෑ
neutral,මම ඔට්ටු අල්ලනවා එස්ආර් එකේ සිසිල් වෙලා කියලා හහ් ඒක මෙතන නැහැ තාත්තයි මමයි බෑග් කරනකොට දවල් ඉඳන් මම දහවල් ඉඳන් දහඩිය දැම්මේ නැහැ
neutral,ඊළඟට රෑට ඔයාව දැක්කේ නෑ
neutral,සමාජය උද්දීපනය වෙලා නැත්නම් හෙට නොවෙන්න පුළුවන්
happiness,මට නිදාගන්න ඕනේ ඒත් මට මහන්සිත් නැහැ
love,අනේ මම හිතන්නේ මේක එහෙමයි ගොඩ ගන්න බෑ
sadness,අන්තර්ජාලය නැහැ
surprise,මට නරකක් දැනෙනවා දැන් මගේ අම්මා ගැන නරක ආරංචියක් ලැබුණා
worry,ආපසු මුදල් නැහැ නමුත් ඔවුන් ගිණුම් ලබා ගන්නවා සතියක් වගේ ගත වෙනවා සොරා හැක් කරන්නේ නැහැ කියලා බලාපොරොත්තු වෙනවා නැත්නම් ඒක ස්ථිරයි
worry,ම්ම් ඔව් ඒක මටම කියන්න හොඳ සටහනක් වෙන්න ඇති
neutral,මගේ නහය ගැලවිලා ගියා මට ඒක හොයාගන්න බෑ අද ඇම්ස්ටර්ඩෑම් ගිහින් අලුත් එකක් ගන්න ඕන
worry,මම දෙයක් කෑවා මම දන්නේ නැහැ ඒක මොකක්ද කියලා මම කෑම ගැන දේවල් කියන්නේ ඇයිමම ගොඩක් මහන්සියි මම හිතන්නේ මට අනිවාර්යයෙන්ම කන් ආසාදනයක් හැදෙයි කියලා මම හිතනවා නින්දට යනවා උපුටා දැක්වීම උපුටා දැක්වීම වරක්
sadness,වැස්ස මැදින් ගෙදර යන්න එච්චර උනන්දුවක් නෑ
worry,ආපසු මුදල් නැහැ නමුත් ඔවුන් ගිණුම් ලබා ගන්නවා සතියක් වගේ යනවා සොරා හැක් භාවිතා කරන්නේ නැහැ කියලා බලාපොරොත්තු වෙනවා නැත්නම් ඒක ස්ථිරයි
worry,ගර්භනී කාන්තාවන් දුම්පානය කරනවා දකින විට මට වෛර කරනවා ඒක හරිම වගකීම් විරහිතයි ආත්මාර්ථකාමීයි අවසානයේ බබා දුක් විඳිනවා
sadness,මම සිකුරාදා රෑ ලයිට් වල පළවෙනි කතාමාලාවේ නියමුවා හරහා යන්න හදනවා අනේ දෙවියනේ ටිෂූ එක පාස් කරන්න
happiness,නෑ ඒ හැමෝම නිදාගෙන ඉන්නවා මොකද එයාලා නැගෙනහිර වෙරළේ ජීවත් වෙනවා
neutral,ඇඳේ වැතිර ඉන්නවා ෆාආ අඩුම තරමේ මම කලින් වගේ පෙනුනත් එක්ක සසඳනකොට
worry,මගේ අම්මලා ඡන්දය දීම නවත්තලා කෙටිකතාවක් දිනන්නේ නැති එක ගැන මට දැනෙන්න සලස්වන්න උත්සාහ කරනවා මම ඇඬුවා වගේ
worry,කෙල්ලෙක් මොට කෙනෙක් මගේ සිතුවිලි වල හරිම මෝඩයි දැන් මට ආතතිකාරක කිහිපයක් සමඟ ඇත්තෙන්ම හොඳ දවසක් තිබුණා ගෙදර එන්න
worry,දැන් මම බලලා මානසික අවපීඩනයෙන් පෙළෙනවා
happiness,ඒක නම් හරිම කරදරයක්
neutral,මාර්ගයෙන් එහා පැත්තේ ඉන්න කාන්තාවට ගබ්සාවක් වුණා යාච්ඤාවක් කියන්න
relief,හහහ අනිත් අය එක්ක ගායනා කළොත් ඒක භයානක නැහැ ඒක වැඩ කරන්න පුළුවන් කියලා මට විශ්වාසයි
sadness,මට ඇත්තටම ගනුදෙනු කරන්න ඕන නෑ
worry,ගෙදර යන්න ඕන
worry,අද මම ගෙදර ඉන්නවා මට ෆිල්ම් බලන්න බෑ
sadness,මම අද රෑ විතරයි හැදුවේ
sadness,මම හිතන්නේ සර් එකේ ඒක සිසිල් වෙලා කියලා හහ් ඒක මෙතන නැහැ තාත්තයි මමයි බඩු ගන්නකොට දවල් ඉඳන් මම දාඩිය දානවා නවත්තලා නැහැ
sadness,මගේ අම්මලා මට ඡන්දෙ දෙන එක නවත්තන එක ගැන සහ කෙටිකතාව දිනන්නෙ නැති එක ගැන තවත් හැඟීමක් ඇති කරන්න හදනවා මම ඇඬුවා වගේ
surprise,ම්ම් ඔව් ඒක මටම හොඳ සටහනක් වෙන්න ඇති මොකද ඊඊ
sadness,ඒක මෙහෙ නෑ මමයි තාත්තයි බෑග් පැක් කරනකොට දවල් ඉඳන් මට දාඩිය දාල නෑ
surprise,ගෙදරට ආපහු යනවා මොකද මම කේක් කෑල්ල අමතක කළා
hate,ඔහ් ඒක ඇත්තටම වෙලාවක්
hate,මම ඔට්ටු අල්ලනවා එස්ආර් එකේ සිසිල් වෙලා කියලා හහ් ඒක මෙතන නැහැ තාත්තයි මමයි බෑග් කරනකොට දවල් ඉඳන් මම දාඩිය දැම්මේ නැහැ
surprise,මගේ යාළුවා මම මෑතකදී ටොන් ගණනක් බර වැඩි වුණා ඒ මම කියලා එයා දැනගෙන හිටියේ නැහැ
empty,මම ටැකෝසෝන් එකට ගොඩක් කිට්ටුවෙන් හිටියා
happiness,මට නිදාගන්න ඕනේ ඒත් මට මහන්සිත් නැහැ
relief,නෑ එයාලා ඔක්කොම නිදාගෙන ඉන්නේ මොකද එයාලා නැගෙනහිර වෙරළේ ජීවත් වෙන්නේ
worry,ඊයේ රෑ අන්තර්ජාලයක් නැහැ ළඟපාත ගෑස් එකක් අවසානයේ දැවැන්ත පිපිරීමක් ඇති වුණා
sadness,මම ඔර්ලන්ඩ් යනවා
sadness,මම දැන් තමයි පටන් ගත්තේ
neutral,උදේ දෙතුන් පාරක් උදේ පාන්දරින්ම ආපහු යන්න
neutral,ආපහු නිදිමත නැහැ ආයෙත් වැඩ වැඩියි
surprise,මම පාද සම්බන්ධ කර ගන්නවා පිලිපීනය
surprise,ගුවන් ටිකට්පත් මෙතරම් මිල අධික ඇයි
worry,ට්විටාස්කෝප් එක රොක් වෙන්නේ නැහැ මගේ මේස් දැනටමත් ගිහින් ඉවරයි
neutral,ඒක ඉවර වෙන්න ඕන නෑ
sadness,ඇඳේ වැතිරිලා ඉන්නවා ගොඩක් කලින්
boredom,අනේ අද දුකයි
sadness,ආව් ඉදිරියට සහ ඉහළට දැන් ඔව් තවමත් යන්න දුකයි මම ඔට්ටු අල්ලනවා
sadness,මම දැන් තමයි පටන් ගත්තේ
sadness,ට්විටාස්කෝප් එක මගේ මේස් දැනටමත් හොල්ලන්නේ නැහැ
surprise,මම දකින විට මට වෛර කරනවා ගැබිනි කාන්තාවන් දුම්පානය කරනවා ඒක හරිම වගකීම් විරහිතයි ආත්මාර්ථකාමීයි ඒක තමයි අන්තිමේදී බබා දුක් විඳින කෙනා
neutral,මට සමාවෙන්න මම කලින් වගේ පෙනුන දේට සාපේක්ෂව මම පැත්තකට වෙලා ඉන්නේ නැහැ
worry,හ්ම්ම් ඔව් ඒක මටම හොඳ සටහනක් වෙන්න ඇති මොකද ඊඊ
sadness,අනුමාන කරන්න බෑ
neutral,මම ගිටාර් වලට ආදරෙයි ඒවා වාදනය කරනවා මම හිතන්නේ ඒවා සුපිරියටම ඇහෙනවා මම හොඳ නම් විතරයි
surprise,මියාවේ හෝ වොට් වල මගේ හොඳම මිතුරන් කොහෙද
neutral,මක්නිසාද යත් එය තවමත් ලැජ්ජාවට පත් වී ඇත
neutral,එපිසෙන්ටර් වීලොක් ප්ලේස් සංචාරකයින්ට පමණයි
neutral,මට ප්ලගර් කිරීම මග හැරෙනවා යැයි පවසයි
worry,ට්විටාස්කෝප් එක මගේ මේස් රොක් කරන්නේ නැහැ
empty,අද ඉඳන් විතරයි
enthusiasm,මට ගේම් එක මග හැරුණා
sadness,අපි
worry,ඔයා හොඳින්ද
sadness,කවුරුත් ඒක අල්ලගත්තා කියලා හිතුවේ නෑ
worry,ගැහැණු ළමයෙක් මගේ ශරීරයේ හරිම මෝඩයි දැන් මට හිතෙනවා ආතතිය ඇති කරන දේවල් කීපයක් එක්ක මට නියම දවසක් ගත කරන්න පුළුවන් කියලා ගෙදර එන්න
hate,සිකුරාදා රෑ ලයිට් වල පළමු කතාමාලාවේ නියමුවා හරහා යන්න මම උත්සාහ කරනවා අනේ දෙවියනේ ටිෂූ එක පහු කරන්න
sadness,වැස්ස මැදින් ගෙදර යන්න එච්චර උනන්දුවක් නෑ
empty,මම ආපහු ගෙදර යන නිසා කේක් කෑල්ල අමතක වුනාට
sadness,රස්සාවක් ගොඩක් ඕනේ
surprise,ගෙදරට ආපහු යනවා මොකද මම කේක් කෑල්ල අමතක කළා
relief,මට කේන්ති යනවා එරිකා පස්සෙන් එන්න දෙන්නෙත් නෑ
neutral,මම ආපහු ගෙදර යන නිසා කේක් කෑල්ල අමතක වුනාට
love,හහහා අනිත් අය මට ගායනා කළොත් ඒක භයානක නැහැ ඒක වැඩ කරන්න පුළුවන් කියලා මට විශ්වාසයි
worry,තව පැයක් නිදාගන්න ඕනේ
sadness,ඒක තේරෙන්නේ නෑ
neutral,මගේ ට්විටර් එක ආයෙත් හැක් කරලා
worry,ඒක පිස්සුවක්
sadness,ඇත්තටම නිදිමත නැහැ කම්මැලියි කියන එක තමයි ආයෙත් හරි වචනය වැඩිය වැඩ නැහැ
sadness,මගේ ශුභවාදී බව අහන්න ලැබීම ගැන මට කණගාටුයි අපි හැමෝටම දේවල් හොඳ වෙයි
worry,තාමත් එයාගේ මහත්තයා නැති වෙනවා මට එයාව ගෙදර ඕන
worry,අව්වේ විනෝද වුණා හ්ම්ම් ඒක සීතලයි
worry,මම කලින් වගේ හිටියා
neutral,මම දෙමාපිය පාලනය බලාගෙන හිටියා
hate,ඇත්තටම නිදිමත නැහැ කම්මැලියි කියන එක තමයි හරි වචනය
worry,ගර්භනී කාන්තාවන් දුම්පානය කරනවා දකින විට මට වෛර කරනවා ඒක වගකීම් විරහිතයි ආත්මාර්ථකාමීයි ඒක සාද් අවසානයේ බබා දුක් විඳිනවා කියලා මට දුකයි
worry,ඔයා ආපහු ආවම මම මේ ගැන ට්වීට් කරනවා කියලා මට විශ්වාසයි ඒත් ආරංචි ගැන දැන් හරිම කතාබහක් තියෙනවා
anger,මම ඔරිජිනල් එකේ ඉන්නම්
sadness,ෂින් ඒ විවාහ වුණු එක ගැන දුකයි ඇලෙක්ස්ට නෙවෙයි
neutral,ශක්තිමත් හැකිලීම් දැනෙනවා නමුත් එළියට යන්න ඕන
sadness,මම ඔර්ලන්ඩ් යනවා
worry,මම හිතන්නේ ඒ වෝග් එක මට ටිකක් රිදෙනවා කියලා
neutral,ම්ම් ඔව් ඒක මටම හොඳ සටහනක් වෙන්න ඇති මොකද ඊඊ මිල අධිකයි
hate,හොඳයි ඒක හොඳ දවසක් වගේ මම හෙට ආයෙත් උත්සාහ කරනවා
surprise,තාම බැටළු පැටවෙකු නොමැති වීම කණගාටුවට කරුණක්
neutral,මට මගේ බබාව මතක් වෙනවා
worry,තාමත් එයාගේ මහත්තයා නැති වෙනවා මට එයාව ගෙදර ඕන
worry,බොරුකියා ඔයාට හැමදේටම බොරු කියන එක නවත්තන්න බෑ
sadness,අහ්හ් ඊළඟ රළුකමට යන්න මට මේ මෝඩ ගීතය පරාජය කළ යුතුයි
worry,ස්තූතියි නීමා මම ඔයාට ගොඩක් ළඟයි තාමත් අසනීපෙන් ඉන්නේ
sadness,කේක් කෑල්ල අමතක කරපු නිසා ආපහු ගෙදර යනවා
worry,ට්විටාස්කෝප් එක මගේ මේස් රොක් කරන්නේ නැහැ දැනටමත්
sadness,ඇත්තටම නිදිමත නෑ කම්මැලියි කියන එක තමයි හරි වචනේ වැඩිය වැඩ නෑ
worry,මට කිසිම දෙයක් කරන්න බෑ
love,මට දැනෙනවා තවත් බල්ලෙක් නැහැ
love,මට නිදාගන්න ඕනේ නමුත් මට මහන්සිත් නෑ
worry,මගේ යාළුවෙක්ගෙන් මට ඇහුණා මෑතකදී මම බර වැඩි වුණා කියලා එයා දැනගෙන හිටියේ නැහැ ඒ මම කියලා
sadness,මම ගොඩක් මහන්සියි
neutral,ක්ලෙයාර් ලව් ෂෝ එක ඔෆිස් එකට ආවා උදේට රේඩියෝ එකක් නෑ
worry,මොකද ගුවන් සමාගම් සුපිරි කම්මැලියි
neutral,මම දැන් ඒ ජරාව කරනවා මම නිවාඩුවේ ඉන්නේ ඔයා මට වැඩ කරන්න හිතුනා
worry,ඒක මාව අවුස්සනවා මට එරිකාගේ පස්සෙන් එන්න දෙන්නේ නැහැ
happiness,තාම බැටළු පැටවෙක් නැති එක කණගාටුවට කරුණක්
neutral,මගේ අම්මලා මට ඡන්දය දෙන එක නවත්තලා දිනන්නෙ නැති එක ගැන තවත් දැනෙන්න දෙන්න හදනවා මම ඇඬුවා වගේ
sadness,ඔයා අලුත් ට්වීට් වලට ටයිප් කිරීමේ ගැටලුව විසඳනවා කියලා හිතලා
sadness,මම නව ට්විටර්ෆෝන් යාවත්කාලීනය බාගත කළේ ඔවුන් නව ට්වීට් සඳහා ටයිප් කිරීමේ ගැටලුව විසඳනවා යැයි සිතමින් නමුත් ඔවුන් එසේ කළේ නැත
sadness,ඔව් ඒකෙ භයානක කොකාටූස් තමයි ජීවත් වෙන්න අමාරුම දේ ඒක හරිම හැඟීම්බර හොඳ දෙයක් එයා ඔයාව හොයාගත්තා
love,මේක බේරගන්න බෑ කියලා මම හිතනවා
neutral,මම ඉක්මනින් නිදාගත්තා
hate,සර් එකේ සීතලයි කියලා මම ඔට්ටු අල්ලනවා හහ් ඒක මෙතන නැහැ තාත්තයි මමයි බෑග් පැක් කරනකොට දවල් ඉඳන් මම දාඩිය දානවා නවත්තලා නැහැ
surprise,ඒක හොඳයි
boredom,ඩොක්ටර්ස් බෙහෙත් වට්ටෝරු වැඩ කරන්නේ නෑ
hate,අනේ ඔයා
surprise,මම පාද සම්බන්ධ කර ගන්නවා පිලිපීනය
sadness,වැඩක් නැහැ
worry,මම ගිටාර් වලට ආදරෙයි ඒවා වාදනය කරනවා මම හිතන්නේ මම හොඳ නම් ඒවා විශිෂ්ටයි
neutral,මම කලින් වගේ පෙනුන විදියට වඩා අඩුම තරමේ මම එළියට වෙලා ඉන්නේ නැහැ කියලා මම හිතනවා
worry,ඇඳේ වැතිර ඉන්නවා ගොඩක් කලින්
worry,ගෑණු ළමයෙක් දැන් මගේ සිතුවිලි වල හරිම ලස්සන දවසක්
neutral,ඊව් ඩේලි පැය ගණන්
happiness,කවුරුත් ඒක අල්ලගෙන හිටියේ නෑ කියලා හිතුවේ නෑ
worry,ඒක පිස්සුවක්
sadness,ම්ම් ඔව් ඒක මටම කියන්න හොඳ සටහනක් වෙන්න ඇති මොකද ඊඊඊඊඊ
worry,ඇත්තටම නිදිමත නැහැ කම්මැලියි කියන එක තමයි ආයෙත් හරි වචනය වැඩි වැඩක් නැහැ
worry,ඇත්තටම වේදනාව බ්ලෙච්
hate,කමක් නැහැ මේක බේරගන්න බැරි දෙයක් කියලා මම හිතනවා
sadness,ඔව් සුෂි කන්න පිනොචියෝස් වලට යන්න ටිකක් දුර වැඩියි
worry,මම ගැබිනි කාන්තාවන් දුම්පානය කරනවා දකිනකොට මට වෛරයක් දැනෙනවා ඒක හරිම වගකීම් විරහිතයි ආත්මාර්ථකාමීයි ඒක තමයි අන්තිමේදී බබා දුක් විඳින කෙනා
sadness,ඇත්තටම නිදිමත නැහැ කම්මැලියි කියන එක තමයි හරි වචනය
neutral,ඇය මට පහර දෙන දේ ඇය දන්නවා නම් හොඳයි ඇය මගේ හදවත සොරකම් කළේ නැහැ කවදාවත් එය ආපසු දුන්නේ නැහැ ඉඳහිට ඇය වගේ ඉන්න කැමතියි බලන්න මට තියෙන දේ මට තියෙන කැස්සක් තියෙනවා මට අසනීප වෙන්න බෑ මට ඉස්සරහින් ලොකු සති අන්තයක් තියෙනවා
worry,ම්ම් ඔව් ඒක මටම හොඳ සටහනක් වෙන්න ඇති මොකද ඊඊඊඊඊ
neutral,ටෲඩිස් බර්නෙට් එක උතුරට ගියා කවුරුත් යන්නේ නැති එක
sadness,ඔයා අලුත් ට්වීට් වලට ටයිප් කිරීමේ ගැටලුව විසඳනවා කියලා හිතලා
neutral,නෑ ඒ හැමෝම නිදාගෙන ඉන්නේ මොකද එයාලා නැගෙනහිර වෙරළේ ජීවත් වෙන්නේ
sadness,කමක් නෑ
worry,මම කලින් වගේ හිටියා
sadness,ෂින් ඒ විවාහ වුණු එක ගැන දුකයි ඇලෙක්ස්ට නෙවෙයි
boredom,අනේ අද දුකයි
sadness,එක පාරක් හහා දුප්පත් අබී තාමත් රිදෙනවා
love,වයිකොනෙඩුමාරන් එල්ටීටීඊ වගේ යාළුවෝ එක්ක වැරදි වෙලාවක වැරදි උපදෙස් ඕන වුණේ නෑ වැරදි වෙලාවට වැරදි උපදෙස් ඕන තරම් මරණ වලට හේතු වුණා ඒ වගේම නැති වුණු හේතුවක් නිසා
neutral,නිදන කාමර ගෘහ භාණ්ඩ සියල්ල පින්තාරු කිරීම අවසන්
hate,ඔයාලා යන එක ගැන මම කොච්චර උද්යෝගිමත්ද කියලා මම හිතුවා ඒත් ඊට පස්සේ මට තේරුණා ඔයාලා යනවා දකින්න කොච්චර දුකද කියලා
happiness,දැන් මට කරන්න බැරි දෙයක්
neutral,ඒක ගල් සීතලයි පිස්සුවක්
boredom,අනේ අද දුකයි
neutral,ඊයේ රෑ අන්තර්ජාලය තිබුණේ නැහැ ළඟපාත ගෑස් වැඩ කරන තැනක දැවැන්ත පිපිරීමක් සිදු වුණා ස්ටෑන්ඩ්බයි එකේ
hate,හෙට එයාව නැචෝස් කරන්නම් එයා ඒවා හැදුවට වඩා හොඳයි
sadness,මොකද වෙන්නෙ පැටියෝ
sadness,හ්ම් ඔව් ඒක මටම හොඳ සටහනක් වෙන්න ඇති මොකද ඊඊඊඊඊඊඊඊඊඊඊඊඊඊඊඊඊඊඊඊඊඊඊඊඊඊඊඊඊඊඊඊඊඊඊඊඊඊඊඊඊඊඊඊඊඊඊඊයේ රස්සාවක් ඕන නෑ
neutral,ඇය මට පහර දෙන දේ ඇය දන්නවා නම් හොඳයි ඇය මගේ හදවත සොරකම් කළේ නැහැ කවදාවත් එය ආපසු දුන්නේ නැහැ ඉඳහිට ඇය වගේ ඉන්න කැමතියි බලන්න මට තියෙන දේ මට තියෙන කැස්සක් තියෙනවා මට අසනීප වෙන්න බෑ මට ඉස්සරහින් ලොකු සති අන්තයක් තියෙනවා
neutral,ආත්මාර්ථකාමීයි අන්තිමට බබා තමයි දුක් විඳින්නේ
love,අනේ මම හිතන්නේ මේක එහෙමයි ගොඩ ගන්න බෑ
neutral,මම අද රෑ විතරයි සමලිංගිකයින්ට හැදුවේ
love,මම ටැකෝසෝන් ස්ථානයට ගොඩක් පරක්කු වුණා
worry,මම ගිටාර් වලට ආදරෙයි ඒවා වාදනය කරනවා මම හිතන්නේ ඒවා විශිෂ්ටයි මම හොඳ නම්
love,මම ගිටාර් වලට ආදරෙයි ඒවා වාදනය කරනවා මම හිතන්නේ මම හොඳ නම් ඒවා විශිෂ්ටයි කියලා
neutral,අද රෑ ආලෝ හරිම දුකයි නිහඬයි හිස්යි
neutral,වැඩ කරන දිනය
sadness,ඒක හරියට තඩ් තඩ් වගේ
neutral,ඒක නරකයි
love,එය දීප්තිමත් විය ළඟපාත ගෑස් වැඩ අවසානයේ දැවැන්ත පිපිරීමක් සිදු විය
hate,කවුරුත් හිතුවේ නැහැ තේරුනා
hate,ඔහ් ඒක ඇත්තටම වෙලාවක්
sadness,අඬනවා ඒත් මට මහන්සිත් නෑ
worry,මම දැන් ඒ ජරාව කරනවා මම නිවාඩුවට ගිහින් ඔයා මාව වැඩට දැම්මා
sadness,ඡන්දය දීම නවත්තලා කෙටිකතාවක් දිනන්නේ නැතුව ඉන්න එක ගැන මට තවත් දැනෙන්න දෙන්න මම ඇඬුවා වගේ
sadness,මම නිදාගන්න ඕනේ නමුත් මම මට ඕන පරණ යාළුවෙක් ගැන හිතන්නේ නැහැ නමුත් එයා දැන් විවාහ වෙලා එයාට මාව ඕන අපකීර්තියට පත් කරන්න ඕන
boredom,මගේ ශුභවාදී බව අහන්න ලැබීම ගැන මට කණගාටුයි අපි හැමෝටම දේවල් හොඳ වේවි කියලා
neutral,මම දවස් ගානක් ටෝච්වුඩ් බලන්න ලෑස්තියි එයාලා මොනවා හරි ඇහුවද කියලා බලන්න
worry,සිකුරාදා රෑ ලයිට් වල පළමු කතාමාලාවේ නියමුවා හරහා යන්න මම උත්සාහ කරනවා
surprise,මට නරකක් දැනෙනවා දැන් මගේ අම්මා ගැන නරක ආරංචියක් ලැබුණා
worry,මම දැන් ඒ ජරාව කරනවා මම නිවාඩුවට ගිහින් ඔයා මාව වැඩට දැම්මා
worry,ඔයාට රහස කියන්න බෑ
sadness,ඒක තියෙනවා මගේ යාළුවෙක්ගෙන් මට ආරංචි වුණා එයා ළඟදී බර වැඩි වුණා එයා දැනගෙන හිටියේ නැහැ ඒ මම කියලා
sadness,ඊයේ රෑ ඉන්ටර්නෙට් නෑඒක හරිම කම්මැලියිඊළඟ රෑ ඔයාව දැක්කේ නෑ
neutral,තවදුරටත් අත්අඩංගුවට ගැනීමක් නැහැ මට දුකයි
sadness,මට ඔයාව හැමදාම ඕන කියලා ඔයා කොහොමද ඒත්තු ගන්නේ මම හැමදාම දුන්න සංඥා මොනවද කියලා මම හිතන්නේ මට තව යාළුවෙක් නැති වුණා කියලා
sadness,මට ලස්සන වෙරළක් ගැන සිහිනයක් තිබුණා මම අවදි වන විට වෙරළක් තිබුණේ නැහැ
worry,මට කණගාටුයි මම කලින් බලපු දේට සාපේක්ෂව මම අඩුම තරමින් එළියට වෙලා ඉන්නවා කියලා මම හිතන්නේ නැහැ හරියට
sadness,මගේ ජීවිතේ මම කරපු අමාරුම දේවල් වලින් එකක් වුණු මැක් එකේ මගේ කුණු හිස් කරන්න මට සිද්ධ වුණා පින්තූර නැති වෙලා
sadness,කමක් නෑ
neutral,මම හිතන්නේ ඒක සිසිල් වෙලා කියලා හහ් ඒක මෙතන නැහැ තාත්තයි මමයි බෑග් හදනකොට දවල් ඉඳන් මම දහවල් ඉඳන් දහඩිය දැම්මේ නැහැ
surprise,ඇඳේ වැතිර ඉන්නවා
hate,අද රෑ ගෙදර ඉන්නවා
happiness,ඒක නම් එච්චර අමාරුවක්
sadness,නිදන කාමරේ ගෘහ භාණ්ඩ ඔක්කොම තීන්ත ගාලා ඉවරයි මට තාම මේසය හදන්න වෙනවා නමුත් ඒක මාරුවෙන් පස්සේ වෙයි හ්ම්ම් රස්නෙට යනවා
boredom,මම ඒක විවෘත කළාම මේ වෙබ් අඩවිය මට වෛරසයක් දුන්නා තවත් කවුළු මතු වෙනවා
worry,දැන් මම බලලා මානසික අවපීඩනයෙන් පෙළෙනවා
neutral,ඒක ගල් සීතලයි පිස්සුවක්
happiness,ඔව් මම නැගිටින්න ඕනේ
sadness,කරන්න කිසිම දෙයක් නැහැ
sadness,මට නිදාගන්න ඕනේ නමුත් මට මහන්සිත් නැහැ
happiness,නෑ ඒ හැමෝම නිදාගෙන ඉන්නවා මොකද එයාලා නැගෙනහිර වෙරළේ ජීවත් වෙනවා
surprise,ඒක මාව අවුස්සනවා මට එරිකාට පස්සෙන් එන්න දෙන්නේ නැහැ
neutral,මම අද රෑ විතරයි සමලිංගිකයින්ට හැදුවේ
worry,ආපසු මුදල් නැහැ නමුත් ඔවුන් ගිණුම් ලබා ගන්නවා සතියක් වගේ යනවා සොරා හැක් භාවිතා කරන්නේ නැහැ කියලා බලාපොරොත්තු වෙනවා නැත්නම් ඒක ස්ථිරයි
neutral,මට බ්ලයි බස් එක මග හැරුණා
worry,මට කණගාටුයි මම කලින් වගේ පෙනුන දේට සාපේක්ෂව මම අඩුම තරමින් එළියට වෙලා ඉන්නේ නැහැ
neutral,අද උදේට වැඩ කරනවා
sadness,ඊයේ රෑ මට කරන්න බැරි දෙයක්
neutral,අද චිකිත්සාවෙන් මහන්සි වෙලා බෙහෙත් බිව්වේ නැත්නම් උපන් දවසේ උදේට සතුටුයි මිෂු ආදරෙයි ඔයා
happiness,මම ගොඩක් තනිකඩයන් සඳහා කුක් තේරීම් ගැන ඇත්තටම සතුටු නැහැ
hate,සමලිංගිකයින්ට මම අද රෑ විතරයි හැදුවේ
worry,මම ගිටාර් වලට ආදරෙයි ඒවා වාදනය කරනවා මම හිතන්නේ ඒවා විශිෂ්ටයි මම හොඳ නම් විතරයි
boredom,ඇත්තටම නිදිමත නැහැ කම්මැලියි කියන එක තමයි හරි වචනය ආයෙත් වැඩි වැඩක් නැහැ
happiness,මට ගොඩක් අවුල්
surprise,ඒක මට පිස්සු හැදෙනවා මට එරිකාගේ පස්සෙන් එන්න දෙන්නේ නැහැ
neutral,නමුත් මට ඕන නෑ
relief,නෑ එයාලා ඔක්කොම නිදාගෙන ඉන්නේ මොකද එයාලා නැගෙනහිර වෙරළේ ජීවත් වෙන්නේ
fun,ඇත්තටම නිදිමත නෑ කම්මැලියි කියන එක තමයි ආයෙත් හරි වචනය වැඩිය වැඩ නෑ
enthusiasm,මම ඔර්ලන්ඩ් එකට යන්නම්
neutral,තවදුරටත් අත්අඩංගුවට ගත්තු සංවර්ධනයක් නෑමට දුකයි
sadness,හ්ම් ඔව් ඒක මටම හොඳ සටහනක් වෙන්න ඇති මොකද ඊඊඊඊඊඊඊඊඊඊඊඊඊඊඊඊඊඊඊඊඊඊඊඊඊඊඊඊඊඊඊඊඊඊඊඊඊඊඊඊඊඊඊඊඊඊඊඊයේ රස්සාවක් ඕන නෑ
sadness,මම නව ට්විටර්ෆෝන් යාවත්කාලීනය බාගත කළේ ඔවුන් නව ට්වීට් සඳහා ටයිප් කිරීමේ ගැටලුව විසඳනවා කියලා හිතාගෙන නමුත් නැහැ ඔවුන් එසේ කළේ නැහැ
worry,මම හිතන්නේ ඒ වෝග් එක මට ටිකක් රිදෙනවා කියලා
love,අනේ නයිට් දැන් පැයකට වඩා වැඩියි
sadness,මම මෑතකදී ටොන් ගණනක් බර වැඩි කරගත්තා
sadness,එයා මැරුණා ඉන්න මැජික් ජැක් ගැන මොකද මම ඒක කියෙව්වා
hate,ගැබිනි කාන්තාවන් දුම්පානය කරනවා දකිනකොට මට ඒක හරිම වගකීම් විරහිතයි ආත්මාර්ථකාමීයි
worry,මට නිදාගන්න බෑ අද මම සෙල්ලම් කරපු බලු පැටියා ගැන මම හිතනවා
hate,අනේ ඔයා
sadness,මම තාම ජිම් එකේ වැඩ කරනවා
worry,තව පැයක් නිදාගන්න ඕනේ
worry,මම ගිටාර් වලට ආදරෙයි ඒවා වාදනය කරනවා මම හිතන්නේ මම වඩා හොඳ නම් ඒවා විශිෂ්ට ලෙස ශබ්ද කරනවා
neutral,ම්ම්ම් ගොඩක් හොඳ දවසක් තාමත් යූඩීඑස් එකේ අන්තිම දවස හොඳටම කලින්
sadness,ඇඳේ වැතිරෙනවා ගොඩක් කලින්
neutral,මම ආපහු එන්නම් මගේ සුභ පැතුම් දෙන්න
hate,සිකුරාදා රෑ ලයිට් වල පළමු කතාමාලාවේ නියමුවා හරහා යන්න මම උත්සාහ කරනවා අනේ දෙවියනේ ටිෂූ එක පහු කරන්න
worry,ගර්භනී කාන්තාවන් දුම්පානය කරනවා දකින විට මට වෛර කරනවා ඒක වගකීම් විරහිතයි ආත්මාර්ථකාමීයි ඒක සාද් අවසානයේ බබා දුක් විඳිනවා කියලා මට දුකයි
empty,ඇඳ ඒක හෙට ඉස්කෝලෙ යන්න බලාපොරොත්තු වෙනවා ඒත් දැන් මට එච්චර සනීපයක් නෑ
sadness,හ්ම් ඔව් ඒක මටම හොඳ සටහනක් වෙන්න ඇති මොකද ඊඊඊඊඊඊඊඊඊඊඊඊඊඊඊඊඊඊඊඊඊඊඊඊඊඊඊඊඊඊඊඊඊඊඊඊඊඊඊඊඊඊඊඊඊඊඊඊයේ රස්සාවක් ඕන නෑ
surprise,තාම ඒකෙ බැටළු පැටවෙක් නැති එක කණගාටුවට කරුණක්
enthusiasm,දැන් මට කිසිම දෙයක් කරන්න බෑ
neutral,බොරුකියා
worry,අනේ අම්මලා උත්සාහ කරනවා
surprise,මියාවේ හෝ වොට් වල මගේ හොඳම මිතුරන් කොහෙද
worry,ම්ම් ඔව් ඒක මටම හොඳ සටහනක් වෙන්න ඇති මොකද ඊඊ නරකයි
empty,හේයි ඔයා පොඩි මගුලක් මම ඔයාට කෙටි පණිවිඩයක් යැව්වා
hate,නින්දට ගියා ඒත් ලොකු භීතිකාවක් නිසා ඇඳෙන් නැගිට්ටා දැන් මට නිදාගන්න පුළුවන්ද කියලා මට විශ්වාස නෑ
surprise,මම ටැකෝසෝන් තැනට ගොඩක් පරක්කු වුණා
worry,ඒක හරිම වගකීම් විරහිතයි ආත්මාර්ථකාමීයි
empty,හේයි ඔයා පොඩි මගුලක් මම ඔයාට කෙටි පණිවිඩයක් යැව්වා
neutral,අනේ කමක් නෑ
boredom,ඕහ් ඔයාට රහස කියන්න බෑ
sadness,ඒක හරියට තඩ් තඩ් වගේ
hate,ඊව් ඩේලි
worry,රිවීව් ගිණුම් සතියක් වගේ යනවා හොරා හැක් කරන්නේ නැහැ කියලා බලාපොරොත්තු වෙනවා නැත්නම් ඒක පර්මබන්
worry,ඇඳේ වැතිරිලා ඉන්නවා
sadness,අනේ කමක් නැහැ මම හිතන්නේ මේක බේරගන්න බෑ
worry,අපි හැමෝටම දේවල් හොඳ වේවි
neutral,මට ප්ලගර් කිරීම මග හැරෙනවා යැයි පවසයි
sadness,වරකු රස නැති සහ මිල අධික කොටස හරිම අඩුයි වරකු
neutral,වැඩ කරන දිනය
neutral,ඔයා දුක් විඳිනවා
worry,සමලිංගිකයන්ට මම අද රෑ විතරයි හැදුවේ
hate,සිකුරාදා රෑ ලයිට් වල පළමු කතාමාලාවේ නියමුවා හරහා යන්න මම උත්සාහ කරනවා අනේ දෙවියනේ ටිෂූ එක පහු කරන්න
neutral,මට බැරි වුණු නිසා දුකයි කොල්ලො එක්ක සෙල්ලම් කරන්න
hate,හොඳයි ඒක හොඳ දවසක් වගේ මම හෙට ආයෙත් උත්සාහ කරනවා
relief,ඔයාට බොරු කියන්න බෑ හැම දෙයක්ම ගැන බොරු කියන්න බෑ
love,මට නිදාගන්න ඕනේ නමුත් මට මහන්සිත් නෑ
hate,මගේ ට්විටර් එක ආයෙත් හැක් කරලා
surprise,කාමරකාරයෝ එක්ක චිලින්ගේ වැඩ කරන දවස සොම්බි ක්ලවුන් එනකම් ඉන්න බෑ සති ගානක් යනවා
neutral,මම හාපර්ස් දූපත බලමින් හිටියා හි හි හි හි හි හි හි හි හි හි හි හි හි හි හි හි හි හි හි හි හි හි හි හි හි හි හි හි හි හි හි හි හි හි හි හි හි හි හි හි හි හි හි හි
worry,අද ඉඳන් සංචාරකයින් සඳහා එපිසෙන්ටර් වීලොක් ස්ථාන ඒකක ඇම්ප්
sadness,මම නිදාගන්න ඕනේ නමුත් මම මට ඕන පරණ යාළුවෙක් ගැන හිතන්නේ නැහැ නමුත් එයා දැන් විවාහ වෙලා එයාට මාව ඕන අපකීර්තියට පත් කරන්න ඕන
worry,හොඳයි
sadness,ඇත්තටම නිදිමත නෑ කම්මැලියි කියන එක තමයි හරි වචනේ වැඩිය වැඩ නෑ
neutral,ඊයේ රෑ අන්තර්ජාලය තිබුණේ නැහැ ළඟපාත ගෑස් වැඩ කරන තැනක දැවැන්ත පිපිරීමක් සිදු වුණා ස්ටෑන්ඩ්බයි එකේ
neutral,රතු යක්ෂයෝ හරිම කණගාටුදායකයි අවම වශයෙන් කිව යුතුයි
sadness,මම දැන් තමයි පටන් ගත්තේ
worry,රිෆන්ඩ් නෑ ඒත් ඒවා රිප්ට් කරනවා
sadness,ගුරුතුමා කිව්වා කැල්කියුලේටරය ගේන්න කියලා
hate,ඒක මාව අවුස්සනවා මට එරිකාගේ පස්සෙන් එන්න දෙන්නේ නැහැ
love,මම ගිටාර් වලට ආදරෙයි ඒවා වාදනය කරනවා මම හොඳ නම් ඒවා විශිෂ්ටයි කියලා මම හිතනවා
neutral,මට ඉක්මනින් නිදාගන්න ඕනේ
sadness,එල්පීත් නෑ
worry,ම්ම් ඔව් ඒක මටම හොඳ සටහනක් වෙන්න ඇති මොකද ඊඊඊඊඊ
anger,අනේ කමක් නෑ මේක බේරගන්න බෑ කියලා මම හිතනවා
worry,බොරුකියා ඔයාට හැමදේටම බොරු කියන එක නවත්තන්න බෑ
neutral,ම්ම්ම් ගොඩක් හොඳ දවසක් තාමත් යූඩීඑස් එකේ අන්තිම දවස හොඳටම කලින්
enthusiasm,දරුණු ඉරුවාරදය නවත්තනවා නම් හොඳයි
neutral,මට දුකයි
neutral,හූස්ටන් ටිකට්පත් තියෙන කෙනෙක් එක්ක අපිට හුවමාරු කරගන්න ඕන නමුත් කවුරුත් එහෙම කරන්නේ නැහැ
worry,මෙන්න මගේ ශුභවාදී දේවල් අපි හැමෝටම හොඳ වේවි කියලා අහන්න ලැබීම ගැන මට කණගාටුයි
worry,මගේ ශුභවාදී දේවල් අපි හැමෝටම හොඳ වෙයි කියලා අහන්න ලැබීම ගැන මට කණගාටුයි
neutral,මක්නිසාද යත් එය තවමත් ලැජ්ජාවට පත් වී ඇත
enthusiasm,තවත් අත්අඩංගුවට ගැනීමක් නැහැ මට දුකයි
hate,මම ඔට්ටු අල්ලනවා ඒක මෙතන නැහැ
sadness,ඔයා දිනුම් රකීම් සුසුම් හෙළනවා
worry,මෙන්න මගේ ශුභවාදී බව අහන්න ලැබීම ගැන මට කණගාටුයි
empty,ඇත්තටම ඇත්තටම කම්මැලියි මම නිදාගන්නවා කියලා මම හිතනවා
worry,ඒක මාව අවුස්සනවා මට එරිකාගේ පස්සෙන් එන්න දෙන්නේ නැහැ
empty,හේයි ඔයා පොඩි මගුලක් මම ඔයාට කෙටි පණිවිඩයක් යැව්වා
neutral,මම ආපහු එන්නම් මගේ සුභ පැතුම් දෙන්න
neutral,සිකුරාදා රෑ ලයිට් වල පළවෙනි කතාමාලාවේ නියමුවා හරහා යන්න මම උත්සාහ කරනවා
neutral,ඇයි ගුවන් ටිකට්පත් මෙච්චර මිල අධික
worry,වැඩ කරන්න හිතෙන්නේ නැහැ මම හිතන්නේ මම මේක නිතර නිතර ට්වීට් කරනවා
hate,කවුරුත් හිතුවේ නැහැ තේරුනා
sadness,කමක් නෑ මේක ගොඩගන්න බෑ කියලා මම හිතනවා
fun,ගැබිනි කාන්තාවන් දුම්පානය කරනවා දකිනකොට මට ඒක හරිම වගකීම් විරහිතයි ආත්මාර්ථකාමීයි ඒක තමයි අන්තිමේදී බබා තමයි දුක් විඳින්නේ
worry,රැකියා කරන දවස
worry,ගුවන් සේවා සුපිරි කොරයි
love,හහහා අනිත් අය මට ගායනා කළොත් ඒක භයානක නැහැ ඒක වැඩ කරන්න පුළුවන් කියලා මට විශ්වාසයි
worry,කෙල්ලෙක් මොට කෙනෙක් මගේ සිතුවිලි වල හරිම මෝඩයි දැන් මට ආතතිකාරක කිහිපයක් සමඟ ඇත්තෙන්ම හොඳ දවසක් තිබුණා ගෙදර එන්න
worry,සිකුරාදා රෑ ලයිට් එක දානවා අනේ දෙවියනේ
worry,මම ගැබිනි කාන්තාවන් දුම්පානය කරනවා දකිනකොට මට වෛරයක් දැනෙනවා ඒක හරිම වගකීම් විරහිතයි ආත්මාර්ථකාමීයි ඒක තමයි අන්තිමේදී බබා දුක් විඳින කෙනා
sadness,ට්විටාස්කෝප් එක මගේ මේස් දැනටමත් රොක් කරන්නේ නැහැ
worry,අනේ ඔයා කොහෙද යන්නේ
neutral,තවදුරටත් අත්අඩංගුවට ගත්තු සංවර්ධනයක් නෑමට දුකයි
worry,ඒක මාව අවුස්සනවා මට එරිකාගේ පස්සෙන් එන්න දෙන්නේ නැහැ
sadness,මම සිකුරාදා රෑ ලයිට් වල පළවෙනි කතාමාලාවේ නියමුවා හරහා යන්න හදනවා අනේ දෙවියනේ ටිෂූ එක පාස් කරන්න
worry,මම ගිටාර් වලට ආදරෙයි ඒවා වාදනය කරනවා මම හිතන්නේ ඒවා විශිෂ්ටයි මම හොඳ නම්
neutral,හහහ ඒක භයානක නැහැ වෙන එකක් නම්
worry,ඒක නරකයි
neutral,නෑ ඒ හැමෝම නිදාගෙන ඉන්නේ මොකද එයාලා නැගෙනහිර වෙරළ තීරයේ ජීවත් වෙන්නේ
sadness,මම ගොඩක් මහන්සියි
worry,නැත්නම් මාස ගානක් ගෙදර පූසන්ව හෝදන්නේ නෑ උන්ට වතුර එපා වෙනවා
sadness,මගේ ජීවිතේ මම කරපු අමාරුම දේවල් වලින් එකක් වුණු මැක් එකේ මගේ කුණු හිස් කරන්න මට සිද්ධ වුණා පින්තූර නැති වෙලා
sadness,අනුමාන කරන්න බෑ කෙල්ලේ මම තාමත් ජිම් එකේ වැඩ කරනවා
hate,සමලිංගිකයින්ට නම් මම අද රෑ විතරයි හැදුවේ
neutral,මට බ්ලයි බස් එක මග හැරුණා
hate,මම මෑතකදී බර ටොන් එකක් වැඩි කරගත්තා
neutral,මල්ලි බ්ලූම් මේ සති අන්තයේ එල් පැසෝ හි විවෘත නොකරනු ඇත ඉල් ගඩොල් මිලදී ගෙන එය භුක්ති විඳින්න මට සහෝදරයන් බ්ලූම් කරන ආකාරය දැකගත හැකි වන තුරු
sadness,අනේ නෑ මම ටයර් එකක් ගැහුවොත් ඔයාට ඇත්තටම බැට්මෑන් දුම් ටිකක් යවන්න වෙනවා
neutral,අනෙක් අයගේ ජීවිත පිළිබඳ ටැබ්ලොයිඩ් කියවීම සිතමින් මගේ බබා ගියාම මම මගේ එක්ක මොකද කරන්නේ
worry,ගැහැණු ළමයෙක් මගේ ශරීරයේ හරිම මෝඩයි දැන් මට හිතෙනවා ආතතිය ඇති කරන දේවල් කීපයක් එක්ක මට නියම දවසක් ගත කරන්න පුළුවන් කියලා ගෙදර එන්න
worry,ගැහැණු ළමයෙක් මගේ ශරීරයේ හරිම මෝඩයි දැන් මට හිතෙනවා ආතතිය ඇති කරන දේවල් කීපයක් එක්ක මට නියම දවසක් ගත කරන්න පුළුවන් කියලා ගෙදර එන්න
worry,ට්විටාස්කෝප් එක රොක් වෙන්නේ නැහැ මගේ මේස් දැනටමත් ගිහින් ඉවරයි
worry,ඇඳේ වැතිර ඉන්නවා ගොඩක් වේලාසනයි
sadness,ඇඳේ වැතිරෙනවා ගොඩක් කලින්
enthusiasm,තවත් අත්අඩංගුවට ගැනීමක් නැහැ මට දුකයි
worry,මම මුදල් ආපසු ගෙවන්නේ නැහැ නමුත් ඔවුන් ගිණුම් නැවත ලබා ගන්නවා සොරා හැක් කරන්නේ නැහැ කියලා බලාපොරොත්තු වෙනවා නැත්නම් ඒක ස්ථිරයි
surprise,මගේ අම්මලා ඡන්දය දීම නවත්තලා කෙටි කාලයක් දිනන්නේ නැති එක ගැන මට දැනෙන්න සලස්වන්න හදනවා
sadness,මගේ ජීවිතේ මම කරපු අමාරුම දේවල් වලින් එකක් වුණු මැක් එකේ මගේ කුණු හිස් කරන්න මට සිද්ධ වුණා පින්තූර නැති වෙලා
sadness,ආපසු මුදල් නැහැ නමුත් ගිණුම් නැවත ලබා ගන්නවා සොරා හැක් කරන්නේ නැහැ කියලා බලාපොරොත්තුවෙන් සතියක් වගේ ගත වෙනවා
sadness,කමක් නෑ කමක් නෑ
worry,මගේ යාළුවෙක්ගෙන් ඒක ඇහුණා මම මෑතකදී බර වැඩි වුණා
worry,මම ගිටාර් වලට ආදරෙයි ඒවා වාදනය කරනවා මම හිතන්නේ ඒවා විශිෂ්ටයි කියලා මම හිතනවා මම හොඳ නම් විතරයි
sadness,ඩොක්ස් බෙහෙත් වට්ටෝරු වැඩ කරන්නේ නෑ කියලා
sadness,මම මගේ වයස පෙන්වමින් අලුත් කළා මගේ ටැග් ගිය සතියේ වැටුණා මගේ රක්ෂණ අලුත් කිරීමේ ඊමේල් එක අද වැටුණා මට වයසට යන්න ඕන නැහැ
sadness,ෂින් ඒ විවාහ වුණු එක ගැන දුකයි ඇලෙක්ස්ට නෙවෙයි
relief,බොරු කියනවා
happiness,මම දැන් ඒ වැඩේ කරනවා
hate,සර් එකේ සීතලයි කියලා මම ඔට්ටු අල්ලනවා හහ් ඒක මෙතන නැහැ තාත්තයි මමයි බෑග් පැක් කරනකොට දවල් ඉඳන් මම දාඩිය දානවා නවත්තලා නැහැ
sadness,මම නව ට්විටර්ෆෝන් යාවත්කාලීනය බාගත කළේ ඔවුන් නව ට්වීට් සඳහා ටයිප් කිරීමේ ගැටලුව විසඳනවා කියලා හිතාගෙන නමුත් නැහැ ඔවුන් එසේ කළේ නැහැ
worry,ආහ් මම බලාපොරොත්තු වුණේ මට යන අතරමගදී දේවල් ටිකක් ඉගෙන ගන්න පුළුවන් වෙයි කියලා ඇයි ඔයායි මමයි වෙන වෙනම වැඩ කරන්නේ නැත්තේ ඒත්
enthusiasm,මගේ ශුභවාදී බව අසා මට කණගාටුයි
sadness,කේක් කෑල්ල අමතක වෙලා නිසා ආපහු ගෙදර යනවා
worry,මම ගොඩක් අවුල් සහගතයි
worry,බර්නෙට් එළියට එනවා කිසිවෙකු යන්නේ නැති උතුරට යන එක
neutral,ඒක නරකයි
neutral,හහහ ඒක භයානක නැහැ වෙන එකක් නම්
neutral,ඇඳේ වැතිරිලා ඉන්නවා වේලාසන වැඩියි
worry,මට කිසිම දෙයක් කරන්න බෑ
sadness,වැඩ කරන දවස
worry,තාමත් එයාගේ මහත්තයා නැති වෙනවා මට එයාව ගෙදර ඕන
fun,අනේ මට ඇත්තටම මගේ මුහුණ පේන්නේ නැහැ යාලුවනේ
worry,ට්විටාස්කෝප් එක මගේ මේස් රොක් කරන්නේ නැහැ දැනටමත්
worry,මෑතකදී මම ටොන් ගණනක් බර වැඩි කර ගත් ඔබේ මිතුරෙකුගෙන් එය මගේ අවධානයට ලක්ව ඇත
sadness,ගැහැණු ළමයෙක් දැන් මගේ සිතුවිලි වල හරිම ලස්සනයි මට දැන් ෆේෂල් එකක් එක්ක නියම දවසක් ගත කරන්න පුළුවන් වුණා
sadness,මගේ ජීවිතේ මම කරපු අමාරුම දේවල් වලින් එකක් වුණු මැක් එකේ මගේ කුණු හිස් කරන්න මට සිද්ධ වුණා පින්තූර නැති වෙලා
neutral,නිදන කාමර ගෘහ භාණ්ඩ ඔක්කොම තීන්ත ගාලා ඉවරයි මට තාම මේසය හදන්න වෙනවා නමුත් ඒක මාරුවෙන් පස්සේ බලා ඉන්න වෙයි
fun,මට නිදාගන්න ඕනේ නමුත් මට මහන්සිත් නෑ
worry,දැන් මට ඉරුවාරදය නවත්තන්න ඕන
neutral,ඇයි ගුවන් ටිකට්පත් මෙච්චර මිල අධික
hate,හොඳයි ඒක හොඳ දවසක් වගේ මම හෙට ආයෙත් උත්සාහ කරනවා
neutral,මට කවදාවත් එපා කියන්න බෑ
neutral,මට මෑතකදී බර වැඩි වෙලා ටොන් එකක් වැඩි වෙලා කියලා මගේ යාළුවෙක්ගෙන් ඒක ඇහුණා එයා දැනගෙන හිටියේ නෑ ඒ මම කියලා
hate,සමලිංගිකයින්ට මම අද රෑ විතරයි හැදුවේ
sadness,නෑ නයිට් ඒක පැය ගණනක් ගෙවිලා ගිහින් තියෙනවා
worry,මම ටැකෝසෝන් තැනට ගොඩක් පරක්කු වෙලා හිටියා
sadness,ඇත්තටම නිදිමත නැහැ කම්මැලියි කියන එක තමයි ආයෙත් හරි වචනය වැඩි වැඩක් නැහැ
sadness,නමුත් මට සුලු ගැන ගැටළු ඇති වුණා
sadness,තවමත් අත්අඩංගුවට ගැනීමක් නැහැ මට දුකයි
love,මම ගිටාර් වලට ආදරෙයි ඒවා වාදනය කරනවා මම හිතන්නේ මම හොඳ නම් ඒවා විශිෂ්ටයි කියලා
sadness,මම වෛර කරනවා පිළිකාව මට වෛර කරනවා මට වෛර කරනවා මට වෛර කරනවා
neutral,අනේ ඒක නවත්තන්න යාලුවනේ
surprise,ගෙදර එන්න
sadness,නිදාගන්න එපා
worry,ගර්භනී කාන්තාවන් දුම්පානය කරනවා දකින විට මට වෛර කරනවා ඒක හරිම වගකීම් විරහිතයි ආත්මාර්ථකාමීයි ඒක හොඳයි අන්තිමේදී බබා තමයි දුක් විඳින්නේ
sadness,මට ගේම් එක මග හැරුනා
worry,හ්ම් ඔව් ඒක මටම හොඳ සටහනක් වෙන්න ඇති මොකද ඊඊඊඊඊඊඊඊඊඊඊඊඊඊඊඊඊඊඊඊඊඊඊඊඊඊඊඊඊඊයේ රස්සාවක් ඕන නෑ
worry,මම තාම ජිම් එකේ යනවා
sadness,මම ඔර්ලන්ඩ් යනවා
neutral,ඊයේ රෑ අන්තර්ජාලය තිබුණේ නැහැ ළඟපාත ගෑස් වැඩ කරන තැනක දැවැන්ත පිපිරීමක් සිදු වුණා ස්ටෑන්ඩ්බයි එකේ
enthusiasm,දරුණු ඉරුවාරදය නවත්තනවා නම් හොඳයි
worry,මුදල් ආපසු ගෙවීමක් නැහැ නමුත් ඔවුන් ගිණුම් නැවත ලබා ගන්නවා සොරා හැක් භාවිතා කරන්නේ නැහැ කියලා බලාපොරොත්තු වෙනවා නැත්නම් ඒක ස්ථිරයි
worry,මට නිදාගන්න ඕනේ ඒත් මට මහන්සිත් නෑ
neutral,මුදල් ආපසු ගෙවීමක් නැත නමුත් ඔවුන් එසේ කරනවා ගිණුම් නැවත ලබා ගැනීමට සතියක් වගේ යනවා සොරා හැක් භාවිතා කරන්නේ නැහැ කියලා බලාපොරොත්තු වෙනවා නැත්නම් ඒක ස්ථිරයි
neutral,අනේ කමක් නෑ
sadness,කමක් නෑ
sadness,මම හිතන්නේ සර් එකේ ඒක සිසිල් වෙලා කියලා හහ් ඒක මෙතන නැහැ තාත්තයි මමයි බඩු ගන්නකොට දවල් ඉඳන් මම දාඩිය දානවා නවත්තලා නැහැ
worry,ඇඳේ වැතිරිලා ඉන්නවා
neutral,මගේ කොණ්ඩේ කොච්චර හොඳ රැලි සහිත පෙනුමක් තිබුණත් ඒක මගේ අත් ආවරණය කර ඇති කර්ලර් එකෙන් ලැබෙන පිළිස්සීමට සාධාරණීකරණය නොකරන බව තීරණය කළා මම ඒක උළුක්කු කරනවා
hate,මම ඔට්ටු අල්ලනවා ඒක මෙතන නැහැ
hate,වචන ලිංගිකත්වයට පස්සේ ඒක කවදාවත් පටන් ගත්තේ නෑ
worry,නෑ ඒ හැමෝම නිදාගෙන ඉන්නේ මොකද එයාලා නැගෙනහිර වෙරළේ ජීවත් වෙන්නේ
sadness,මම දන්නවා මම ඔයා නැතුව සාදයක් කරනවා
worry,අනේ කමක් නෑ මට හිතෙන්නේ මේක ගොඩ ගන්න බෑ කියලා
surprise,මම ගොඩක් අවුල්
sadness,මට ඇත්තටම ගනුදෙනු කරන්න ඕන නෑ
fun,අපි වෙනසට අකමැතියි ඒ නිසා අපි ජීවිත කාලය පුරාම රසිකයන් ඕ ඒ වෙනකොට අපි කොල්ලව මුණගැහිලා නැත්නම් මොකක් හරි දරුණු වැරැද්දක් වෙලා තියෙනවා
worry,එය තවමත් කණගාටුදායකයි
worry,ආපසු මුදල් නැහැ නමුත් ඔවුන් ගිණුම් ලබා ගන්නවා සතියක් වගේ යනවා සොරා හැක් භාවිතා කරන්නේ නැහැ කියලා බලාපොරොත්තු වෙනවා නැත්නම් ඒක ස්ථිරයි
hate,අනේ අද මම එච්චර ට්වීට් කළේ නැහැ
worry,මම හිතන්නේ ඒක සිසිල් වෙලා කියලා හහ් ඒක මෙතන නැහැ තාත්තයි තාත්තයි දවල් ඉඳන් දහවල් ඉඳන් මම දහඩිය දානවා නවත්තලා නැහැ මම බඩු පැක් කර කර හිටියා
sadness,අනේ කමක් නෑ මම හිතන්නේ මේක ගොඩ ගන්න බෑ
neutral,රතු යක්ෂයෝ හරිම කණගාටුදායකයි අවම වශයෙන් කිව යුතුයි
sadness,ඒක තියෙනවා මගේ යාළුවෙක්ගෙන් මට ආරංචි වුණා එයා ළඟදී බර වැඩි වුණා එයා දැනගෙන හිටියේ නැහැ ඒ මම කියලා
worry,මගේ ශුභවාදී බලාපොරොත්තුව තමයි හැමෝටම හොඳ වේවි කියලා අහලා මට දුකයි
sadness,ගැහැණු ළමයෙක් දැන් මගේ සිතුවිලි වල හරිම ලස්සනයි මට දැන් ෆේෂල් එකක් එක්ක නියම දවසක් ගත කරන්න පුළුවන් වුණා
sadness,තවදුරටත් සංවර්ධනයක් අත්අඩංගුවට ගත්තේ නැහැ මට දුකයි
enthusiasm,තවත් අත්අඩංගුවට ගැනීමක් නැහැ මට දුකයි
worry,හ්ම් ඔව් ඒක මටම හොඳ සටහනක් වෙන්න ඇති මොකද ඊඊ කෙල්ලේ මම තාමත් ජිම් එකේ ඉන්නවා උදේ පාන්දර වැඩ කරනවා
neutral,තවදුරටත් අත්අඩංගුවට ගත්තු සංවර්ධනයක් නෑමට දුකයි
relief,හහහ අනිත් අය එක්ක ගායනා කළොත් ඒක භයානක නැහැ ඒක වැඩ කරන්න පුළුවන් කියලා මට විශ්වාසයි
sadness,කමක් නෑ කමක් නෑ
hate,ටේලර් ස්විෆ්ට් සහ ජෝ ජොනාස් හොඳටම එකට පෙනුනා එයාලා වෙන් වුණාට පස්සේ මට දුකයි
worry,මොකද ගුවන් සමාගම් සුපිරි කම්මැලියි
surprise,මට ගන්න වෙලාවක් නැහැ මට අලුත් බයින්ඩර් එකක් ඕනේ
worry,සතිය ඒ විදියටම තිබුණේ නැහැ
worry,තාම ඒකෙ බැටළු පැටවෙක් නැති එක කණගාටුවට කරුණක්
happiness,ඒක නම් එච්චර අමාරුවක්
fun,චොකලට් වලින් මොකක්ද
worry,මගේ යාළුවෙක්ගෙන් මට ඇහුණා මෑතකදී මම බර වැඩි වුණා කියලා එයා දැනගෙන හිටියේ නැහැ ඒ මම කියලා
neutral,ඇයි ගුවන් ටිකට්පත් මෙච්චර මිල අධික
sadness,අඬනවා ඒත් මට මහන්සිත් නෑ
hate,මගේ අම්මලා මට ඡන්දෙ දෙන එක නවත්තලා දිනන්නේ නැති එක ගැන තවත් දැනෙන්න සලස්වන්න හදනවා මම ඇඬුවා වගේ
hate,ඊව් ඩේලි
worry,හ්ම් ඔව් ඒක මටම හොඳ සටහනක් වෙන්න ඇති මොකද ඊඊඊඊඊඊඊඊඊඊඊඊඊඊඊඊඊඊඊඊඊඊඊඊඊඊඊඊඊඊයේ රස්සාවක් ඕන නෑ
worry,මම ටැකෝසෝන් ස්ථානයට ගොඩක් ළඟින් හිටියා
worry,ට්විටාස්කෝප් එක මගේ මේස් රොක් කරන්නේ නැහැ දැනටමත්
hate,මම මෑතකදී බර ටොන් එකක් වැඩි කරගත්තා
worry,මේක ගොඩගන්න බෑ කියලා මම හිතනවා
worry,මේක ගොඩගන්න බෑ කියලා මම හිතනවා
neutral,ලෝහ ආම්පන්න ඝන ගීතය සොරකම් කළා කියලා මට විශ්වාස කරන්න බැහැ මම ගොඩක් කලකිරුණා
love,කෙල්ලෙක් දැන් මගේ සිතුවිලි වල හරිම මොට කෙනෙක් මට ආතතිය ඇති කරන දේවල් කිහිපයක් සමඟ නියම දවසක් ගත කළා ගෙදර එන්න
worry,ස්තූතියි නීමා මම ඔයාට ගොඩක් ළඟයි තාමත් අසනීපෙන් ඉන්නේ
neutral,මට දුකයි
neutral,ගුවන් සේවා ඉතා දුර්වලයි
neutral,නයිට් එන්න
boredom,ඕහ් ඔයාට රහස කියන්න බෑ
worry,ම්ම් ඔව් ඒක මටම කියන්න හොඳ සටහනක් වෙන්න ඇති
sadness,හරි මගීන් කවුරුත් ජීවතුන් අතර නැහැ ඒ හැමෝම මැරිලා ඔයා ඒක දන්නේ නැහැ අන්තිම වෙනකම් ඔයා අඬනවා
worry,ට්විටාස්කෝප් එක මගේ මේස් රොක් කරන්නේ නැහැ
worry,මෙන්න මගේ ශුභවාදී බව අහන්න ලැබීම ගැන මට කණගාටුයි
neutral,නින්ද යන්න බැහැ
love,ඊයේ රෑ අන්තර්ජාලය නැහැ
sadness,ඊයේ රෑ ඉන්ටර්නෙට් නෑඒක හරිම කම්මැලියිඊළඟ රෑ ඔයාව දැක්කේ නෑ
worry,කාලි කැඩිලා
hate,සමලිංගිකයින්ට නම් මම අද රෑ විතරයි හැදුවේ
surprise,අම්මේ අනුගාමිකයින් නැති කරගන්න එක දිගටම කරගෙන යන්න මේක හරිම දුකයි මට දවසක් ඕනේ ඒක තමයි මගේ ඉලක්කය
worry,ඉතින් මම හිතන්නේ මගේ පුතාට උණ ඇති වෙන්න ඇති මොකද මම දැන් කුණු වමනයක් පිරිසිදු කළා දුප්පත් පම්ක්පින්
sadness,ගැහැණු ළමයෙක් දැන් මගේ සිතුවිලි වල හරිම ලස්සනයි මට දැන් ෆේෂල් එකක් එක්ක නියම දවසක් ගත කරන්න පුළුවන් වුණා
worry,ගෑණු ළමයෙක් දැන් මගේ සිතුවිලි වල හරිම ලස්සන දවසක් ආතතිය ඇති කරන දේවල් කීපයක් එක්ක ගෙදර එන්න
worry,ඊව්ව් අකමැතියි
worry,මුදල් ආපසු ගෙවීමක් නැහැ නමුත් ගිණුම් නැවත ලබා ගැනීමට සතියක් ගත වෙනවා සොරා හැක් කරන්නේ නැහැ කියලා බලාපොරොත්තු වෙනවා නැත්නම් ඒක ස්ථිරයි
sadness,කුණාටුව ඇවිත් විදුලිය නැති වෙලා
worry,තාම ඒකේ බැටළු පැටවෙක් නැති එක කණගාටුවට කරුණක්
sadness,ඒක මෙහෙ නෑ මමයි තාත්තයි බෑග් පැක් කරනකොට දවල් ඉඳන් මට දාඩිය දාල නෑ
surprise,මට සමාවෙන්න මම හිතන්නේ නෑ මම කලින් වගේ පෙනුන විදියට අඩුම තරමේ මම පැත්තකට වෙලා ඉන්නේ නෑ කියලා
worry,මට සිස්ටික් තියෙනවා ඇස්වල කඳුළු ආසාදනයක් නිසා මගේ ඇහේයි මූණෙයි ඉදිමිලා රිදෙනවා
worry,කෙල්ලෙක් මොට කෙනෙක් මගේ සිතුවිලි වල හරිම ලස්සනයි දැන් මට ආතතිකාරක කිහිපයක් සමඟ නියම දවසක් තිබුණා ගෙදර එන්න
enthusiasm,ගැබිනි කාන්තාවන් දුම්පානය කරනවා දකිනකොට මට ඒක හරිම අසාධාරණයි
hate,ගැබිනි කාන්තාවන් දුම්පානය කරනවා දකිනකොට මට ඒක හරිම වගකීම් විරහිතයි ආත්මාර්ථකාමීයි
neutral,මල්ලි බ්ලූම් මේ සති අන්තයේ එල් පැසෝ හි විවෘත නොකරනු ඇත ඉල් ගඩොල් මිලදී ගෙන එය භුක්ති විඳින්න මට සහෝදරයන් බ්ලූම් කරන ආකාරය දැකගත හැකි වන තුරු
neutral,මගේ පොත හොයාගත්තා අද රෑ ඇත්ත කඩදාසි බැඳපු සඟරාවක් පටන් ගන්නකොට මගේ තොල් උඩින් කරදරකාරී ලපයක් තියෙනවා මට හර්පීස් තියෙනවා වගේ පේනවා
worry,ම්ම් ඔව් ඒක මටම කියන්න හොඳ සටහනක් වෙන්න ඇති
neutral,ගුරුතුමා කියනවා ඔයාගේ කැල්කියුලේටරය ගේන්න කියලා
sadness,මුදල් ආපසු ගෙවීමක් නැත නමුත් ඔවුන් ගිණුම් ලබා ගැනීමට සතියක් වගේ කාලයක් ගත වෙනවා සොරා හැක් භාවිතා කරන්නේ නැහැ කියලා බලාපොරොත්තු වෙනවා නැත්නම් ඒක ස්ථිරයි
sadness,පසුගිය මාසෙ ගිම්හානය නිසා ස්ට්රෝබෙරි චෙන්නායි වෙළඳපොළේ නැහැ
worry,ගුවන් සේවා සුපිරි කොරයි
neutral,ටෲඩිස් බර්නෙට් එක උතුරට ගියා කවුරුත් යන්නේ නැති එක
neutral,ගර්භනී කාන්තාවන් දුම්පානය කරනවා දකින විට මට වෛර කරනවා ඒක වගකීම් විරහිතයි ආත්මාර්ථකාමීයි ඒක සාද් අවසානයේ බබා දුක් විඳිනවා කියලා මට වෛර කරනවා
worry,හ්ම් ඔව් ඒක මටම හොඳ සටහනක් වෙන්න ඇති මොකද ඊඊ කෙල්ලේ මම තාමත් ජිම් එකේ ඉන්නවා උදේ පාන්දර වැඩ කරනවා
worry,හ්ම්ම්ම් බැහැ
worry,වැඩසටහන් සඳහා තවත් කාලයක් ගත වෙනවා
hate,ට්විටාස්කෝප් එක මගේ මේස් රොක් කරන්නේ නැහැ දැනටමත් යනවා
surprise,ඔයා දියවැඩියා රෝගියෙක් ඒ වගේම මගේ තාත්තා ඇම්ප් මටත් විශ්වාස නැහැ ඔයාට තාමත් දවස පුරාම සීනි කන්න අවසර තියෙනවද කියලා
sadness,එල්පීත් නෑ
worry,මම අද රෑ තමයි සමලිංගිකයින්ට හැදුවේ
happiness,මම දැන් ඒ වැඩේ කරනවා
worry,ටයිපින් ගැටලුව විසඳනවා කියලා හිතලා මම අලුත් ට්විටර්ෆෝන් යාවත්කාලීනය බාගත කළා අලුත් ට්වීට් වලට ඒත් නෑ නෑ
sadness,මට මිලදී ගන්න වෙලාවක් නැහැ මට අලුත් බයින්ඩර් එකක් ඕනේ
neutral,මම අවධානය යොමු කළේ ටොම් ගැන ගොඩක් මම මගේ ආදරණීය බැරැක්ව දැක්කේ නැහැ අනේ නෑ මම දෙකටම ඡන්දය දෙන්න ඕනේ දුප්පත් ජනාධිපතිට ඡන්ද විතරයි තියෙන්නේ
worry,මට වෝබිස් නැතුව පාලුයි
worry,දැන් මම බලලා මානසික අවපීඩනයෙන් පෙළෙනවා
surprise,මම මගේ කකුල පුරාම බියර් හැලුවා ගෙදර මගේ බියර් භාගයක් නාස්ති කළා දැන් මට හුරුබුහුටි ගැහැණු ළමයෙක් මුණගැහුණා හොඳ සංවාදයක්
surprise,ම්ම් ඔව් ඒක මටම හොඳ සටහනක් වෙන්න ඇති මොකද ඊඊ
love,තවදුරටත් සංවර්ධනයක් අත් අඩංගුවට ගත්තේ නැහැ මට දුකයි
fun,කවුරුත් ඒක අල්ලගත්තා කියලා හිතුවේ නැහැ
neutral,මට මගේ බබාව මතක් වෙනවා
neutral,ඔයා දුක් විඳිනවා
neutral,ඇත්තටම නිදිමත නෑ කම්මැලියි කියන එක තමයි හරි වචනය ආයෙත් එච්චර වැඩක් නෑ
neutral,මම හාපර්ස් දූපත බලමින් හිටියා හි හි හි හි හි හි හි හි හි හි හි හි හි හි හි හි හි හි හි හි හි හි හි හි හි හි හි හි හි හි හි හි හි හි හි හි හි හි හි හි හි හි හි හි
boredom,ඩොක්ටර්ස් බෙහෙත් වට්ටෝරු වැඩ කරන්නේ නෑ
hate,මම ඔට්ටු අල්ලනවා ඒක මෙතන නැහැ
neutral,සුරතල් ගෙදරක ඉන්න අවුරුද්දක පැටියා මුළු පවුලටම ගොඩක් දුකෙන් මැරුණා
worry,මොකද ගුවන් සමාගම් සුපිරි කම්මැලියි
worry,මට නිදාගන්න බෑ අද මම සෙල්ලම් කරපු බලු පැටියා ගැන මම හිතනවා
neutral,තාත්තා සහ මම ඇසුරුම් කරනකොට දවල් ඉඳන් මම දහවල් ඉඳන් දහඩිය දැමීම නවත්තලා නැහැ
worry,නෑ ඒ හැමෝම නිදාගෙන ඉන්නේ මොකද එයාලා නැගෙනහිර වෙරළේ ජීවත් වෙන නිසා
sadness,අනුමාන කරන්න බෑ කෙල්ලේ මම තාමත් ජිම් එකේ ඉන්නවා උදේ පාන්දර වැඩ කරනවා
sadness,ඔයා ඔයාගේ වැඩ ඔක්කොම ඉවර කරලා තව පැය ගණනක් වැඩ කරන වෙලාව ඉතුරු වෙලා තියෙද්දි ඔයා ඒකට කැමති නැද්ද
worry,ඇත්තටම වේදනාව බ්ලෙච්
surprise,ම්ම් ඔව් ඒක මටම හොඳ සටහනක් වෙන්න ඇති මොකද ඊඊ
sadness,මම ඔට්ටු අල්ලනවා එස්ආර් එකේ සිසිල් වෙලා කියලා හහ් ඒක මෙතන නැහැ තාත්තයි මමයි බෑග් කරනකොට දවල් ඉඳන් මම දාඩිය දැම්මේ නෑ
worry,ඒක නම් එපා
neutral,ශක්තිමත් හැකිලීම් දැනෙනවා නමුත් එළියට යන්න ඕන
worry,ගෑණු ළමයෙක් මගේ සිතුවිලි වල හරිම මෝඩයි
sadness,මම ගොඩක් අවුල් වෙලා
worry,වැඩසටහන් සඳහා තවත් කාලයක් ගත වෙනවා
neutral,නාන්න යන්න
worry,ඔයා කවදාවත් ඔයාගේ ඩීඑම් එකට උත්තර දුන්නේ නෑ මම ඔයාට තොරතුරු එව්වා
sadness,අනේ කමක් නෑ මම හිතන්නේ මේක ගොඩ ගන්න බෑ කියලා
worry,ආපසු මුදල් නැහැ නමුත් ඔවුන් ගිණුම් ලබා ගන්නවා සතියක් වගේ ගත වෙනවා සොරා හැක් කරන්නේ නැහැ කියලා බලාපොරොත්තු වෙනවා නැත්නම් ඒක ස්ථිරයි
worry,මම කලින් වගේ හිටියා
happiness,ඒක නම් හරිම කරදරයක්
worry,ආපසු මුදල් නැහැ නමුත් ඔවුන් ගිණුම් ලබා ගන්නවා සතියක් වගේ යනවා සොරා හැක් භාවිතා කරන්නේ නැහැ කියලා බලාපොරොත්තු වෙනවා නැත්නම් ඒක ස්ථිරයි
worry,මම ඔරිජිනල් එකේ ඉන්නම්
neutral,සිකුරාදා රෑ ලයිට් වල පළවෙනි කතාමාලාවේ නියමුවා හරහා යන්න මම උත්සාහ කරනවා
neutral,මමත්
hate,ඔයා කවදාවත් ඔයාගේ ඩීඑම් එකට උත්තර දුන්නේ නැහැ මම ඔයාට ඔයාගේ තොරතුරු එව්වා
worry,මම අද රෑ තමයි සමලිංගිකයින්ට හැදුවේ
worry,ගෑණු ළමයෙක් මගේ සිතුවිලි වල හරිම මෝඩයි
sadness,මට සමාවෙන්න මම කලින් වගේ පෙනුනත් මම අඩුම තරමින් එළියට වෙලා ඉන්නේ නැහැ
sadness,ඒක මාව අවුස්සනවා මට එරිකාට පස්සෙන් එන්න දෙන්නෙ නෑ
surprise,ගෙදරට ආපහු යනවා මොකද මම කේක් කෑල්ල අමතක කළා
boredom,මම ඒක විවෘත කළාම මේ වෙබ් අඩවිය මට වෛරසයක් දුන්නා තවත් කවුළු මතු වෙනවා
relief,නෑ එයාලා ඔක්කොම නිදාගෙන ඉන්නේ මොකද එයාලා නැගෙනහිර වෙරළේ ජීවත් වෙන්නේ
neutral,මම ආපහු එන්නම් මගේ සුභ පැතුම් දෙන්න
sadness,මගේ අම්මලා මට ඡන්දෙ දෙන එක නවත්තන එක ගැන සහ කෙටිකතාව දිනන්නෙ නැති එක ගැන තවත් හැඟීමක් ඇති කරන්න හදනවා මම ඇඬුවා වගේ
worry,ඒ කුකීස් කන්න හොඳ නැහැ
surprise,තවමත් බැටළු පැටවෙකු නොමැති වීම කණගාටුවට කරුණක්
neutral,ශක්තිමත් හැකිලීම් දැනෙනවා නමුත් එළියට යන්න ඕන
worry,මට ගොඩක් අවුල්
love,ඇත්තටම නිදිමත නැහැ කම්මැලියි කියන එක තමයි නිවැරදි වචනය නැවතත් එතරම් වැඩක් නැහැ
sadness,මම නව ට්විටර්ෆෝන් යාවත්කාලීනය බාගත කළේ ඔවුන් නව ට්වීට් සඳහා ටයිප් කිරීමේ ගැටලුව විසඳනවා යැයි සිතමින් නමුත් ඔවුන් එසේ කළේ නැත
neutral,මම නව ට්විටර්ෆෝන් යාවත්කාලීනය බාගත කළා අලුත් ට්වීට් වලට ටයිප් කරන එක එයාලා හැදුවා ඒත් නෑ
worry,මම ටැකෝසෝන් තැනට ගොඩක් පරක්කු වෙලා හිටියා
sadness,එය බැටළු පැටවෙකු නොමැති වීම කණගාටුවට කරුණකි
neutral,නයිට් එන්න පැය ගානක් ගියා
sadness,අනේ කමක් නෑ මම හිතන්නේ මේක ගොඩ ගන්න බෑ
worry,මගේ ඔළුව හොඳටම රිදෙනවා මට කෑ ගහන්න පුළුවන්
neutral,මම දේවල් යන්න කැමතියි ගිය ගිම්හානයේ ආරම්භය වෙනකම්ම වගේ
sadness,මගේ අම්මලා ඡන්දය දීම නවත්තන එක ගැන සහ කෙටි කාලයක් දිනන්නේ නැති එක ගැන මට දැනෙන්න සලස්වන්න හදනවා මම ඇඬුවා වගේ
happiness,මම දැන් ඒ වැඩේ කරනවා
worry,මගේ ශුභවාදී දේවල් අපි හැමෝටම හොඳ වෙයි කියලා අහන්න ලැබීම ගැන මට කණගාටුයි
hate,රූමි එක්ක ඉන්න චිලින්ට සොම්බි ක්ලවුන් එනකම් ඉන්න බෑ ඒක සති ගානක් වෙනවා
enthusiasm,දරුණු ඉරුවාරදය නවත්තනවා නම් හොඳයි
sadness,ආපසු ගෙවීම් නැහැ නමුත් ඔවුන් ගිණුම් ලබා ගන්නවා සතියක් වගේ ගත වෙනවා සොරා හැක් භාවිතා කරන්නේ නැහැ කියලා බලාපොරොත්තු වෙනවා නැත්නම් ඒක ස්ථිරයි
sadness,මට එයාගේ කොණ්ඩේ හැමෝම කොහොමද කියලා බලන්න ඕනේ
sadness,ආව් ඉදිරියට සහ ඉහළට දැන් ඔව් තවමත් යන්න දුකයි මම ඔට්ටු අල්ලනවා
love,තවදුරටත් අත්අඩංගුවට ගත්තු සංවර්ධනයක් නෑ මට දුකයි
worry,ආපසු මුදල් නැහැ නමුත් ඔවුන් ගිණුම් ලබා ගන්නවා සතියක් වගේ ගත වෙනවා සොරා හැක් කරන්නේ නැහැ කියලා බලාපොරොත්තු වෙනවා නැත්නම් ඒක ස්ථිරයි
neutral,මට සමාවෙන්න මට එරිකා පස්සෙන් එන්න දෙන්නෙ නෑ
neutral,ගුවන් සේවා ඉතා දුර්වලයි
neutral,කමක් නෑ මේක ගොඩගන්න බෑ කියලා මම හිතනවා
hate,මම නිවාඩුවක් යනවා
neutral,ගුරුතුමා කියනවා ඔයාගේ කැල්කියුලේටරය ගේන්න කියලා
sadness,මම අද රෑ විතරයි ඒක කළේ
empty,පසුගිය ගිම්හානයේ ආරම්භය වගේ දේවල් ආපහු යන්න මම කැමතියි
sadness,කමක් නෑ කමක් නෑ
worry,ගර්භනී කාන්තාවන් දුම්පානය කරනවා දකින විට මට වෛර කරනවා ඒක හරිම වගකීම් විරහිතයි ආත්මාර්ථකාමීයි අවසානයේ බබා දුක් විඳිනවා
neutral,මට මගේ බබාව මතක් වෙනවා
happiness,අද රෑ මම ගෙදර ඉන්නවා
worry,බොරු බොරු
sadness,කවුරුත් ඒක අල්ලගත්තා කියලා මම හිතුවේ නැහැ
neutral,මම නව ට්විටර්ෆෝන් යාවත්කාලීනය බාගත කළේ ඔවුන් නව ට්වීට් සඳහා ටයිප් කිරීමේ ගැටලුව විසඳනවා කියලා හිතාගෙන නමුත් නැහැ ඔවුන් එසේ කළේ නැහැ
sadness,ඇත්තටම නිදිමත නැහැ කම්මැලියි කියන එක තමයි ආයෙත් හරි වචනය වැඩිය වැඩ නැහැ
worry,ආපසු ගෙවීම් නැහැ නමුත් ඔවුන් ගිණුම් ලබා ගන්නවා සතියක් වගේ ගත වෙනවා සොරා හැක් භාවිතා කරන්නේ නැහැ කියලා බලාපොරොත්තු වෙනවා නැත්නම් ඒක ස්ථිරයි
neutral,මගේ පොත හොයාගත්තා අද රෑ ඇත්ත කඩදාසි බැඳපු සඟරාවක් පටන් ගන්නකොට මගේ තොල් උඩින් කරදරකාරී ලපයක් තියෙනවා මට හර්පීස් තියෙනවා වගේ පේනවා
worry,එය තවමත් කණගාටුදායකයි
worry,මගේ යාළුවෙක්ගෙන් මට ඇහුණා මෑතකදී මම බර වැඩි වුණා කියලා එයා දැනගෙන හිටියේ නැහැ ඒ මම කියලා
worry,එයා රෑ මැද එයාගේ පරිගණකයේ ටයිප් කරන්න පටන් ගත්තම ඒක හරිම කරදරයක්
worry,ඔයාට රහස කියන්න බෑ
neutral,ඒක නරකයි
worry,අසනීපයි
worry,මම ඒ ජරාව හරියට කරනවා දැන් මම නිවාඩුවක් ගත කරනවා ඔයා මට වැඩ කරන්න කියලා කිව්වා
enthusiasm,මට ඒක මග හැරුණා
sadness,හරි මගීන් කවුරුත් ජීවතුන් අතර නැහැ ඒ හැමෝම මැරිලා ඔයා ඒක දන්නේ නැහැ අන්තිම වෙනකම් ඔයා අඬනවා
worry,ඔයා ආපහු ආවම මම මේ ගැන ට්වීට් කරනවා කියලා මට විශ්වාසයි ඒත් ආරංචි ගැන දැන් හරිම කතාබහක් තියෙනවා
relief,කිසිවෙකු යන්නේ නැහැ නයිට් එන්න පැය ගණනක් ගත වී ඇත
enthusiasm,රැකියාවෙන් නිවාඩු ගන්න බැරි වෙන්නවත් ගමනට සල්ලි තියෙන්නවත් බැරි වීම හරිම දුකයි
worry,ආහ් මම බලාපොරොත්තු වුණේ මට යන අතරමගදී දේවල් ටිකක් ඉගෙන ගන්න පුළුවන් වෙයි කියලා ඇයි ඔයායි මමයි වෙන වෙනම වැඩ කරන්නේ නැත්තේ ඒත්
hate,ම්ම් ඔව් ඒක මටම හොඳ සටහනක් වෙන්න ඇති මොකද ඊඊ සහකරු
neutral,ඒ නිසා ඔයාට නටන්න පුළුවන් කියලා හිතනවා
worry,මට ආතතිය ඇති කරන කිහිප දෙනෙකු සමඟ ඇත්තෙන්ම හොඳ දවසක් තිබුණා
sadness,ඒක හරියට තඩ් තඩ් වගේ
sadness,නිදන කාමරේ ගෘහ භාණ්ඩ ඔක්කොම තීන්ත ගාලා ඉවරයි මට තාම මේසය හදන්න වෙනවා නමුත් ඒක මාරුවෙන් පස්සේ වෙයි හ්ම්ම් රස්නෙට යනවා
sadness,අනේ කමක් නෑ මම හිතන්නේ මේක ගොඩ ගන්න බෑ
love,අනේ ඔයා කොහෙද යන්නේ
sadness,චාලීන් මගේ ආදරේ මට ඔයාව මතක් වෙනවා
boredom,මම ඒක විවෘත කළාම මේ වෙබ් අඩවිය මට වෛරසයක් දුන්නා තවත් කවුළු මතු වෙනවා
sadness,මට ගේම් එක මග හැරුනා
neutral,ඊව් ඩේලි පැය ගණන්
sadness,ගුරුතුමා කිව්වා කැල්කියුලේටරය ගේන්න කියලා
neutral,ඔහ් ගිගුරුම් සහිත වැස්සක් ඇයි එයාලා හැම විටම විදුලිය විසන්ධි කරන්න ඕනේ
sadness,මට මේ පීඩනය දැනෙනවා
worry,මේක ගොඩගන්න බෑ කියලා මම හිතනවා
sadness,ඔයා ඔයාගේ වැඩ ඔක්කොම ඉවර කරලා තව පැය ගණනක් වැඩ කරන වෙලාව ඉතුරු වෙලා තියෙද්දි ඔයා ඒකට කැමති නැද්ද
empty,මම දැන් මගේ මාපටැඟිලි ඇඹරෙනවා
worry,මේක ගොඩගන්න බෑ කියලා මම හිතනවා
fun,චොකලට් වලින් මොකක්ද
hate,නෑ ඒගොල්ලෝ හැමෝම නිදාගෙන ඉන්නේ මොකද එයාලා නැගෙනහිර වෙරළේ ජීවත් වෙන්නේ
neutral,මම බාගත කළා අලුත් ට්විටර්ෆෝන් යාවත්කාලීන කිරීම හිතුවේ අලුත් ට්වීට් වල ටයිප් කිරීමේ ගැටලුව විසඳනවා කියලා නමුත් නැහැ
worry,මගේ යාළුවෙක්ගෙන් ඒක ඇහුණා මම මෑතකදී බර වැඩි වුණා
neutral,අද චිකිත්සාවෙන් මහන්සි වෙලා බෙහෙත් බිව්වේ නැත්නම් උපන් දවසේ උදේට සතුටුයි මිෂු ආදරෙයි ඔයා
sadness,එය බැටළු පැටවෙකු නොමැති වීම කණගාටුවට කරුණකි
neutral,මට බ්ලයි බස් එක මග හැරුණා
enthusiasm,යාලුවො එක්ක ඉක්මනින් කාලය ගත කරන්න කැමතියි
worry,ගෑණු ළමයෙක් දැන් මගේ සිතුවිලි වල හරිම ලස්සන දවසක් ආතතිය ඇති කරන දේවල් කීපයක් එක්ක ගෙදර එන්න
worry,මම තාම ජිම් එකේ යනවා
sadness,ගර්භනී කාන්තාවන් දුම්පානය කරනවා දකිනකොට මට වෛරයි
neutral,මගේ අම්මලා මට ඡන්දය දෙන එක නවත්තලා දිනන්නෙ නැති එක ගැන තවත් දැනෙන්න දෙන්න හදනවා මම ඇඬුවා වගේ
worry,ගර්භනී කාන්තාවන් දුම්පානය කරනවා දකින විට මට වෛර කරනවා ඒක හරිම වගකීම් විරහිතයි ආත්මාර්ථකාමීයි අවසානයේ බබා දුක් විඳිනවා
worry,මම ගොඩක් අවුල් සහගතයි
sadness,මට මේ පීඩනය දැනෙනවා
sadness,මුදල් ආපසු ගෙවීමක් නැත නමුත් ඔවුන් ගිණුම් ලබා ගැනීමට සතියක් වගේ කාලයක් ගත වෙනවා සොරා හැක් භාවිතා කරන්නේ නැහැ කියලා බලාපොරොත්තු වෙනවා නැත්නම් ඒක ස්ථිරයි
worry,මම ඔරිජිනල් එකේ ඉවර වෙන්න යනවා
sadness,පළමු කොටසේ නියමුවා හරහා යන්න උත්සාහ කරනවා
love,අනේ නයිට් දැන් පැයකට වඩා වැඩියි
worry,බොරු බොරු
worry,මට කණගාටුයි මම කලින් බලපු දේට සාපේක්ෂව මම අඩුම තරමින් එළියට වෙලා ඉන්නවා කියලා මම හිතන්නේ නැහැ හරියට
hate,ඇඳේ වැතිර ඉන්නවා ෆාආ අඩුම තරමේ මම කලින් වගේ හිටියාට සාපේක්ෂව
worry,මට ගන්න වෙලාවක් නැහැ මට අලුත් බයින්ඩර් එකක් ඕනේ
worry,කෙල්ලෙක් මොට කෙනෙක් මගේ සිතුවිලි වල හරිම මෝඩයි දැන් මට ආතතිකාරක කිහිපයක් සමඟ ඇත්තෙන්ම හොඳ දවසක් තිබුණා ගෙදර එන්න
neutral,මගේ දත් සහ හිස රිදෙනවා
sadness,මම ගිටාර් වලට ආදරෙයි ඒවා වාදනය කරනවා මම හිතන්නේ ඒවා සුපිරියටම ඇහෙනවා මම හොඳ නම්
neutral,බොරුකියා
worry,ඉක්මනින් නින්ද ගියා
worry,රිෆන්ඩ් නෑ ඒත් ඒවා රිප්ට් කරනවා
hate,මම යනවා
worry,ගුවන් සේවා සුපිරි කොරයි
worry,මම ගිටාර් වලට ආදරෙයි ඒවා වාදනය කරනවා මම හිතන්නේ ඒවා විශිෂ්ටයි මම හොඳ නම් විතරයි
worry,කිසිවෙකු යන්නේ නැහැ
sadness,වැස්ස මැදින් ගෙදර යන්න එච්චර උනන්දුවක් නෑ
surprise,නෑ එයාලා හැමෝම නිදාගන්නේ මොකද එයාලා නැගෙනහිර වෙරළේ ජීවත් වෙන්නේ
worry,ඇත්තටම වේදනාව බ්ලෙච්
neutral,හූස්ටන් ටිකට්පත් තියෙන කෙනෙක් එක්ක අපිට හුවමාරු කරගන්න ඕන නමුත් කවුරුත් එහෙම කරන්නේ නැහැ
neutral,මම ආපහු එන්නම් මගේ සුභ පැතුම් දෙන්න
worry,මම තාම ජිම් එකේ යනවා
neutral,අනේ කමක් නෑ
happiness,දැන් මට කරන්න බැරි දෙයක්
sadness,ඒක මෙහෙ නෑ මමයි තාත්තයි බෑග් පැක් කරනකොට දවල් ඉඳන් මට දාඩිය දාල නෑ
neutral,මම ඉක්මනින් නිදාගත්තා
worry,රිවීව් ගිණුම් සතියක් වගේ යනවා හොරා හැක් කරන්නේ නැහැ කියලා බලාපොරොත්තු වෙනවා නැත්නම් ඒක පර්මබන්
worry,බර්නෙට් එළියට එනවා කිසිවෙකු යන්නේ නැති උතුරට යන එක
enthusiasm,සුභ උපන්දිනයක් වේවා ඔයාට නියම දවසක් ලැබේවා කියලා බලාපොරොත්තු වෙනවා ඊළඟ රෑ ඔයාව දැක්කෙ නෑ
neutral,මට බ්ලයි බස් එක මග හැරුණා
hate,ඔයාලා යන එක ගැන මම කොච්චර උද්යෝගිමත්ද කියලා මම හිතුවා ඒත් ඊට පස්සේ මට තේරුණා ඔයාලා යනවා දකින්න කොච්චර දුකද කියලා
worry,ඇත්තටම නිදිමත නැහැ කම්මැලියි ඒක තමයි හරි වචනය
sadness,වැස්ස මැදින් ගෙදර යන්න එච්චර ආසාවක් නෑ
worry,මම ගිටාර් වලට ආදරෙයි ඒවා වාදනය කරනවා මම හිතන්නේ මම හොඳ නම් ඒවා විශිෂ්ටයි
love,එකඟ වුණා
enthusiasm,මගේ ශුභවාදී බව අසා මට කණගාටුයි
neutral,අද උදේට වැඩ කරනවා
neutral,මෑතකදී මම ටොන් ගණනක් බර වැඩි කර ගත් ඔබේ මිතුරෙකුගෙන් එය මගේ අවධානයට ලක්ව ඇත ඔහු දැන සිටියේ නැහැ ඒ මම කියලා
worry,ඇගේ කර්ම ලකුණු බවට පත් වුණේ ඇයි කියලා පුදුමයි
worry,කවුරුත් ඒක අල්ලගත්තා කියලා හිතුවේ නැහැ
sadness,මට ඇත්තටම ගනුදෙනු කරන්න ඕන නෑ
hate,ඒක මාව අවුස්සනවා මට එරිකාගේ පස්සෙන් එන්න දෙන්නේ නැහැ
happiness,කවුරුත් ඒක අල්ලගෙන හිටියේ නෑ කියලා හිතුවේ නෑ
surprise,මට ගන්න වෙලාවක් නැහැ මට අලුත් බයින්ඩර් එකක් ඕනේ
neutral,මම ගිටාර් වලට ආදරෙයි ඒවා වාදනය කරනවා මම හිතන්නේ ඒවා විශිෂ්ට ලෙස ශබ්ද කරනවා මම වඩා හොඳ නම් පමණක් නම්
happiness,මොකද ගුවන් සේවා සුපිරි කොරයි
surprise,ගුවන් ටිකට්පත් මෙතරම් මිල අධික ඇයි
worry,මට කිසිම දෙයක් කරන්න බෑ
love,එය දීප්තිමත් විය ළඟපාත ගෑස් වැඩ අවසානයේ දැවැන්ත පිපිරීමක් සිදු විය
neutral,මෑතකදී මම ටොන් ගණනක් බර වැඩි කර ගත් ඔබේ මිතුරෙකුගෙන් එය මගේ අවධානයට ලක්ව ඇත ඔහු ඒ මම කියලා දැනගෙන හිටියේ නැහැ
sadness,ඩොක්ස් බෙහෙත් වට්ටෝරු වැඩ කරන්නේ නෑ කියලා
worry,අනේ අම්මලා උත්සාහ කරනවා
worry,සිකුරාදා රෑ ලයිට් වල පළමු කතාමාලාවේ නියමුවා හරහා යන්න මම උත්සාහ කරනවා
worry,මම ගිටාර් වලට ආදරෙයි ඒවා වාදනය කරනවා මම හිතන්නේ මම හොඳ නම් ඒවා සුපිරියටම ඇහෙනවා
sadness,මම මගේ වයස පෙන්වමින් අලුත් කළා මගේ ටැග් ගිය සතියේ වැටුණා මගේ රක්ෂණ අලුත් කිරීමේ ඊමේල් එක අද වැටුණා මට වයසට යන්න ඕන නැහැ
worry,මෙන්න මගේ ශුභවාදී බව අහන්න ලැබීම ගැන මට කණගාටුයි
worry,මගේ අම්මලා මට ඡන්දය දීම නවත්තලා දිනන්නේ නැති එක ගැන දැනෙන්න දෙන්න හදනවා මම ඇඬුවා වගේ
worry,ගෑණු ළමයෙක් මගේ සිතුවිලි වල හරිම මෝඩයි
worry,අව්වේ විනෝද වුණා හ්ම්ම් ඒක සීතලයි
worry,කාමරකරුවන් සමඟ චිලින්ගේ වැඩ කරන දිනය සොම්බි ක්ලවුන් සීආර් එනතුරු බලා සිටිය නොහැක සති ගණනක් ගතවනු ඇත
worry,ඇගේ රැඳවුම්කරුවන්ට හුස්ම හිර කළා
worry,මගේ එකම සහායකයා මගේ එකම සහායකයා නොවේ
surprise,ට්විටාස්කෝප් එක මගේ මේස් රොක් කරන්නේ නැහැ දැනටමත් යනවා
worry,මම දෙයක් කෑවා මම දන්නේ නැහැ ඒක මොකක්ද කියලා මම කෑම ගැන දේවල් කියන්නේ ඇයිමම ගොඩක් මහන්සියි මම හිතන්නේ මට අනිවාර්යයෙන්ම කන් ආසාදනයක් හැදෙයි කියලා මම හිතනවා නින්දට යනවා උපුටා දැක්වීම උපුටා දැක්වීම වරක්
sadness,හරි මගීන් කවුරුත් ජීවතුන් අතර නැහැ ඒ හැමෝම මැරිලා ඔයා ඒක දන්නේ නැහැ අන්තිම වෙනකම් ඔයා අඬනවා
sadness,ඔව් ඒකෙ භයානක කොකාටූස් තමයි ජීවත් වෙන්න අමාරුම දේ ඒක හරිම හැඟීම්බර හොඳ දෙයක් එයා ඔයාව හොයාගත්තා
neutral,ඔහ් ගිගුරුම් සහිත වැස්සක් ඇයි එයාලා හැම විටම විදුලිය විසන්ධි කරන්න ඕනේ
love,කෙල්ලෙක් දැන් මගේ සිතුවිලි වල හරිම මොට කෙනෙක් මට ආතතිය ඇති කරන දේවල් කිහිපයක් සමඟ නියම දවසක් ගත කළා ගෙදර එන්න
worry,ඒක නම් එපා
happiness,යෝජනාව අගය කරනවා දැන් සතියක් වෙනවා තාමත් මුදල් ආපසු ඉල්ලන්න කාලයයි
sadness,මම මෑතකදී ටොන් ගණනක් බර වැඩි කරගත්තා
